baselined_p1_scores,baselined_p2_scores,baselined_p3_scores,original_dialog_p1,original_dialog_p2,original_dialog_p3
,,0.0,,,5.803986549377441
1.7751903533935547,5.907487392425537,0.0,8.689339637756348,8.689339637756348,4.423679828643799
1.9796075820922852,4.87016224861145,0.0,6.234130859375,7.461735248565674,3.1507320404052734
-1.4552030563354492,4.122889518737793,0.2965047359466553,4.770368576049805,6.564613342285156,2.5005064010620117
-2.8407421112060547,3.3768856525421143,0.43523526191711426,3.035107135772705,5.682233810424805,2.3570711612701416
1.1893539428710938,3.2581090927124023,0.5343525409698486,5.916847229003906,5.729156494140625,2.593890905380249
-3.067957878112793,3.486614465713501,0.41854214668273926,9.961767196655273,6.434590816497803,2.1775829792022705
0.05651140213012695,3.322906970977783,0.46265077590942383,6.652529239654541,6.465724945068359,3.2973456382751465
-3.329806089401245,2.7287278175354004,0.38661789894104004,2.0311806201934814,5.911409378051758,3.1069624423980713
1.784928321838379,2.8203017711639404,0.5159410238265991,7.173860549926758,6.0516815185546875,2.386429786682129
-3.322713851928711,2.6180293560028076,0.5400600433349609,4.498693466186523,5.896382808685303,2.845097541809082
1.504826545715332,2.8325250148773193,0.5618422031402588,10.435959815979004,6.3090715408325195,2.610299825668335
2.6532936096191406,2.7806270122528076,0.4959280490875244,6.853411674499512,6.354433059692383,2.7447571754455566
-2.5886669158935547,2.6629695892333984,0.5174205303192139,6.135934829711914,6.337625503540039,2.616725444793701
-6.0299922823905945,2.3723952770233154,0.51902174949646,0.6700018048286438,5.932793140411377,3.081547975540161
-0.755293607711792,4.064858794212341,0.5616965293884277,2.7316577434539795,5.71938419342041,3.190930128097534
-6.2944337129592896,4.20927095413208,0.5443944931030273,1.5965698957443237,5.461711883544922,2.785505771636963
-3.5106823444366455,3.1511008739471436,0.5386419296264648,3.712689161300659,5.35882568359375,2.871429920196533
-3.2972664833068848,2.890540361404419,0.6305148601531982,2.723191261291504,5.212400436401367,3.0440893173217773
-1.0797719955444336,1.2871389389038086,0.5951664447784424,10.675305366516113,5.499921798706055,3.1016433238983154
-10.12939003109932,1.546971082687378,0.614303708076477,0.25844356417655945,5.237848281860352,2.5531766414642334
-1.206958293914795,1.1574039459228516,0.6151025295257568,5.610256195068359,5.255582332611084,3.3065648078918457
-2.88313627243042,0.9367833137512207,0.5562334060668945,5.051995754241943,5.246330738067627,2.8970930576324463
-0.865778923034668,0.8933815956115723,0.5545692443847656,6.3550310134887695,5.294535160064697,2.9794116020202637
-0.1880185604095459,2.9625537395477295,0.6117377281188965,3.5325469970703125,5.221117973327637,3.01539945602417
-4.952603697776794,3.1571664810180664,0.6287045478820801,1.2785545587539673,5.06341552734375,3.448533535003662
-0.45458269119262695,2.4515302181243896,0.6696276664733887,4.167859077453613,5.028970718383789,3.1716816425323486
-5.258093595504761,2.699626922607422,0.6117048263549805,1.085432767868042,4.882913589477539,3.253553867340088
-0.9015340805053711,2.4776434898376465,0.573899507522583,4.414941787719727,4.8662004470825195,3.175804615020752
1.4305953979492188,1.2451696395874023,0.5932562351226807,11.083719253540039,5.080597877502441,3.0021626949310303
-0.2727806568145752,1.346735954284668,0.7097840309143066,3.3693642616271973,5.023557186126709,3.4096622467041016
-3.0457842350006104,1.3766915798187256,0.7622110843658447,2.7086145877838135,4.948880672454834,3.9856040477752686
-6.2483426332473755,1.5682098865509033,0.6532864570617676,0.6058777570724487,4.813161849975586,3.0490565299987793
-2.8696341514587402,1.489964485168457,0.6837937831878662,2.931459426879883,4.75614070892334,3.8752834796905518
-2.7756168246269226,1.6085236072540283,0.7839453220367432,0.34063655138015747,4.6262736320495605,4.309590816497803
-5.630358345806599,1.7273480892181396,0.6557402610778809,0.09460293501615524,4.496797561645508,2.645841121673584
-5.07265692949295,1.775444746017456,0.7743524312973022,0.5799581408500671,4.387996196746826,2.6373157501220703
-2.2526092529296875,1.66036057472229,0.7357654571533203,4.513289451599121,4.391382217407227,3.3057339191436768
3.73226261138916,1.0076079368591309,0.7150235176086426,9.660682678222656,4.530048370361328,2.6020359992980957
3.872631549835205,4.521263122558594,-0.319749116897583,8.677541732788086,8.677541732788086,1.8124611377716064
-6.375487953424454,1.7747845649719238,-0.37667417526245117,0.4078420102596283,4.542691707611084,2.868438720703125
-4.392084655351937,0.9454972743988037,-0.44351887702941895,0.0070418743416666985,3.030808448791504,1.9121034145355225
-5.846968173980713,1.4680222272872925,-0.423404335975647,3.848362445831299,3.2351975440979004,1.6894766092300415
-4.8408637791872025,1.1219416856765747,-0.4515113830566406,0.06938974559307098,2.6020359992980957,2.2856905460357666
-0.43867015838623047,1.2089159488677979,-0.8557677268981934,6.533999443054199,3.2573630809783936,1.5845229625701904
-0.3559720516204834,1.2465581893920898,-0.7817620038986206,2.3019895553588867,3.1208813190460205,1.2898834943771362
-0.6915998458862305,1.6723639965057373,-0.8277921080589294,5.10047721862793,3.368330717086792,0.39911144971847534
-3.0896142721176147,-1.2183738946914673,-0.2015538215637207,1.7842117547988892,1.7842117547988892,2.6569390296936035
-5.298105396330357,-1.652579665184021,-0.33212971687316895,0.07647164911031723,0.9303444623947144,3.5173277854919434
-4.951291540637612,-1.6276602149009705,-0.2994575500488281,0.002709886059165001,0.6211329102516174,2.4148316383361816
-3.6163619309663773,-0.5782839953899384,0.1641838550567627,0.13040105998516083,0.4984499514102936,2.5637359619140625
-4.536297078244388,-0.16243886947631836,-0.21918368339538574,0.0017573880031704903,0.39911144971847534,2.450481414794922
-0.5851664543151855,-0.6130179166793823,-0.4673745632171631,3.67561674118042,0.9451956748962402,2.6730289459228516
-2.296508312225342,-1.0812441110610962,-0.575117826461792,4.840688228607178,1.5016945600509644,2.6251823902130127
-5.63250344991684,-0.7871557474136353,-0.5722053050994873,0.8644400238990784,1.4220377206802368,2.283428192138672
-2.583616256713867,-1.1970500946044922,-0.6010394096374512,9.58851432800293,2.3294241428375244,2.683133125305176
-7.717455625534058,-1.0737214088439941,-0.6727349758148193,2.4830658435821533,2.34478497505188,1.7547004222869873
0.23221564292907715,-0.929741382598877,-0.4831709861755371,1.3416980504989624,2.2535951137542725,2.762360095977783
-4.107481956481934,-0.8892247676849365,-0.6710977554321289,4.802159309387207,2.465975522994995,2.10653018951416
-2.4286376237869263,-0.7916655540466309,-0.5809624195098877,1.1317330598831177,2.3633413314819336,2.445443868637085
-3.5662708282470703,-0.7787721157073975,-0.6621348857879639,6.013439178466797,2.6240627765655518,2.0066287517547607
1.845475196838379,-0.3256194591522217,-0.5774143934249878,6.984450817108154,2.914755344390869,0.4481973648071289
-2.4942625761032104,0.15113019943237305,0.14964795112609863,1.4014149904251099,1.4014149904251099,2.7088398933410645
-7.8665730729699135,-0.46669405698776245,-0.11363029479980469,0.03842475265264511,0.7199198603630066,3.661942720413208
-5.967081292532384,-0.6292493045330048,0.06574487686157227,0.001369253732264042,0.48040297627449036,2.573702812194824
-5.580796420574188,-0.5768046379089355,-0.0652768611907959,0.7964227795600891,0.5594079494476318,2.627427816390991
-6.552314552245662,-0.6327188014984131,0.005285978317260742,0.003355232300236821,0.4481973648071289,2.8106422424316406
-1.9771747589111328,-0.13775861263275146,0.09031820297241211,4.676007270812988,1.1528323888778687,1.9248154163360596
-2.1828547716140747,-0.11341750621795654,0.06237602233886719,0.8511072397232056,1.1097309589385986,1.7945690155029297
-0.9664177894592285,0.0063402652740478516,0.09789204597473145,2.5826940536499023,1.2938514947891235,2.6503162384033203
-6.745966792106628,-0.2398008108139038,0.10148358345031738,1.328848958015442,1.29774010181427,2.260366201400757
-1.645444393157959,-1.1549381017684937,0.11069075763225555,4.929011821746826,1.6608670949935913,0.22326615452766418
-5.652257472276688,-0.09391653537750244,-0.7531805038452148,0.3494515120983124,0.3494515120983124,2.6717538833618164
-7.0309047270566225,-0.10500019788742065,-0.6276612281799316,0.013775868341326714,0.18161368370056152,3.5667080879211426
-5.932755913352594,-0.1050286814570427,-0.17287421226501465,0.0018725732807070017,0.1216999813914299,2.6456995010375977
-5.462550461292267,0.000438690185546875,0.3105194568634033,0.749860942363739,0.2787402272224426,2.6358494758605957
-3.375236615422182,-0.0020063817501068115,0.07150578498840332,0.001369848963804543,0.22326615452766418,2.7475669384002686
-0.5529210567474365,-0.1852535605430603,-0.11537861824035645,3.8932125568389893,0.8349239230155945,2.6126186847686768
-2.4860334396362305,-0.05141925811767578,-0.10222387313842773,5.149966239929199,1.4513585567474365,1.954472541809082
-1.8271160125732422,-0.17488408088684082,-0.12767481803894043,2.8384628295898438,1.624746561050415,1.6765409708023071
-2.80942440032959,-7.977926015853882,-0.11638307571411133,9.312352180480957,2.4789249897003174,1.5887789726257324
-0.9768388271331787,-3.877227544784546,-0.12486934661865234,1.3535683155059814,2.366389513015747,1.723657250404358
-4.385387897491455,-2.0074055194854736,-0.10406087338924408,1.7922539710998535,2.314195394515991,0.17329289019107819
-3.1893936693668365,0.0874415785074234,0.14713406562805176,0.3275206983089447,0.3275206983089447,2.771202802658081
-6.7419755309820175,0.006164133548736572,0.040175676345825195,0.01625944674015045,0.17189007997512817,3.7467827796936035
-4.794592383434065,-0.009660020470619202,0.28313708305358887,0.0013828248484060168,0.11505398154258728,2.6280510425567627
-6.063739895820618,-0.15797916054725647,0.1306288242340088,0.5197361707687378,0.2162245213985443,2.6416263580322266
-4.858073746669106,-0.1411125808954239,0.11539411544799805,0.001566374790854752,0.17329289019107819,2.5134222507476807
-3.2487330436706543,-0.09729504585266113,0.03551280498504639,6.2736592292785645,1.1900206804275513,1.6600677967071533
-1.9817309379577637,-0.05188751220703125,0.04754054546356201,3.368826389312744,1.5012786388397217,0.2744194269180298
-3.6039735078811646,-2.866897702217102,-0.006112098693847656,0.7699593305587769,0.7699593305587769,2.7421457767486572
-3.9970760149881244,-2.887578070163727,0.005059480667114258,0.015605946071445942,0.39278262853622437,3.559741973876953
-5.561066331923939,-2.7155224680900574,0.4534587860107422,0.0016568278660997748,0.2624073624610901,2.6473851203918457
-8.976407170295715,-2.402472734451294,-0.05329012870788574,0.5835846662521362,0.34270167350769043,2.593207836151123
-5.095943330205046,-2.2514253854751587,0.0472867488861084,0.0012904420727863908,0.2744194269180298,2.6008408069610596
0.29445934295654297,-1.1388800144195557,-0.02690255641937256,9.53060531616211,1.8171186447143555,1.7472622394561768
-4.831524133682251,-1.0784730911254883,-0.10457170009613037,2.5988032817840576,1.9287879467010498,1.3443853855133057
-1.882047176361084,-0.7837955951690674,0.03187866508960724,4.006633281707764,2.188518524169922,0.19237157702445984
-5.917833238840103,-0.940136581659317,0.028072357177734375,0.2909451425075531,0.2909451425075531,2.84320068359375
-8.212994113564491,-1.0513778626918793,0.014898538589477539,0.008531078696250916,0.1497381031513214,3.6341655254364014
-4.784730212413706,-1.07149588316679,0.20811820030212402,0.001209481037221849,0.10022855550050735,2.498309373855591
-8.64964246749878,-0.9215883612632751,0.0432741641998291,0.6595311164855957,0.240054190158844,2.593973159790039
-6.579201853601262,-0.9491640627384186,-0.062478065490722656,0.0016411182004958391,0.19237157702445984,2.417614459991455
-3.6933846473693848,-0.44337165355682373,0.06423544883728027,3.684934139251709,0.7744653224945068,2.2783496379852295
-1.5369377136230469,-3.4744783639907837,0.08921051025390625,3.605696201324463,1.1789268255233765,2.37396502494812
-1.6295874118804932,-2.22659170627594,0.14155793190002441,2.2302510738372803,1.3103424310684204,2.812532424926758
-2.854552745819092,-2.2126649618148804,0.1335747241973877,3.2471213340759277,1.5255399942398071,2.0273067951202393
-4.070360064506531,-1.5471737384796143,0.10702061653137207,0.5124675035476685,1.4242327213287354,1.9208576679229736
-1.4849328994750977,-1.7006208896636963,0.1264585256576538,4.807562828063965,1.7318081855773926,2.0184218883514404
-1.1605033874511719,-1.8134644031524658,0.10374712944030762,8.140466690063477,2.2658631801605225,2.4387614727020264
-3.5473361015319824,-1.9627652168273926,0.07965028285980225,7.271615505218506,2.650920867919922,1.8508431911468506
-1.123136043548584,-1.6953551769256592,0.12022829055786133,2.9472384452819824,2.672086477279663,2.3704819679260254
-3.197325348854065,1.8543272018432617,0.15989923477172852,0.9293731451034546,2.55590558052063,2.528658390045166
-3.9051713943481445,0.01014566421508789,0.15027689933776855,4.624675750732422,2.685206174850464,2.498201608657837
-4.83955192565918,0.31867504119873047,0.1150813102722168,2.2476000785827637,2.6594645977020264,2.227456569671631
-5.987015962600708,0.40232110023498535,0.12204408645629883,2.511474370956421,2.651242971420288,2.279322624206543
-2.2841854095458984,0.4408237934112549,0.1226656436920166,2.0736780166625977,2.620844841003418,2.20249605178833
-5.740074425935745,0.5925107002258301,0.16483092308044434,0.444778174161911,2.5120415687561035,2.627736806869507
-3.494256377220154,0.6176246404647827,0.1613609790802002,1.2106095552444458,2.450068473815918,2.8394551277160645
-5.874033570289612,0.6505634784698486,0.09084928035736084,0.9104617834091187,2.3800864219665527,1.72782301902771
-3.273938775062561,0.5999351739883423,0.07291674613952637,1.642799735069275,2.3480303287506104,1.7702268362045288
-2.8180251121520996,0.42611098289489746,0.07053446769714355,5.383493900299072,2.474508047103882,1.6213922500610352
-1.516632080078125,0.48850083351135254,0.09336280822753906,1.5773766040802002,2.4386229515075684,2.2701029777526855
-1.8271963596343994,0.42992281913757324,0.09923601150512695,2.7284305095672607,2.4497694969177246,2.780902862548828
-5.872483611106873,0.48322582244873047,0.08270859718322754,0.5751100778579712,2.3803374767303467,2.598325490951538
-2.865001678466797,0.4083280563354492,0.09272098541259766,3.2724523544311523,2.412198781967163,2.4180092811584473
-1.517758846282959,0.42972469329833984,0.04764389991760254,3.9272541999816895,2.464442014694214,3.0063912868499756
1.784989833831787,0.1489112377166748,0.09509125351905823,7.609689235687256,2.6359503269195557,0.5677431225776672
-3.274879217147827,0.7781256437301636,-0.05892777442932129,1.8364250659942627,1.8364250659942627,2.8094873428344727
-5.514989799819887,0.07957404851913452,0.040917158126831055,0.01167111936956644,0.9240480661392212,3.561627149581909
-6.177022951422259,-0.08670663833618164,0.3357429504394531,0.0015549485106021166,0.6165503859519958,2.81937575340271
-3.951110363006592,0.024395883083343506,-0.06235074996948242,0.9876437187194824,0.7093237042427063,2.6278913021087646
-4.645986970397644,-0.031929194927215576,-0.09629559516906738,0.001420561340637505,0.5677431225776672,2.4963936805725098
-2.350694179534912,-4.7058587074279785,-0.12321019172668457,4.775222301483154,1.2689895629882812,2.5407137870788574
-5.662540972232819,-2.0984002351760864,-0.1647801399230957,0.4227403998374939,1.1480969190597534,2.240504741668701
-0.6482934951782227,-1.6672708988189697,-0.11783234775066376,4.962498188018799,1.6248970031738281,0.24742944538593292
-4.014076590538025,-2.0102399587631226,0.1995406150817871,0.8576036691665649,0.8576036691665649,2.9891905784606934
-6.1358416099101305,-2.262578547000885,0.1750495433807373,0.006616352126002312,0.4321100115776062,3.5892016887664795
-4.641290693311021,-2.2689793407917023,0.16759967803955078,0.002084703417494893,0.2887682616710663,2.6069769859313965
-5.850461453199387,-2.148147851228714,-0.0374751091003418,0.3690190613269806,0.30883094668388367,2.4997920989990234
-6.346063608420081,-2.089777633547783,-0.09041523933410645,0.0018234307644888759,0.24742944538593292,2.439832925796509
1.7542014122009277,-1.0281437635421753,-0.10069417953491211,7.528670787811279,1.4609695672988892,2.309159278869629
-1.090622901916504,-0.40032339096069336,-0.009858846664428711,7.848862648010254,2.373525857925415,2.10661244392395
-3.7891345024108887,-0.37446069717407227,-0.11350655555725098,2.5375494956970215,2.394028902053833,0.1707352101802826
-4.005451947450638,-4.123984128236771,0.15392374992370605,0.25334760546684265,0.25334760546684265,2.626481533050537
-4.532744113355875,-3.535640463232994,-0.0937507152557373,0.012274559587240219,0.13281108438968658,3.5529701709747314
-4.47461117291823,-3.0476914569735527,0.2284984588623047,0.001471152063459158,0.08903110772371292,2.8761918544769287
-4.393732368946075,-2.787462145090103,-0.06466221809387207,0.5845906138420105,0.21292099356651306,2.6379740238189697
-6.711353499209508,0.16354514425620437,-0.04277777671813965,0.0019920284394174814,0.1707352101802826,2.5875566005706787
-1.3320341110229492,-2.2575907111167908,-0.033672332763671875,4.567174911499023,0.9034751057624817,2.465363025665283
-3.7590363025665283,-2.239454507827759,0.09007620811462402,3.5724503993988037,1.284757375717163,2.360043525695801
-4.32846999168396,-2.674500823020935,0.18489955365657806,1.6701328754425049,1.332929253578186,0.3410736918449402
-4.338615342974663,-3.330472871661186,-0.1217660903930664,0.1620083600282669,0.1620083600282669,2.421422243118286
-2.2732756389304996,-2.5322770848870277,0.043129682540893555,0.01258609164506197,0.087297223508358,3.7258007526397705
-4.823272116133012,-2.0329222939908504,0.24478459358215332,0.0012017417466267943,0.058598730713129044,2.8317627906799316
-5.331307530403137,-1.5540204048156738,-0.009408712387084961,1.5273383855819702,0.425783634185791,2.710573673248291
-2.4222755369264632,-1.3476911187171936,-0.1567392349243164,0.0022339883726090193,0.3410736918449402,2.560497283935547
-1.8173828125,-0.9880556464195251,-0.036223411560058594,3.2154974937438965,0.8201443552970886,2.151768207550049
-2.619248390197754,-0.9203964471817017,-0.10483357310295105,2.447269916534424,1.0525908470153809,0.2063126564025879
-4.972347617149353,-1.5447485446929932,0.11492609977722168,0.27647650241851807,0.27647650241851807,2.8733654022216797
-2.8275603079237044,-1.5851796865463257,-0.0455327033996582,0.0058337426744401455,0.14115512371063232,3.51747465133667
-3.4951397363329306,-1.5400465428829193,0.1778273582458496,0.001476865611039102,0.09459570050239563,2.720992088317871
-4.720964074134827,-1.3619292378425598,-0.08045172691345215,0.7463973760604858,0.2575461268424988,2.59916615486145
-5.563136813347228,0.20276247570291162,-0.08780527114868164,0.001378777320496738,0.2063126564025879,2.5522780418395996
0.7642025947570801,-1.6657655239105225,-0.08506417274475098,5.055258750915527,1.0144703388214111,2.368511199951172
-1.693199634552002,-2.0718733072280884,-0.017265349626541138,4.18547248840332,1.4674707651138306,0.2640259265899658
-2.091078996658325,-0.2539949417114258,0.05750226974487305,1.0391044616699219,1.0391044616699219,2.5403923988342285
-5.1724146120250225,-0.648297131061554,0.11836886405944824,0.019116569310426712,0.5291104912757874,3.6051032543182373
-6.362482511904091,-0.7430601418018341,0.11001729965209961,0.0019946456886827946,0.3534052073955536,2.43802547454834
-4.625006228685379,-0.7946595847606659,0.28246140480041504,0.25619837641716003,0.3291034996509552,2.9926161766052246
-5.924360495526344,-0.7813942432403564,-0.059320688247680664,0.0037114801816642284,0.2640259265899658,2.6827547550201416
0.02412128448486328,-0.3312056064605713,0.1210014820098877,4.779257774353027,1.0165644884109497,2.4580841064453125
-3.1693058013916016,0.1283203363418579,0.16338729858398438,5.4064788818359375,1.6436951160430908,1.9733598232269287
-5.21980619430542,0.31340909004211426,0.0624767541885376,7.106614589691162,2.3265600204467773,1.655726671218872
-4.361208915710449,0.7005021572113037,0.14085793495178223,2.1593518257141113,2.307981252670288,2.0973992347717285
-1.642730951309204,-0.46541357040405273,0.08277320861816406,2.5869767665863037,2.335880756378174,1.5115777254104614
-2.1403281688690186,-0.56125807762146,0.058624267578125,2.7599217891693115,2.374429941177368,2.6213393211364746
-2.078624725341797,-0.7015886306762695,0.15858173370361328,2.78048038482666,2.4082677364349365,2.8327243328094482
-3.360196590423584,-0.9520590305328369,0.09143853187561035,4.9707512855529785,2.605381965637207,2.7487635612487793
1.732865810394287,-0.9278781414031982,0.08406209945678711,6.041430473327637,2.8508141040802,2.0810139179229736
-0.01542806625366211,-0.6802654266357422,0.09096980094909668,4.067410469055176,2.931920289993286,2.312610387802124
-2.7921199798583984,-0.6031346321105957,0.09110140800476074,2.694561004638672,2.9170854091644287,3.7684600353240967
-5.738027386367321,2.700226068496704,0.09123826026916504,0.01497621089220047,2.746373176574707,2.168874502182007
-4.560655236244202,2.3176860213279724,0.0856771469116211,0.8187531232833862,2.6392831802368164,2.4609577655792236
-2.696596145629883,0.32901692390441895,0.04185652732849121,5.502340316772461,2.7899703979492188,2.4698050022125244
-3.824477434158325,0.20310044288635254,0.08936631679534912,2.9319570064544678,2.797069787979126,0.3681761920452118
-3.5715338587760925,-0.932075560092926,0.03626728057861328,0.7311976552009583,0.7311976552009583,2.4741873741149902
-4.898317959159613,-1.2399751245975494,-0.055921077728271484,0.020042750984430313,0.3756202161312103,3.607520341873169
-3.350436160573736,-1.3171883821487427,0.15181589126586914,0.0010448002722114325,0.2507617473602295,2.604227066040039
-4.06455659866333,-1.078413188457489,-0.20995235443115234,1.0862317085266113,0.45962923765182495,2.4153027534484863
-5.016641313908622,-1.1335845291614532,-0.24336671829223633,0.0023639847058802843,0.3681761920452118,2.419170379638672
-0.4197683334350586,-0.1609107255935669,-0.12919139862060547,6.923192024230957,1.4606789350509644,2.2817511558532715
-2.7800047397613525,-0.0008625984191894531,0.10859620571136475,3.0245888233184814,1.6840951442718506,0.3257235586643219
-3.5011729300022125,-0.7519220411777496,-0.05960273742675781,0.1947847306728363,0.1947847306728363,2.5324158668518066
-7.317603698000312,-0.7813376262784004,0.07582688331604004,0.009773144498467445,0.1022789403796196,3.7053236961364746
-5.595391592301894,-0.7695834338665009,0.24430418014526367,0.0007983834366314113,0.06845209002494812,2.7270114421844482
-5.514499187469482,-0.5145433843135834,-0.09755182266235352,1.421431064605713,0.4066968262195587,2.4900872707366943
-3.0157929732231423,-0.14035966992378235,-0.1535634994506836,0.001830451306886971,0.3257235586643219,2.5439984798431396
-0.7053127288818359,-0.8715254068374634,-0.16457438468933105,5.374837875366211,1.1672426462173462,1.9900379180908203
-7.92667818069458,-2.6925227642059326,-0.07454359531402588,5.519790172576904,1.7890350818634033,1.9348255395889282
-1.4863131046295166,-2.2906993627548218,-0.05640769004821777,2.4264466762542725,1.8687115907669067,2.0057334899902344
-2.204984188079834,-2.180678129196167,-0.035366058349609375,4.5259199142456055,2.163956880569458,2.2168033123016357
-3.883636951446533,-1.8625075817108154,-0.010358333587646484,1.886664867401123,2.13622784614563,2.5528757572174072
-6.14832866191864,-1.7089102268218994,0.039808034896850586,1.9805155992507935,2.122072219848633,2.2074973583221436
-4.309198379516602,-3.043273448944092,0.03980541229248047,4.1731157302856445,2.29299259185791,2.3174386024475098
-5.368422508239746,-0.9718236923217773,0.06121492385864258,1.1175365447998047,2.202572822570801,2.397871732711792
-2.9697487354278564,-0.7998054027557373,-0.026212215423583984,2.5931575298309326,2.2304718494415283,2.191376209259033
-0.13687419891357422,-0.5944168567657471,0.02791452407836914,2.633237361907959,2.2573227882385254,2.32507061958313
-3.752739429473877,-0.5479159355163574,0.027887821197509766,2.0123496055603027,2.242011785507202,3.4546399116516113
-0.8656144142150879,-0.8298027515411377,0.062195539474487305,5.124483108520508,2.411569118499756,2.6250197887420654
-5.583271741867065,-0.708991527557373,0.052641868591308594,2.462913751602173,2.414421558380127,2.25309681892395
2.760687828063965,-0.8779430389404297,0.05139923095703125,7.2446441650390625,2.6686437129974365,1.7680940628051758
-1.0092835426330566,-0.8575448989868164,0.08153271675109863,3.554694652557373,2.7129464149475098,2.52850079536438
0.5734691619873047,-0.8828299045562744,0.03721305727958679,6.291074752807617,2.883333444595337,0.5027416944503784
-0.1296067237854004,-0.5197577476501465,0.0051975250244140625,1.6734850406646729,1.6734850406646729,2.8792052268981934
-6.381165079306811,-1.1708499193191528,-0.07702064514160156,0.005286641884595156,0.8393858671188354,3.560959577560425
-4.839528939919546,0.5588401013519615,0.24431681632995605,0.0008708022069185972,0.5598808526992798,2.741926431655884
-4.1498448848724365,-0.015988171100616455,-0.13977766036987305,0.8323280811309814,0.6279926300048828,2.466578245162964
-5.066524586291052,0.06404170393943787,-0.16434645652770996,0.0017379907658323646,0.5027416944503784,2.3903491497039795
-3.908902883529663,-0.7626071572303772,-0.06235957145690918,3.2289750576019287,0.9571139216423035,1.8866844177246094
-1.227290153503418,-0.42299342155456543,-0.13742542266845703,3.0832366943359375,1.2608457803726196,2.200303792953491
-1.8975977897644043,-0.23849213123321533,0.01682618260383606,4.4644036293029785,1.6612904071807861,0.30713948607444763
-5.819508910179138,-1.1354786157608032,-0.012959957122802734,0.5479408502578735,0.5479408502578735,2.509654998779297
-8.065809096209705,-1.3367420136928558,0.07067036628723145,0.011259232647716999,0.27960005402565,3.7147393226623535
-5.121879894984886,0.18616564571857452,0.12955331802368164,0.0009342834819108248,0.18671147525310516,2.677732467651367
-5.196842312812805,0.2315444052219391,-0.07358813285827637,0.9738816022872925,0.3835039734840393,2.560817003250122
-7.063757165335119,0.18498104810714722,-0.19458699226379395,0.0016815820708870888,0.30713948607444763,2.414793014526367
-1.1017708778381348,-0.9566432237625122,-0.030064105987548828,7.426903247833252,1.4937669038772583,1.9766533374786377
-1.9951887130737305,-0.8196197748184204,-0.08693790435791016,3.567790985107422,1.7900561094284058,2.615948438644409
-0.2865571975708008,-0.8890440464019775,-0.06545710563659668,11.664691925048828,3.024385452270508,1.973893165588379
-1.3661251068115234,-0.8693466186523438,-0.06712508201599121,6.4550275802612305,3.4055681228637695,1.8459138870239258
-2.4828407764434814,-0.5454554557800293,-0.09264612197875977,3.120847463607788,3.3770956993103027,1.6090452671051025
-3.2003729343414307,-0.489363431930542,-0.056458234786987305,1.8062107563018799,3.234287977218628,2.149077892303467
-1.045630693435669,-0.5360434055328369,-0.05751824378967285,2.4242939949035645,3.166788339614868,2.4233038425445557
-3.6100192070007324,-0.5138616561889648,-0.05030989646911621,2.266186237335205,3.0975112915039062,2.3469624519348145
-2.005380153656006,-0.44029760360717773,-0.08283138275146484,4.43298864364624,3.1929023265838623,2.173806667327881
-4.314675807952881,-0.3732638359069824,-0.05007147789001465,0.7494206428527832,3.030003547668457,2.192023992538452
-1.6894168853759766,-0.36352968215942383,-0.03682446479797363,3.002509593963623,3.028285264968872,1.809266448020935
-2.2316346168518066,-0.3482544422149658,-0.11205077171325684,4.843953609466553,3.135089159011841,2.3967299461364746
-2.617091178894043,-0.26584839820861816,-0.09682917594909668,8.060112953186035,3.4087016582489014,2.394651174545288
-3.3449654579162598,-0.2767672538757324,-0.08261466026306152,2.340026378631592,3.3524556159973145,2.3008384704589844
-2.8938900232315063,-0.23302721977233887,-0.09217548370361328,1.9513052701950073,3.282397747039795,2.510465621948242
-8.640522003173828,-0.19561123847961426,-0.10116076469421387,2.6825313568115234,3.2538328170776367,1.863668441772461
-0.9768710136413574,-0.19324040412902832,-0.08361697196960449,1.6465814113616943,3.1807761192321777,1.853975534439087
-2.118316650390625,-0.13324332237243652,-5.042552947998047e-05,3.7281246185302734,3.2045738697052,1.5787650346755981
-4.07612681388855,-0.1560220718383789,-0.10608982294797897,1.157074213027954,3.1192615032196045,0.035492904484272
-3.7202702090144157,-1.7621980234980583,0.3542003631591797,0.0655183270573616,0.0655183270573616,2.8411829471588135
-3.9749818900600076,-1.222263414412737,-0.05754971504211426,0.014399661682546139,0.03995899483561516,3.716482162475586
-5.209849735139869,-1.0840606093406677,0.3639380931854248,0.0007186928996816278,0.02687889337539673,2.929792642593384
-6.040480434894562,-1.0937063992023468,-0.07876062393188477,0.0945541262626648,0.043797701597213745,2.5228793621063232
-2.612211787607521,-0.8885500952601433,-0.11942243576049805,0.0022737146355211735,0.035492904484272,2.5197200775146484
-0.6320934295654297,-0.27115118503570557,-0.04581189155578613,7.360200881958008,1.2562775611877441,2.3856911659240723
-10.304070472717285,0.6622448563575745,-0.017879247665405273,2.196993827819824,1.3906656503677368,1.6403385400772095
-4.976306676864624,0.4812511205673218,0.17886126041412354,2.3186161518096924,1.5066593885421753,0.35783085227012634
-2.884790927171707,-2.1142649948596954,-0.04589104652404785,0.0749957263469696,0.0749957263469696,2.400958299636841
-6.996591600589454,-1.9583961069583893,0.06223130226135254,0.009813752956688404,0.042404741048812866,3.6526293754577637
-6.952938793110661,-1.8309169057756662,0.2168874740600586,0.0010898133041337132,0.028633689507842064,2.7727808952331543
-2.2942343950271606,-1.272493302822113,-0.06671881675720215,1.7011464834213257,0.4467619061470032,2.5272836685180664
-4.493556932080537,-1.269223839044571,-0.16431045532226562,0.0021067108027637005,0.35783085227012634,2.5404467582702637
-1.8378348350524902,-0.9568143486976624,-0.1359257698059082,2.426088809967041,0.7025405764579773,2.4766833782196045
-2.3754844665527344,-0.11990714073181152,-0.07820010185241699,8.877725601196289,1.8704241514205933,2.908876895904541
3.116180419921875,0.52602219581604,-0.12162947654724121,12.09193229675293,3.1481122970581055,2.20066237449646
0.9211187362670898,1.0683186054229736,-0.042179107666015625,12.663158416748047,4.2053399085998535,2.2145323753356934
-10.412102699279785,1.0845561027526855,-0.008868217468261719,3.688060760498047,4.15361213684082,2.2843830585479736
-1.026082992553711,0.9736356735229492,0.0037202835083007812,2.957625150680542,4.044886112213135,2.2270686626434326
-4.552918434143066,0.8285207748413086,-0.04280567169189453,2.4708638191223145,3.91371750831604,2.2787086963653564
-2.386892318725586,0.7802026271820068,0.0032563209533691406,4.02116584777832,3.921982765197754,1.9955689907073975
-0.6293001174926758,0.8154520988464355,-0.1059103012084961,5.351781368255615,4.024111270904541,2.461379051208496
0.9488964080810547,0.8929767608642578,0.04231667518615723,7.984947204589844,4.2881669998168945,2.229804277420044
-2.057690143585205,0.872279167175293,-0.03821086883544922,3.7616372108459473,4.255258560180664,0.26160866022109985
-3.86409854888916,-1.3759225606918335,0.103302001953125,0.5316867828369141,0.5316867828369141,2.5643868446350098
-7.390670783817768,-1.569879174232483,-0.09586477279663086,0.0159449502825737,0.2738158702850342,3.57475209236145
-4.6138993164058775,-1.601722702383995,0.3116154670715332,0.0009411911014467478,0.18285764753818512,2.9090676307678223
-3.9452494382858276,-0.1756877899169922,-0.0306854248046875,0.7568994760513306,0.3263680934906006,2.456087589263916
-4.933926790487021,0.016587257385253906,-0.13336753845214844,0.0025708978064358234,0.26160866022109985,2.650425434112549
-1.6502628326416016,-0.5675084590911865,-0.08096885681152344,6.38560676574707,1.2822750806808472,2.1777803897857666
-2.097593069076538,-0.356062650680542,-0.028295278549194336,2.0072824954986572,1.3858474493026733,2.427032232284546
-2.0771405696868896,0.04734814167022705,0.09748989343643188,3.6656410694122314,1.6708216667175293,0.26575079560279846
-2.761529564857483,-3.6225517988204956,-0.043964385986328125,0.15994131565093994,0.15994131565093994,2.5820183753967285
-4.081913122907281,-2.938585050404072,0.059375762939453125,0.008488526567816734,0.08421491831541061,3.746380567550659
-6.068383545207325,-2.4678719379007816,0.21511626243591309,0.0008102948195300996,0.056413378566503525,2.70070481300354
-5.924666166305542,-1.8918973505496979,-0.01867365837097168,1.1572849750518799,0.33163127303123474,2.530381679534912
-5.109963280148804,-1.6761280000209808,-0.08255147933959961,0.0022288737818598747,0.26575079560279846,2.6241049766540527
-2.2183542251586914,-4.8567089438438416,-0.09424114227294922,4.474207878112793,0.9671602845191956,1.727478265762329
-3.719386100769043,-3.8205498456954956,-0.061371803283691406,4.363847732543945,1.4524012804031372,1.7041561603546143
-0.7775741815567017,-2.497191071510315,-0.07194018363952637,1.5931631326675415,1.4699965715408325,2.0932259559631348
-2.4520227909088135,-2.2954689264297485,-0.03996729850769043,2.836817502975464,1.6218656301498413,2.329155445098877
-2.7218902111053467,-1.9162867069244385,-0.0462646484375,1.6319987773895264,1.6228787899017334,2.3496363162994385
-4.3681640625,-1.7611637115478516,0.0714406967163086,4.639512062072754,1.897118330001831,2.690814256668091
-3.3274779319763184,-1.8692851066589355,0.04682350158691406,4.134197235107422,2.0835416316986084,2.4811811447143555
-3.788660764694214,-1.865847110748291,-0.040024518966674805,3.2939674854278564,2.1766510009765625,2.2066121101379395
-1.2210543155670166,-1.6660172939300537,-0.0031235218048095703,2.3996641635894775,2.1925806999206543,2.4238290786743164
0.21700334548950195,-1.6111342906951904,-0.0761270523071289,6.095700263977051,2.4527885913848877,2.345808506011963
-6.048442870378494,-1.4017081260681152,-0.024115562438964844,0.49965378642082214,2.3307175636291504,2.459207773208618
-3.2675578594207764,-1.2392959594726562,-0.054212093353271484,1.744889497756958,2.296257257461548,2.528657913208008
-6.722666263580322,-1.1450576782226562,-0.09586858749389648,1.6123042106628418,2.2582597732543945,2.39817476272583
-5.475876480340958,-1.0304527282714844,-0.08383560180664062,0.39291509985923767,2.160083770751953,2.816554546356201
-1.9802474975585938,-0.9911813735961914,-0.01265406608581543,7.038821220397949,2.4040207862854004,2.380005359649658
-1.889183759689331,-0.9415562152862549,-0.0682978630065918,1.9036223888397217,2.380192279815674,2.724093437194824
-2.9774904251098633,-0.8700380325317383,-0.001661062240600586,2.891092300415039,2.4034149646759033,2.607308864593506
-5.436446189880371,-0.8832948207855225,-0.010697364807128906,7.209873199462891,2.612391233444214,2.4524178504943848
-2.4837660789489746,-0.8540096282958984,-0.051805973052978516,3.2057347297668457,2.6371138095855713,2.471187114715576
-6.750376708805561,-0.7778537273406982,-0.04598546028137207,0.0975022241473198,2.535529375076294,2.0487589836120605
-2.238634467124939,0.8951021432876587,0.010022401809692383,1.26180899143219,2.4865403175354004,2.4695756435394287
-4.336138010025024,0.17836833000183105,-0.04566216468811035,1.9499685764312744,2.466667413711548,2.3492720127105713
-3.336881399154663,-0.25705957412719727,-0.08059421181678772,2.9849908351898193,2.4851787090301514,0.0722305178642273
-4.203718289732933,-2.8969729989767075,0.22211146354675293,0.1789339929819107,0.1789339929819107,2.7573933601379395
-4.3583557810634375,-2.463108479976654,-0.10224390029907227,0.009517887607216835,0.0942259430885315,3.636568784713745
-6.117967860598583,-2.13491602987051,0.14659452438354492,0.0007140470552258193,0.06305531412363052,2.8569746017456055
-4.819872289896011,-1.885488286614418,-0.05464673042297363,0.16970309615135193,0.08971725404262543,2.5360796451568604
-3.712331281742081,-1.6862004399299622,-0.19967889785766602,0.002283586421981454,0.0722305178642273,2.5309081077575684
-0.5441055297851562,-0.8575201034545898,-0.2206178903579712,10.23336410522461,1.7657527923583984,1.7039827108383179
-4.716442108154297,-0.8959828615188599,-0.2306310534477234,1.0571823120117188,1.664528489112854,0.10979068279266357
-4.988868825137615,-0.8976457640528679,0.09283685684204102,0.054534800350666046,0.054534800350666046,2.6219918727874756
-2.96336360136047,-0.6024702526628971,0.1363081932067871,0.004514501895755529,0.029524650424718857,3.766572952270508
-3.3323814377654344,-0.4670721646398306,0.0323026180267334,0.0007853999268263578,0.019944900646805763,2.7307167053222656
-5.814248263835907,-0.4390849322080612,-0.0019550323486328125,0.4863899350166321,0.13655616343021393,2.5547280311584473
-5.481824071379378,-0.37047556042671204,-0.03210783004760742,0.0027287888806313276,0.10979068279266357,2.693392753601074
-1.7686271667480469,-0.2819269895553589,-0.0715787410736084,2.519839286804199,0.5114654898643494,2.2459211349487305
-3.01654314994812,-0.4108167290687561,-0.16212351620197296,2.606895685195923,0.8108126521110535,0.09542052447795868
-3.470969408750534,-1.542869657278061,0.16783809661865234,0.14231017231941223,0.14231017231941223,2.7646641731262207
-6.748100630007684,-1.559855856001377,-0.0629117488861084,0.004080423153936863,0.07319530099630356,3.622532606124878
-4.407373335736338,-1.5411292649805546,0.10029816627502441,0.0008765193051658571,0.049089040607213974,2.7815332412719727
-8.450852274894714,-1.4443941414356232,-0.13686394691467285,0.3278142213821411,0.11877033114433289,2.5627636909484863
-5.533869761042297,0.0922637244220823,-0.1163034439086914,0.002021295018494129,0.09542052447795868,2.677410840988159
-2.1502089500427246,-3.1643563508987427,-0.1335773468017578,6.5168843269348145,1.165664553642273,2.368772029876709
-11.567603886127472,-1.9268685579299927,-0.33218181133270264,0.48695963621139526,1.0687066316604614,1.5941882133483887
-0.7787270545959473,-1.107343077659607,-0.05747532844543457,2.6079254150390625,1.2611089944839478,2.1374459266662598
-4.122325897216797,-0.6889853477478027,0.026671141386032104,1.2651314735412598,1.2615559101104736,0.25855860114097595
-5.252159118652344,-1.9281818866729736,-0.025255918502807617,0.15324831008911133,0.15324831008911133,2.534703493118286
-7.78418696206063,0.07785446918569505,0.07949542999267578,0.006616470403969288,0.07993239164352417,3.826998233795166
-7.204173298086971,0.05217784538399428,-0.05516362190246582,0.000811366830021143,0.05355871841311455,2.734025239944458
-4.881401896476746,-0.06804552674293518,-0.013801336288452148,1.1278129816055298,0.3221222758293152,2.517559051513672
-5.24760816199705,-0.0328039824962616,-0.04196572303771973,0.004303955007344484,0.25855860114097595,2.6762614250183105
-0.038416385650634766,-0.2696915864944458,-0.04968380928039551,6.59926176071167,1.3153424263000488,2.3826355934143066
0.33935117721557617,-0.46778321266174316,-0.0002970695495605469,4.0628228187561035,1.7078397274017334,2.449298143386841
-2.580991268157959,-0.38591468334198,-0.031818687915802,3.0593557357788086,1.8767791986465454,0.1471787691116333
-2.7019204050302505,-2.6803959757089615,0.002583026885986328,0.14598236978054047,0.14598236978054047,2.86421799659729
-7.598184468224645,0.06933326879516244,-0.1143491268157959,0.003087161108851433,0.07453476637601852,3.708752393722534
-5.698240873171017,0.04675703588873148,-0.036234378814697266,0.0006860524881631136,0.0499185286462307,2.8881592750549316
-6.319605886936188,0.04927721619606018,-0.21442461013793945,0.5840834975242615,0.18345977365970612,2.572350025177002
-3.0400280619505793,0.04597931355237961,-0.1844482421875,0.002054724609479308,0.1471787691116333,2.8300108909606934
-0.06327438354492188,0.18142485618591309,-0.09463858604431152,10.976158142089844,1.9520087242126465,2.253643274307251
-3.9708590507507324,0.21861052513122559,-0.08252143859863281,3.284310817718506,2.1423375606536865,2.0921146869659424
-0.9248174428939819,0.24283826351165771,0.030223369598388672,1.2184022665023804,2.026845693588257,2.435582160949707
-4.562232494354248,0.32692384719848633,0.16176842153072357,1.239671230316162,1.9393819570541382,0.3527698218822479
-4.926193363964558,-1.7925478294491768,-0.03213095664978027,0.08402811735868454,0.08402811735868454,2.5681023597717285
-7.612617891514674,-1.5711058638989925,0.06418609619140625,0.003821927821263671,0.04392502084374428,3.8250038623809814
-4.798299423244316,-1.379207944497466,0.10287785530090332,0.0006779517862014472,0.029509330168366432,2.8699538707733154
-5.137650847434998,-0.5838314294815063,0.07644939422607422,1.6703659296035767,0.43972349166870117,2.6017651557922363
-6.398192543536425,-0.1383534073829651,0.13279438018798828,0.004955153912305832,0.3527698218822479,2.745321750640869
-3.3770246505737305,-0.7739877700805664,0.06811285018920898,4.802475929260254,1.0943875312805176,2.1672310829162598
-3.5930248498916626,-0.8841817378997803,0.039582252502441406,1.1803306341171265,1.1066651344299316,2.441514492034912
-4.890935182571411,-0.7187366485595703,-0.010529689490795135,2.295194387435913,1.2552311420440674,0.0631101056933403
-4.477854922413826,-1.656671479344368,0.10634946823120117,0.0731528252363205,0.0731528252363205,3.0554487705230713
-6.611278876196593,-1.3858297169208527,-0.11524271965026855,0.002755299676209688,0.03795406222343445,3.633333206176758
-3.7097179311094806,-1.1951087322086096,0.07415223121643066,0.0007742029847577214,0.0255607757717371,2.879683256149292
-4.934876874089241,-1.0411818474531174,-0.11374425888061523,0.23653416335582733,0.07830412685871124,2.57003116607666
-5.190693481825292,-0.9373349025845528,-0.09979987144470215,0.0023340145125985146,0.0631101056933403,2.7258477210998535
-1.8905410766601562,-0.03461408615112305,-0.06270766258239746,7.665633201599121,1.3301972150802612,2.297393321990967
-2.8558778166770935,0.998412549495697,-0.05034327507019043,0.8874807953834534,1.2669521570205688,2.1199188232421875
-4.27147114276886,0.9978784322738647,-0.012186869978904724,1.373728632926941,1.280299186706543,0.19484680891036987
-5.72600145637989,-1.8467405587434769,0.01838541030883789,0.1265118569135666,0.1265118569135666,2.5947253704071045
-3.983702718745917,-1.8336761072278023,0.07716608047485352,0.004792631138116121,0.06565224379301071,3.8691601753234863
-6.6555806085816585,-1.7947531081736088,-0.0030913352966308594,0.0006436422117985785,0.04398271068930626,2.797881603240967
-8.276293873786926,-0.4756520986557007,0.17547941207885742,0.838276743888855,0.24255621433258057,2.682204484939575
-5.126486838795245,-0.15465492010116577,0.0008053779602050781,0.004009186290204525,0.19484680891036987,2.688051223754883
-2.8251562118530273,-1.7258047461509705,-0.003381013870239258,2.560856342315674,0.5891817212104797,2.5372493267059326
-2.539067268371582,-2.1306772232055664,-0.22123003005981445,4.690760612487793,1.175121545791626,2.2806124687194824
0.6037793159484863,-2.4135462045669556,-0.019966721534729004,7.689637184143066,1.9894360303878784,1.811029076576233
2.0493907928466797,-2.5321874618530273,-0.008741378784179688,13.826728820800781,3.3046908378601074,2.258103847503662
-2.0815693140029907,-2.173300266265869,-0.1469360888004303,1.7719403505325317,3.1514158248901367,0.16004875302314758
-5.5313363671302795,-0.40632665157318115,0.1103062629699707,0.5009674429893494,0.5009674429893494,2.764967441558838
-5.040020611369982,0.249064915580675,-0.11621475219726562,0.0033887361641973257,0.2521781027317047,3.6857333183288574
-7.076747267157771,0.16645565372891724,0.12925434112548828,0.0006438804557546973,0.16833336651325226,2.950059413909912
-6.240824908018112,0.03894864022731781,-0.40456175804138184,0.29044845700263977,0.19886213541030884,2.5155341625213623
-5.699183296877891,0.02639971673488617,-0.23551702499389648,0.0047952416352927685,0.16004875302314758,2.490976333618164
-2.682368755340576,0.3207716941833496,-0.23944091796875,4.9514312744140625,0.9586125016212463,2.2559571266174316
-3.932169556617737,0.13520652055740356,-0.23494791984558105,1.0116971731185913,0.9661960601806641,2.3530189990997314
-4.23752236366272,0.031551897525787354,-0.0734650194644928,1.2245471477508545,0.9984899759292603,0.1868520975112915
-5.284116931259632,-4.520560450851917,-0.018812179565429688,0.05545549839735031,0.05545549839735031,2.6935105323791504
-4.6131048707757145,-3.903734803199768,0.09259462356567383,0.003360697766765952,0.02940809726715088,3.8690590858459473
-3.9961245237500407,-3.415703382343054,-0.01582646369934082,0.000715714821126312,0.019843969494104385,2.7817718982696533
-8.981514573097229,-0.7927055060863495,0.27011656761169434,0.8711732625961304,0.23267629742622375,2.840106964111328
-2.2187946022022516,-0.34718573093414307,0.006084918975830078,0.0035576641093939543,0.1868520975112915,2.8255910873413086
1.0768022537231445,-2.50709867477417,0.04841136932373047,12.594924926757812,2.25486421585083,2.5501301288604736
-0.13310623168945312,-2.2954773902893066,-0.0636739730834961,8.360372543334961,3.127079486846924,2.436680316925049
-3.94423770904541,-1.4725024700164795,-0.03153514862060547,1.8896846771240234,2.972405195236206,2.883298397064209
-5.967713177204132,-1.0467135906219482,-0.04437065124511719,0.7480308413505554,2.725252628326416,2.36268949508667
-1.1980981826782227,-1.1660408973693848,-0.03236889839172363,5.949474811553955,3.0476746559143066,1.853834867477417
-2.54794979095459,-1.2550616264343262,0.05351877212524414,13.430359840393066,3.991555690765381,2.0119214057922363
-4.4191954135894775,-1.0468788146972656,0.04728221893310547,2.7000491619110107,3.883930206298828,1.8672749996185303
-1.3008899688720703,-0.8582394123077393,-0.05332517623901367,1.9347281455993652,3.7339913845062256,2.1489009857177734
-6.319942474365234,-0.7352943420410156,-0.12962551414966583,0.5943942070007324,3.509734630584717,0.08053000271320343
-3.8455170579254627,-3.259347815066576,0.030518054962158203,0.04867158457636833,0.04867158457636833,2.782006025314331
-5.625320464372635,-2.915643537417054,-0.10823225975036621,0.004176110029220581,0.026423847302794456,3.6644091606140137
-5.860153320827521,0.01741022086935118,0.06906270980834961,0.000849601230584085,0.017899097874760628,2.8999104499816895
-4.956201255321503,-0.4599516987800598,-0.19364070892333984,0.3445923924446106,0.09957242012023926,2.5328423976898193
-2.8103288244456053,-0.25598932802677155,-0.1822798252105713,0.004360334947705269,0.08053000271320343,2.5139358043670654
-5.5931243896484375,-0.5433022379875183,-0.27910614013671875,3.8564014434814453,0.7098419070243835,2.1896939277648926
-2.0251851081848145,-0.4483497142791748,-0.28587818145751953,1.1187753677368164,0.7682609558105469,2.3665242195129395
-5.680883049964905,-0.5268852114677429,-0.12702909111976624,0.7818368673324585,0.769957959651947,0.10821764171123505
-4.724566511809826,-0.41938530653715134,-0.012241840362548828,0.08244509249925613,0.08244509249925613,2.6845226287841797
-5.5208485692273825,-0.33665328845381737,0.04060482978820801,0.002987566636875272,0.04271632805466652,3.845085859298706
-6.814274526957888,-0.2749182879924774,-0.08447599411010742,0.0008185135084204376,0.02875038981437683,2.7271785736083984
-4.478521972894669,-0.28598493337631226,0.34006357192993164,0.45142874121665955,0.1344199776649475,2.9673986434936523
-4.334390733158216,-0.25243495404720306,-0.04351162910461426,0.0034083391074091196,0.10821764171123505,2.7390711307525635
-1.4995365142822266,-1.8645444512367249,0.07648539543151855,3.2926034927368164,0.6389486193656921,2.4847331047058105
-4.188502311706543,-1.6929895877838135,0.09377241134643555,3.4328784942626953,1.038081407546997,2.8994994163513184
-8.555676677147858,-0.9136896133422852,0.05949521064758301,0.0010717130498960614,0.9084552526473999,2.4590988159179688
-5.878740131855011,-0.7024869322776794,0.02378368377685547,0.8297674059867859,0.8997121453285217,2.3848109245300293
-4.0056471824646,-0.6600804328918457,-0.029520273208618164,2.1619949340820312,1.0259404182434082,2.422039031982422
-2.243377685546875,-0.5226353406906128,-0.04016590118408203,1.899977207183838,1.1053982973098755,2.581894636154175
-2.8485755920410156,-0.5458317995071411,0.00429534912109375,3.7774829864501953,1.3280720710754395,2.6654348373413086
-5.32445764541626,-0.4815565347671509,-0.026506662368774414,2.2077178955078125,1.3957371711730957,2.30574631690979
0.23390579223632812,-0.7316091060638428,-0.032201290130615234,5.007495880126953,1.6537199020385742,2.543506622314453
-5.19401752948761,-0.667041540145874,-0.0022101402282714844,1.569351077079773,1.6480953693389893,2.979764938354492
-6.320986747741699,-0.6831138134002686,-0.044956207275390625,5.478139877319336,1.8874731063842773,2.018127918243408
-2.4660696983337402,-0.7237513065338135,-0.15526507794857025,2.5222420692443848,1.9248123168945312,0.0458843857049942
-3.256903126835823,-2.63602252304554,0.2703092098236084,0.12542586028575897,0.12542586028575897,3.054720640182495
-4.010338382562622,-2.5273749977350235,-0.09074211120605469,0.00287239090539515,0.06414912641048431,3.617638349533081
-5.083331988193095,-2.4167217276990414,0.19251608848571777,0.000897957943379879,0.043065402656793594,3.0331757068634033
-4.41251166164875,-2.300558991730213,-0.19177913665771484,0.09650342166423798,0.056424908339977264,2.515479803085327
-5.31533708400093,-2.1887645572423935,-0.25655698776245117,0.0037222879473119974,0.0458843857049942,2.6103270053863525
-3.626688003540039,-3.2621403336524963,-0.40470290184020996,3.0171594619750977,0.5410968661308289,2.118959903717041
-3.152665078639984,-2.0161742568016052,-0.40982723236083984,0.9637990593910217,0.6014829277992249,2.3721442222595215
-5.9025551080703735,-1.6421840190887451,-0.31293393671512604,0.5519598722457886,0.5952925682067871,0.06630201637744904
-6.136220667511225,-1.9656097628176212,0.13898253440856934,0.05025985464453697,0.05025985464453697,2.791217088699341
-6.90896453964524,-1.8212273716926575,0.021985292434692383,0.002812479855492711,0.026536166667938232,3.790734052658081
-3.285344189731404,-1.6960494350641966,-0.19205045700073242,0.0009202298242598772,0.01799752004444599,2.712108850479126
-5.985746681690216,-1.6090683937072754,0.5096728801727295,0.27447670698165894,0.08211731910705566,3.1611387729644775
-5.688013532431796,-1.5123109072446823,-0.13014745712280273,0.0030408117454499006,0.06630201637744904,2.775360107421875
-0.7908692359924316,-0.9279256463050842,-0.16310906410217285,4.6974968910217285,0.8381678462028503,2.3859875202178955
-2.7789366245269775,-0.5618453025817871,0.05535697937011719,3.8072726726531982,1.262325644493103,2.498918056488037
-5.512412965297699,-0.5815396308898926,-0.057260528206825256,0.7696447968482971,1.2007405757904053,0.21419696509838104
-3.7088838666677475,-1.668596014380455,-0.05665731430053711,0.044967785477638245,0.044967785477638245,2.7566728591918945
-5.24029179639183,-1.555918488651514,-0.08156847953796387,0.0021655934397131205,0.02356668934226036,3.6875617504119873
-6.946497610129882,-1.4405432138592005,0.03626561164855957,0.0009034366230480373,0.016012271866202354,2.7593140602111816
-5.966272830963135,-1.1118413805961609,-1.3868165016174316,1.0202045440673828,0.2670603394508362,2.6501965522766113
-3.1744069575797766,-1.0815871506929398,-0.18748927116394043,0.0027435303200036287,0.21419696509838104,2.6507112979888916
0.8751106262207031,0.2755216360092163,0.07429909706115723,12.410634994506836,2.246936559677124,2.6439337730407715
-5.408499479293823,0.12527680397033691,0.21674727648496628,0.7729694843292236,2.036369800567627,0.2951076626777649
-4.579414866864681,-4.0121546015143394,-0.04432106018066406,0.06452605873346329,0.06452605873346329,2.741298198699951
-5.671711734728888,-3.761804021894932,0.013625383377075195,0.002509304089471698,0.03351768106222153,3.85661244392395
-5.373620867088903,-3.5111838821321726,0.005895853042602539,0.0009757286752574146,0.022670364007353783,2.93139910697937
-5.169257402420044,-3.018515706062317,0.5579733848571777,1.4029881954193115,0.36774981021881104,3.137261152267456
-4.462873881682754,-2.8982812762260437,0.03965020179748535,0.004539066925644875,0.2951076626777649,2.7540535926818848
-2.1519155502319336,-1.6921045780181885,-0.028708457946777344,11.22323989868164,2.1164629459381104,2.038888454437256
-4.971753805875778,-1.954424500465393,-0.054372310638427734,0.28216102719306946,1.8544198274612427,2.124161958694458
-1.6319890022277832,-1.8312734365463257,-0.17202401161193848,2.361375570297241,1.917789340019226,2.211556911468506
-4.659858554601669,-1.862291693687439,-0.3880019970238209,0.34924808144569397,1.7435070276260376,0.026511292904615402
-4.661597974598408,-1.862282045185566,0.12228250503540039,0.03176044672727585,0.03176044672727585,2.8689589500427246
-6.016721668886021,-1.7108192201703787,-0.09424853324890137,0.003502902342006564,0.01763167418539524,3.7122745513916016
-6.6140962760546245,-1.5830575041472912,0.14156532287597656,0.0009683449170552194,0.012077230960130692,3.05015230178833
-6.294708736240864,-1.5351141281425953,-0.04655885696411133,0.09260319918394089,0.032208722084760666,2.8854846954345703
-7.3617950873449445,-1.4304394908249378,-0.022401094436645508,0.003721575252711773,0.026511292904615402,2.6187996864318848
-3.9469118118286133,-0.6404179334640503,-0.12013673782348633,9.609354019165039,1.6236518621444702,2.08009672164917
-0.4865884780883789,-0.5595453977584839,-0.05779838562011719,2.491647243499756,1.747651219367981,2.146937847137451
-2.9013233184814453,-0.2829563617706299,-0.029818296432495117,5.7864532470703125,2.2525014877319336,2.14985728263855
-3.573053777217865,-0.35424280166625977,-0.023382902145385742,0.5258627533912659,2.060652732849121,2.1699323654174805
-4.763867497444153,-0.39661622047424316,-0.07406330108642578,1.0129655599594116,1.9558842182159424,0.12570805847644806
-3.8910604119300842,-3.4872875809669495,0.0830543041229248,0.1978721022605896,0.1978721022605896,2.7507736682891846
-4.801402281038463,-2.8541177585721016,-0.018140792846679688,0.004794885404407978,0.10133349150419235,3.954667568206787
-6.42830491514178,-2.3989032953977585,-0.04843330383300781,0.0006968930247239769,0.06778796017169952,2.8755743503570557
-5.340733885765076,-2.1030844151973724,0.3525583744049072,0.42067253589630127,0.15600910782814026,2.952221393585205
-3.3156715878285468,-1.8669862002134323,0.02991628646850586,0.004503821488469839,0.12570805847644806,2.7240309715270996
-8.492326021194458,-1.4608885645866394,0.09578967094421387,3.980821371078491,0.7682269215583801,2.4395439624786377
-3.2133899927139282,-0.46833884716033936,0.13192415237426758,0.7520750761032104,0.76591956615448,2.3579177856445312
-6.166215240955353,-0.3285108208656311,0.19656039774417877,0.6325642466545105,0.7492501139640808,0.2984941601753235
-3.274334277957678,-1.6112776659429073,-0.07719802856445312,0.05135074630379677,0.05135074630379677,2.7145867347717285
-6.353013693122193,-1.437841547653079,-0.10610127449035645,0.0037320267874747515,0.02754138596355915,3.7472522258758545
-5.381121208018158,-1.2879932168871164,-0.12528085708618164,0.0007585985003970563,0.018613791093230247,2.8004183769226074
-3.4308574199676514,-0.798435777425766,-1.024287223815918,1.4333674907684326,0.37230220437049866,2.6586813926696777
-4.678217491833493,-0.13976237177848816,-0.10247015953063965,0.0032619622070342302,0.2984941601753235,2.6570637226104736
-4.896088600158691,-1.167251467704773,-0.004093647003173828,6.051996231079102,1.2574111223220825,2.566446304321289
-2.921267509460449,-1.034437656402588,-0.0599057674407959,2.419586181640625,1.423436164855957,2.6381094455718994
-3.7463481426239014,-0.8242079019546509,0.007845878601074219,1.668794870376587,1.4541059732437134,2.6682493686676025
-5.827147483825684,-1.570755958557129,0.08736109733581543,8.115110397338867,2.1942176818847656,2.3719027042388916
-2.811164379119873,-1.6270439624786377,0.2348194122314453,3.8676838874816895,2.3615641593933105,2.2541441917419434
-1.3254337310791016,-1.5178477764129639,0.3246278762817383,2.802949905395508,2.4016902446746826,2.81083345413208
-1.069490909576416,-1.4418413639068604,0.16514825820922852,4.894558429718018,2.609429121017456,2.7703003883361816
-2.942831039428711,-1.3143246173858643,0.09670662879943848,8.965967178344727,3.098393678665161,3.063231945037842
-1.554115653038025,-1.255141019821167,0.13475775718688965,1.935749888420105,3.0153472423553467,2.5880653858184814
-3.1175129413604736,-1.1679863929748535,0.2109239101409912,3.631263494491577,3.056408405303955,2.845506191253662
-3.1065313816070557,-1.0327732563018799,0.05525636672973633,2.426469564437866,3.0170376300811768,2.561805248260498
-2.0164854526519775,0.5051412582397461,0.0042324066162109375,2.044935941696167,2.9598548412323,2.3928561210632324
-3.833412766456604,0.7952945232391357,0.03719305992126465,1.8513940572738647,2.8982737064361572,2.6035313606262207
-1.5153989791870117,-1.2517895698547363,0.16190719604492188,9.872257232666016,3.2653255462646484,3.6081619262695312
2.507388114929199,-1.8237707614898682,0.553647018969059,7.628818988800049,3.4835002422332764,0.661926805973053
-3.486771747469902,-1.147770568728447,-0.09328031539916992,0.1862984448671341,0.1862984448671341,2.6168744564056396
-6.345871135126799,-1.1331729143857956,0.012049198150634766,0.0037282262928783894,0.0950133353471756,3.8587944507598877
-5.0828527479898185,-1.0936569795012474,0.1573963165283203,0.0007282227743417025,0.06358496099710464,3.0813002586364746
-2.150866746902466,-0.3403962254524231,0.04221630096435547,3.1153905391693115,0.8265363574028015,2.709099054336548
-5.110528362682089,-0.4471302628517151,-0.05945444107055664,0.0034886470530182123,0.661926805973053,3.3810527324676514
-3.3776910305023193,-0.1815265417098999,0.10219073295593262,3.358020067214966,1.1112756729125977,2.274556875228882
-4.530259609222412,-0.19524121284484863,0.09754729270935059,0.9942135810852051,1.0945525169372559,2.329796075820923
-5.194822549819946,-0.27776265144348145,0.15302692726254463,0.632915735244751,1.0368479490280151,0.19222667813301086
-7.348161283880472,-1.472479049116373,-0.2223343849182129,0.03894370421767235,0.03894370421767235,2.869147539138794
-8.825955521780998,-1.350720264017582,-0.0943760871887207,0.0022419574670493603,0.020592831075191498,3.6421828269958496
-4.745330521313008,-1.2425024984404445,-0.17101836204528809,0.0007832558476366103,0.013989639468491077,2.7222163677215576
-4.386500000953674,-1.0106278955936432,-0.5604231357574463,0.9089635610580444,0.23699447512626648,2.691185235977173
-4.200483086053282,-0.9838105291128159,-0.09315013885498047,0.00253700977191329,0.17643703520298004,2.99069881439209
-2.3565855026245117,-0.8184940218925476,0.0040972232818603516,4.345717430114746,0.8538723587989807,2.351259469985962
-1.6346523761749268,-0.7856618165969849,0.025405168533325195,1.9901809692382812,1.0201712846755981,2.3844449520111084
-3.7074666023254395,-0.7327700853347778,0.05166381597518921,1.4362683296203613,1.078165054321289,0.1429649293422699
-4.854148115962744,-4.306775774806738,0.1553969383239746,0.0575435496866703,0.0575435496866703,2.9157960414886475
-5.869173469487578,-4.001333028078079,-0.006540060043334961,0.002651748713105917,0.029988020658493042,3.983985424041748
-3.366202212346252,-3.7277399450540543,0.16868209838867188,0.0006565084331668913,0.018892154097557068,2.990238666534424
-4.940586984157562,-3.3607691526412964,0.936331033706665,0.7087336182594299,0.19079744815826416,3.7365920543670654
-3.5666786725632846,-3.191596642136574,-0.17148709297180176,0.003172010648995638,0.14949427545070648,3.416203737258911
-1.2340779304504395,-2.2528116703033447,-0.09391641616821289,7.277438640594482,1.3413758277893066,2.512711524963379
-3.666898727416992,-1.7187801599502563,-0.01456141471862793,5.651986122131348,1.9481106996536255,2.4194447994232178
-3.9250473976135254,-1.5989570617675781,-0.04450559616088867,2.762270450592041,2.038900852203369,2.397937297821045
-0.6101779937744141,-1.2172904014587402,0.0038614273071289062,6.324710845947266,2.513575553894043,2.5892996788024902
1.629164695739746,-0.8175733089447021,-0.04350781440734863,7.733957767486572,3.0416858196258545,1.9885015487670898
0.6294019222259521,-0.68412184715271,-0.09909892082214355,3.784144401550293,3.1092214584350586,2.4709420204162598
-3.1333394050598145,-2.8265204429626465,-0.04428219795227051,5.549063205718994,3.3017988204956055,2.4626753330230713
-1.2351951599121094,-2.622210741043091,-0.07850337028503418,5.728372573852539,3.4884889125823975,2.4345102310180664
-1.2497339248657227,-1.9032447338104248,-0.06175875663757324,3.9428935050964355,3.522188901901245,2.4019455909729004
0.9278419017791748,-1.3235900402069092,-0.114776611328125,4.568210124969482,3.5890562534332275,2.0601916313171387
-3.8612027168273926,-1.4661355018615723,-0.03630781173706055,6.7040324211120605,3.7908196449279785,2.3321712017059326
-5.868259429931641,-1.1750071048736572,-0.03833413124084473,2.1235828399658203,3.694913625717163,2.376384735107422
-2.676589608192444,-0.8312802314758301,-0.050076454877853394,1.5354136228561401,3.570964813232422,0.1870379000902176
-5.691563576459885,-1.6928879916667938,0.08866047859191895,0.34882596135139465,0.34882596135139465,2.642860174179077
-6.975705876946449,-1.3513872027397156,0.04105114936828613,0.011326536536216736,0.182050883769989,3.761314868927002
-3.5301867983071133,-1.1003370136022568,0.04330778121948242,0.0007270314963534474,0.1266433149576187,2.871516704559326
-3.00970196723938,-0.7784915417432785,-0.2735567092895508,0.5896093845367432,0.2451351433992386,2.672882556915283
-6.850521671120077,-0.6884249895811081,-0.18354535102844238,0.003960979636758566,0.18917913734912872,3.179563522338867
-1.622828483581543,-0.5456058979034424,0.02687382698059082,6.153782367706299,1.1956201791763306,2.292376756668091
-4.219339489936829,-0.5073531866073608,-0.15538859367370605,1.1045087575912476,1.1877115964889526,2.40037202835083
-4.757082939147949,-0.18459415435791016,-0.11790826916694641,0.8632845878601074,1.1424050331115723,0.15891033411026
-6.192730411887169,-1.9078205674886703,0.04265952110290527,0.06597520411014557,0.06597520411014557,2.871659994125366
-3.4579782022628933,-1.76132283359766,-0.05949258804321289,0.0021615491714328527,0.033861540257930756,3.887019634246826
-3.9256773716770113,-1.5791702345013618,0.010937213897705078,0.000618624035269022,0.022339336574077606,2.89736008644104
-6.322678923606873,-1.3087861388921738,0.748753547668457,0.7581778764724731,0.20514144003391266,3.503728151321411
-6.128130610100925,-1.2527596205472946,-0.08955645561218262,0.0033620046451687813,0.1498672515153885,3.1841514110565186
2.346872329711914,-0.31070661544799805,-0.15120840072631836,7.968853950500488,1.457755446434021,2.6498327255249023
-2.260091781616211,0.06726264953613281,-0.17178559303283691,6.790813446044922,2.2181670665740967,2.8485586643218994
0.05180621147155762,0.19297361373901367,-0.09232091903686523,3.729592800140381,2.3999037742614746,2.4595377445220947
-3.447941780090332,-2.171663284301758,-0.12471532821655273,4.3426079750061035,2.6219496726989746,2.676332473754883
-3.8119394779205322,-1.3090317249298096,-0.07245707511901855,1.37809157371521,2.4821646213531494,2.779841184616089
-2.0454015731811523,-2.2308130264282227,-0.1024165153503418,10.820045471191406,3.230839729309082,2.387554168701172
-1.3059005737304688,-1.6432726383209229,-0.04229450225830078,1.9151697158813477,3.1378772258758545,2.5767159461975098
-3.075965166091919,-1.4013752937316895,-0.06514215469360352,2.7732131481170654,3.110348701477051,2.436915397644043
-0.35633087158203125,-1.307241678237915,-0.03670001029968262,4.444336891174316,3.207709550857544,2.5899009704589844
-2.7382500171661377,-1.049314260482788,-0.10830354690551758,2.377711057662964,3.1492106914520264,3.4092154502868652
3.087834358215332,-1.2807013988494873,-0.13783970475196838,8.187419891357422,3.4594428539276123,0.06553249061107635
-4.41313935816288,-2.449004903435707,0.2896561622619629,0.1895418018102646,0.1895418018102646,3.044938087463379
-7.858330427668989,0.11919712089002132,0.008937358856201172,0.006498158909380436,0.12635724246501923,3.7427871227264404
-2.798919281864073,0.07320380280725658,0.177107572555542,0.0006326819420792162,0.07709387689828873,2.8531315326690674
-6.803754203021526,-0.005217708647251129,-0.589932918548584,0.07456696778535843,0.08193080127239227,2.6936001777648926
-4.553119702031836,-0.00896734744310379,-0.03673434257507324,0.0018496087286621332,0.06008607894182205,3.6724236011505127
-1.8222503662109375,-0.5490016937255859,0.10830211639404297,8.017498970031738,1.3882659673690796,2.5412771701812744
-0.8212747573852539,-0.390932559967041,0.0005311965942382812,1.7099189758300781,1.4337183237075806,2.431549549102783
-4.320123553276062,-0.28355562686920166,-0.22178338468074799,0.6404086351394653,1.3332494497299194,0.09050528705120087
-6.780413769185543,-0.7127596363425255,0.2087252140045166,0.08987937122583389,0.08987937122583389,2.7352969646453857
-4.878513131989166,-0.6833041198551655,0.06658744812011719,0.003851141082122922,0.04680962488055229,3.8375039100646973
-3.2371198224136606,-0.6398134455084801,0.0067365169525146484,0.0007306052139028907,0.030777253210544586,2.7547028064727783
-5.814208745956421,-0.5632353723049164,0.8807451725006104,0.34086012840270996,0.10846659541130066,3.8971972465515137
-3.830942621920258,-0.5363102406263351,-0.12019681930541992,0.00312210014089942,0.08754213154315948,2.8734726905822754
2.0760769844055176,0.014722824096679688,-0.1674489974975586,6.721519470214844,1.1965091228485107,2.58097505569458
-1.748990535736084,0.004446744918823242,-0.10825657844543457,1.7617981433868408,1.2751026153564453,2.4739584922790527
-1.8145596981048584,0.10603439807891846,-0.1276874542236328,2.4118454456329346,1.416685938835144,2.518737316131592
-4.94105076789856,-0.9587678909301758,-0.0838465690612793,2.5966532230377197,1.5423922538757324,2.1766908168792725
-5.73129940032959,-3.2961833477020264,-0.003258943557739258,6.4995317459106445,2.0396149158477783,2.6456680297851562
-3.1940555572509766,-2.651963472366333,-0.050049543380737305,3.6563053131103516,2.1928274631500244,2.4931671619415283
-4.198366165161133,-1.8822190761566162,-0.05367016792297363,2.2030038833618164,2.1898529529571533,2.9513065814971924
-1.5628724098205566,-1.478766679763794,-0.06062579154968262,2.5590453147888184,2.2153379917144775,2.6175217628479004
-6.622421979904175,-1.145554542541504,-0.06194591522216797,1.207202672958374,2.148667097091675,2.451810836791992
-2.666639804840088,-1.0944623947143555,-0.17495756223797798,3.1226491928100586,2.2156476974487305,0.04313464090228081
-4.885793685913086,-2.152236223220825,0.22188377380371094,0.05240583419799805,0.05240583419799805,2.953129529953003
-5.86133031710051,-1.9075619652867317,-0.10557413101196289,0.0026905073318630457,0.025326542556285858,3.7161998748779297
-6.243765771505423,-1.703051413409412,-0.04996776580810547,0.0007720588473603129,0.013599072583019733,3.138521671295166
-4.720928378403187,-0.6110009476542473,-0.877373218536377,0.1220729872584343,0.042253024876117706,2.7272627353668213
-4.999989265343174,-0.2839873880147934,-0.5914487838745117,0.002388721564784646,0.02809147536754608,3.4523491859436035
-2.82096004486084,-1.0715875625610352,-0.5396904945373535,4.559608459472656,0.7879171371459961,2.6775882244110107
-2.2057783007621765,-0.9163314700126648,-0.5036568641662598,0.8257995247840881,0.7947039008140564,2.4390015602111816
-5.111512303352356,-1.0445215702056885,-0.5547941476106644,0.5311535596847534,0.7587964534759521,0.08628623187541962
-2.1777496952563524,-1.7996392864733934,0.13959002494812012,0.029393373057246208,0.029393373057246208,2.9257614612579346
-9.458176384447142,-1.5003277640789747,0.041573286056518555,0.002444495679810643,0.01658564992249012,3.805068254470825
-4.429676388332155,-1.3127275751903653,-0.1974797248840332,0.0006529344827868044,0.010055298916995525,2.8385229110717773
-7.3480613231658936,-1.2427179589867592,0.7280011177062988,0.3686497211456299,0.10085656493902206,3.42982816696167
-4.958242301829159,-1.113502100110054,-0.0568087100982666,0.0037494851276278496,0.07724897563457489,2.9046759605407715
-1.9924967288970947,-2.547662317752838,0.027643680572509766,3.109037160873413,0.5838732123374939,2.859607458114624
-2.41402268409729,-2.6568756103515625,0.0291898250579834,3.2322986125946045,0.947021484375,2.764981508255005
-0.4404597282409668,-1.8841062784194946,-0.03272891044616699,4.336153984069824,1.368780255317688,2.437558650970459
-2.627096176147461,-2.0458587408065796,0.03113555908203125,4.7448883056640625,1.7471247911453247,2.750871419906616
-3.8673887252807617,-2.0399909019470215,-0.047766923904418945,4.90791130065918,2.0676536560058594,2.8478310108184814
-2.143808364868164,-2.0327916145324707,-0.23882532119750977,5.935419082641602,2.413947105407715,2.328507900238037
-1.8399074077606201,-1.814969778060913,-0.2642073631286621,3.3866546154022217,2.4963462352752686,2.36531925201416
-2.3221821784973145,-1.506605625152588,-0.32655632868409157,3.799927234649658,2.5914201736450195,0.03450244292616844
-4.575422577559948,-6.388248257339001,0.25966858863830566,0.047684378921985626,0.047684378921985626,3.095614194869995
-5.104191043181345,-5.676470207050443,0.13273882865905762,0.003710529999807477,0.0250521432608366,3.8455843925476074
-5.331759827618953,-5.052096640691161,0.0171201229095459,0.0007148809381760657,0.017940247431397438,2.8997671604156494
-4.593201629817486,-4.64848992228508,-1.178969383239746,0.0928802564740181,0.03580954670906067,2.8316025733947754
-5.56425819802098,-4.241483140736818,-0.5219821929931641,0.0021738011855632067,0.026218008249998093,4.130681037902832
-3.2792110443115234,-3.5054016709327698,0.0009846687316894531,5.847129821777344,0.998069703578949,2.7909374237060547
-1.859546184539795,-3.2680922746658325,-0.07629203796386719,1.6786985397338867,1.0929373502731323,2.4633641242980957
-5.285310983657837,-3.351818799972534,-0.3766828253865242,0.584979772567749,1.0285718441009521,0.09534543007612228
-3.465020876377821,-3.3569335751235485,0.21296930313110352,0.03487374261021614,0.03487374261021614,2.8433408737182617
-6.580788228427991,-2.9042034037411213,0.12122011184692383,0.0029996896628290415,0.018508445471525192,3.9647979736328125
-3.2500662461388856,-2.5434726616367698,-0.14293146133422852,0.0006389960180968046,0.0138808349147439,2.7404420375823975
-6.508608162403107,-2.388238251209259,0.9065520763397217,0.35942143201828003,0.0998796820640564,3.797398805618286
-5.826848641503602,-2.163165457546711,0.10788202285766602,0.003241881262511015,0.07952582091093063,3.1267971992492676
-2.4256234169006348,-1.758599728345871,0.06880378723144531,2.403369903564453,0.46631601452827454,2.66921329498291
2.1808300018310547,-6.634056329727173,-0.039156436920166016,8.772570610046387,1.6561954021453857,2.013469934463501
-9.293746829032898,-2.7634661197662354,-0.031684160232543945,1.2081290483474731,1.5990049839019775,2.724932909011841
-3.4915027618408203,-2.3254621028900146,-0.0604252815246582,3.54647159576416,1.8088247776031494,2.5428755283355713
0.6946272850036621,-2.4396657943725586,-0.010503530502319336,5.054506778717041,2.1410655975341797,2.41416597366333
-0.9730229377746582,-1.978311538696289,-0.047751426696777344,2.133362054824829,2.129065990447998,2.3234708309173584
-5.131129264831543,-1.6243667602539062,0.01814746856689453,1.7908954620361328,2.101597547531128,2.1960339546203613
-1.3397254943847656,-1.6876826286315918,-0.036826133728027344,4.762158393859863,2.302639961242676,2.604621410369873
-4.462615013122559,-1.4614713191986084,-0.08340392261743546,2.118708610534668,2.290778875350952,0.03014664351940155
-4.453422822058201,-3.0202303305268288,0.14641070365905762,0.060317717492580414,0.060317717492580414,2.9407503604888916
-6.892615807708353,-2.8092850632965565,-0.07716512680053711,0.0042567127384245396,0.0317901186645031,3.7058658599853516
-4.338891212537419,-2.5946296211332083,0.229278564453125,0.0007775382255204022,0.02208581008017063,3.0114197731018066
-3.785288728773594,-2.452414356172085,-0.9126429557800293,0.08342655748128891,0.03673521429300308,2.8707897663116455
-6.192046060226858,0.02768300543539226,-0.40741395950317383,0.0018340209499001503,0.030143436044454575,3.8752312660217285
-2.1012773513793945,-3.164251446723938,-0.024085521697998047,10.604852676391602,1.793012022972107,2.649739980697632
-0.7088990211486816,-1.9184528589248657,-0.07683205604553223,3.104329824447632,1.9808651208877563,2.427933931350708
-5.191263318061829,-1.2408130168914795,-0.22662483155727386,0.7144817113876343,1.8240723609924316,0.22505836188793182
-4.340528234839439,-0.02112671732902527,0.12579894065856934,0.09678103029727936,0.09678103029727936,2.836451768875122
-4.507161431480199,-0.014456212520599365,0.023710966110229492,0.004376120399683714,0.04951159656047821,3.8110382556915283
-4.599831058178097,-0.010406125336885452,-0.14072418212890625,0.0007892115972936153,0.03263374790549278,2.757068157196045
-5.454899787902832,-0.566618412733078,0.62603759765625,1.0532259941101074,0.28762999176979065,3.8714184761047363
-4.949855061015114,-0.4466972351074219,0.0897982120513916,0.002999095479026437,0.23702192306518555,3.030078887939453
-2.52461576461792,-0.9358585476875305,-0.0775003433227539,2.4129157066345215,0.586630642414093,2.72068190574646
-2.75771427154541,-0.9689159393310547,-0.1309034824371338,5.34919548034668,1.2685792446136475,2.257807970046997
-2.3137621879577637,-4.374960422515869,-0.20311808586120605,5.5149993896484375,1.803001880645752,2.1621670722961426
-1.3505001068115234,-5.189242601394653,-0.21214032173156738,8.247552871704102,2.5343096256256104,2.0200693607330322
-1.3035728931427002,-3.241875410079956,-0.1840834617614746,2.686756134033203,2.58174204826355,2.6085219383239746
-4.3990583419799805,-2.229191780090332,-0.21796415001153946,2.267404556274414,2.5369911193847656,0.042486242949962616
-4.045733205974102,-2.529424898326397,0.2962512969970703,0.09103990346193314,0.09103990346193314,3.173149585723877
-7.561973209143616,-2.044162429869175,0.10044193267822266,0.0016158869257196784,0.047503791749477386,3.8683533668518066
-5.589457480236888,-1.716881450265646,-0.01337432861328125,0.0008073169738054276,0.03696197643876076,3.2522099018096924
-5.96253964304924,-1.458103433251381,-0.48101186752319336,0.11116984486579895,0.052856430411338806,4.408768653869629
-5.14505294081755,-1.2651550583541393,-0.08011865615844727,0.0030579257290810347,0.04138566926121712,4.7693257331848145
-0.9052009582519531,-0.3399944305419922,-0.16386747360229492,6.204957962036133,1.0749787092208862,2.418322801589966
-2.6123046875,0.3752363324165344,-0.36406874656677246,1.288219928741455,1.1155426502227783,2.290086507797241
-5.523846834897995,0.5497598052024841,-0.3133847191929817,0.43030527234077454,1.0262775421142578,0.051968447864055634
-4.4607516545802355,-2.1876920480281115,0.24047446250915527,0.028838513419032097,0.028838513419032097,2.995556116104126
-3.016164099564776,-1.463089969009161,-0.025362014770507812,0.002198899397626519,0.016941044479608536,3.8077616691589355
-2.40971069294028,-1.1077971011400223,-0.08944296836853027,0.0008997444529086351,0.011657163500785828,2.8386857509613037
-4.356626704335213,-1.0055589377880096,0.6961755752563477,0.22955207526683807,0.0655231773853302,4.407037258148193
-3.805578545667231,-0.8343564346432686,0.008450746536254883,0.0033680638298392296,0.055217139422893524,3.288017749786377
-2.401329278945923,-0.6841074228286743,-0.16779780387878418,2.6145336627960205,0.4812518358230591,2.5948731899261475
-3.2091305255889893,-0.6979525089263916,-0.23438715934753418,1.6754887104034424,0.6603565216064453,2.5252442359924316
-1.6920113563537598,-3.779166579246521,-0.3667466640472412,4.750823974609375,1.1656132936477661,2.3541622161865234
-0.815427303314209,-2.4955729246139526,-0.38887882232666016,3.971736431121826,1.474976658821106,2.303467273712158
-2.0936927795410156,-2.0680829286575317,-0.35285472869873047,4.167067527770996,1.7498642206192017,2.6467766761779785
-3.2559547424316406,-1.755540370941162,-0.3860970940440893,2.2730393409729004,1.7977375984191895,0.029849478974938393
-3.349379301071167,-2.20023775100708,0.4939236640930176,0.07160019874572754,0.07160019874572754,3.191359519958496
-7.4005438084714115,-2.123105753213167,0.23095107078552246,0.00452458905056119,0.03780270740389824,3.887599229812622
-6.1729756380664185,-2.0297204982489347,0.2135787010192871,0.0008200620068237185,0.02926640398800373,3.1015844345092773
-6.3263895735144615,-1.933504618704319,-0.05961012840270996,0.09097645431756973,0.04126187413930893,2.611954689025879
-3.9339538174681365,-1.8479603417217731,0.10121464729309082,0.0033621233887970448,0.03514517471194267,3.1275277137756348
-1.9075546264648438,-0.9202476739883423,-0.11711621284484863,6.67376708984375,1.1416822671890259,2.168653964996338
0.9717907905578613,-0.3945997953414917,0.0016418695449829102,6.605657577514648,1.9230469465255737,0.24869222939014435
-2.8387732058763504,-1.5877929478883743,-0.010398387908935547,0.21665529906749725,0.21665529906749725,2.6249823570251465
-6.219802601262927,-1.3194045275449753,0.09638738632202148,0.00845743902027607,0.11441226303577423,3.8295485973358154
-4.044443750870414,-1.1076564490795135,0.12878799438476562,0.0008738989708945155,0.08805111050605774,2.6957240104675293
-3.0307141542434692,-0.8725055754184723,0.055143117904663086,1.6622694730758667,0.4774185121059418,2.5650315284729004
-4.483894872479141,-0.8141582608222961,0.014292240142822266,0.004790258593857288,0.3608524203300476,3.1319544315338135
0.842226505279541,-0.37934410572052,-0.19272541999816895,6.795827865600586,1.4197543859481812,2.3177850246429443
-1.085115909576416,-0.22042715549468994,-0.2867504209280014,4.168331146240234,1.8375989198684692,0.09969158470630646
-2.227604568004608,0.04130473732948303,0.3062400817871094,0.27578359842300415,0.27578359842300415,2.7332732677459717
-3.5277567468583584,-0.03578520566225052,0.1710221767425537,0.007824603468179703,0.11936194449663162,3.8143486976623535
-4.587591723073274,-0.036298833787441254,0.07653141021728516,0.0010503972880542278,0.08248291164636612,2.8046646118164062
-3.007948786020279,-0.0923357754945755,-0.9874656200408936,0.448601096868515,0.18392018973827362,2.925158739089966
-3.922843303065747,-0.042550504207611084,-0.44893908500671387,0.005039845127612352,0.16782568395137787,3.3473331928253174
-0.8160476684570312,-0.08895915746688843,-0.14024090766906738,4.118317604064941,0.8265157341957092,2.1930453777313232
0.34633827209472656,0.002649068832397461,-0.005687981843948364,5.2851152420043945,1.4798189401626587,0.3009091913700104
-2.6878969073295593,-1.9200507998466492,0.03287982940673828,0.7382615208625793,0.7382615208625793,2.5208258628845215
-4.360089051537216,-2.231682538986206,0.00186920166015625,0.009736311621963978,0.3215484619140625,3.816984176635742
-4.724214018206112,-2.2288582772016525,-0.048810720443725586,0.0007730118231847882,0.2246841937303543,2.7059667110443115
-3.666326105594635,-2.044631689786911,0.8466429710388184,0.7436556220054626,0.34287384152412415,3.9865012168884277
-4.536228440934792,-2.0261886715888977,0.3408389091491699,0.003387667005881667,0.278106153011322,3.809375286102295
0.04042625427246094,-1.1692661046981812,-0.07227182388305664,6.620599746704102,1.3433371782302856,2.447312831878662
-4.178472518920898,0.3615051507949829,-0.15105678886175156,1.2903556823730469,1.3243781328201294,0.11279437690973282
-4.649146117269993,-2.062781848013401,0.05848383903503418,0.09914203733205795,0.09914203733205795,2.866283893585205
-6.02256374550052,-1.8415038287639618,0.0379335880279541,0.0036975841503590345,0.04961994290351868,3.807713270187378
-6.117946555023082,-1.6501661278307438,0.011223316192626953,0.0007587176514789462,0.032598163932561874,2.813725233078003
-8.694630771875381,-0.5253697037696838,-1.0764050483703613,0.4978826940059662,0.14953583478927612,4.09740686416626
-1.134415702195838,-0.206867977976799,-0.4187014102935791,0.002422495512291789,0.13048230111598969,3.862384080886841
-5.618091583251953,-2.7669830322265625,0.052460670471191406,6.682717323303223,1.2164180278778076,2.233623743057251
-0.40986013412475586,-2.4712464809417725,-0.16474318504333496,2.03969669342041,1.330777883529663,2.3626344203948975
-4.411698400974274,-1.859144687652588,-0.3744538873434067,0.43765443563461304,1.216975212097168,0.06866173446178436
-4.85897945612669,-2.7974924966692924,0.2651331424713135,0.037159211933612823,0.037159211933612823,2.835899829864502
-6.597928268602118,-2.2484052758663893,-0.0321807861328125,0.0034110716078430414,0.02057594247162342,3.9051403999328613
-4.619324869767297,-1.8761452473700047,-0.07297921180725098,0.0006092122639529407,0.014823909848928452,2.851217031478882
-5.277506709098816,-1.7539658322930336,0.36931610107421875,0.33343517780303955,0.09529652446508408,4.616652011871338
-4.1102482452988625,-1.5436944141983986,-0.024149656295776367,0.004585109651088715,0.07475467771291733,3.3229873180389404
1.9316625595092773,-13.600868463516235,-0.0746917724609375,14.626773834228516,2.495004415512085,2.252687931060791
-2.245844841003418,-7.416785955429077,-0.05955934524536133,1.3961286544799805,2.34098744392395,2.2437517642974854
-2.742915630340576,-5.112499237060547,-0.05666303634643555,2.831620693206787,2.393350124359131,2.3063814640045166
-3.2696361541748047,-4.029619932174683,-0.0800325870513916,3.0677785873413086,2.4627201557159424,2.198575735092163
-5.165375709533691,-3.622314929962158,-0.16404366493225098,5.55239200592041,2.7863049507141113,2.355017900466919
-1.723374843597412,-2.8753821849823,-0.01895928382873535,1.5697505474090576,2.6690304279327393,2.2443697452545166
-4.927626192569733,-2.306164503097534,0.101321741938591,0.5636162161827087,2.5016233921051025,0.16575828194618225
-4.324198495596647,-2.360424529761076,-0.11915087699890137,0.03850768879055977,0.03850768879055977,2.8009212017059326
-5.530051936395466,-1.7705358229577541,0.006432294845581055,0.0036814315244555473,0.02116263285279274,3.777294874191284
-4.333633691654541,-1.4047334911301732,-0.07822561264038086,0.0007331067463383079,0.015264320187270641,2.8043901920318604
-4.039466440677643,-1.0070641934871674,-1.0336990356445312,0.7805899977684021,0.20614328980445862,3.5447139739990234
-3.451883169822395,-0.8735833764076233,-0.2913327217102051,0.003228810615837574,0.16362422704696655,2.9650790691375732
-3.4560484886169434,-0.6124723553657532,-0.3801558017730713,4.234454154968262,0.8455948233604431,2.549699068069458
-5.314682245254517,-0.5786410570144653,-0.2283945083618164,2.252502679824829,1.054093599319458,2.3185675144195557
-5.253363490104675,-0.36737048625946045,-0.2794373035430908,0.8351413011550903,1.0206342935562134,2.3657450675964355
-5.056312799453735,-0.6554747223854065,-0.38770633935928345,0.6868808269500732,0.9884923100471497,0.07814979553222656
-5.414937004446983,-2.1306781619787216,0.17888736724853516,0.04675103724002838,0.04675103724002838,2.9963364601135254
-6.10747332801111,-1.8401626404374838,-0.03646135330200195,0.0022163845133036375,0.023481125012040138,3.8178558349609375
-4.463379713939503,-1.6171778813004494,-0.193648099899292,0.0006505518686026335,0.015850268304347992,2.7756197452545166
-7.216421484947205,-1.4503320530056953,0.7812356948852539,0.30537283420562744,0.08839236944913864,4.498972415924072
-6.075901522068307,-1.321621373295784,0.012771129608154297,0.003385053249076009,0.06888382136821747,3.477468490600586
-4.722536087036133,-1.0249322056770325,0.10506606101989746,4.387910842895508,0.787176787853241,2.475165605545044
-6.50549179315567,-0.9199869632720947,0.15901589393615723,0.8201450705528259,0.7923098802566528,2.4426662921905518
-4.596047505736351,-0.8576159477233887,0.2456694319844246,0.2487410455942154,0.7378702163696289,0.3040565550327301
-3.407039599493146,-2.7027825880795717,-0.24109959602355957,0.023759646341204643,0.023759646341204643,2.7081527709960938
-6.740575983654708,-2.1674539614468813,-0.011008739471435547,0.002744481433182955,0.013372940942645073,3.7837867736816406
-5.412306903395802,-1.8017238453030586,-0.1980130672454834,0.0006884350441396236,0.009118787944316864,2.7742228507995605
-5.406988143920898,-1.2345280051231384,-0.8455801010131836,1.4232392311096191,0.3623889088630676,4.121503829956055
-5.556652236264199,-1.131666213274002,-0.1984117031097412,0.0023611304350197315,0.2762396037578583,3.042214870452881
-1.5093564987182617,-0.9116275906562805,-0.0716397762298584,2.1774566173553467,0.6015111804008484,2.5160603523254395
-4.212855577468872,-0.7309584617614746,0.19050121307373047,3.5949952602386475,1.0189645290374756,2.9360427856445312
-0.4708428382873535,-0.414076566696167,0.18286347389221191,6.574381351470947,1.736954689025879,2.825820207595825
-5.97996598482132,-0.40372300148010254,0.10484099388122559,0.3840028643608093,1.6026091575622559,2.605882406234741
-5.3586626052856445,-0.26080644130706787,0.24041175842285156,3.3301773071289062,1.771783471107483,2.8378396034240723
-2.8012146949768066,-0.30405473709106445,0.27046918869018555,1.5365757942199707,1.7493793964385986,2.7298567295074463
-1.6295242309570312,-0.19276857376098633,0.3333580493927002,5.441625118255615,2.0578765869140625,2.724217414855957
-4.242417812347412,-0.18927931785583496,0.4814279079437256,1.0680365562438965,1.986966848373413,2.951528310775757
-4.400935173034668,-0.1668529510498047,0.3141021728515625,2.491734504699707,2.0173356533050537,2.828707218170166
-7.056171894073486,-0.1585245132446289,0.1899116039276123,3.117784023284912,2.0968644618988037,2.5208067893981934
0.7737503051757812,-0.06980299949645996,0.15248608589172363,7.996686935424805,2.464871883392334,2.4753499031066895
2.6801576614379883,-3.4002480506896973,0.011985540390014648,6.364872932434082,2.692488193511963,2.315253496170044
0.08884477615356445,-2.121220111846924,0.21409964561462402,4.554412841796875,2.8002095222473145,2.798288583755493
-1.1578876972198486,-1.443570852279663,0.2647249698638916,3.469480276107788,2.8319032192230225,2.693781614303589
-3.419827938079834,-0.7604806423187256,0.30594372749328613,2.470611095428467,2.819603443145752,2.9064364433288574
-2.015136480331421,-0.269848108291626,0.37032103538513184,1.345454454421997,2.7430503368377686,2.4520230293273926
-0.2260141372680664,-1.061366319656372,0.11124575138092041,8.328841209411621,3.0195472240448,1.8622344732284546
-2.253177523612976,-0.8134787082672119,0.0781862735748291,1.8376466035842896,2.967381000518799,2.5529472827911377
-1.4358549118041992,-5.33885645866394,0.290391206741333,7.419280052185059,3.1504032611846924,2.7058939933776855
-1.6268548965454102,-4.584855556488037,0.08271026611328125,8.061026573181152,3.351731777191162,2.22221040725708
-16.3030803501606,-2.126882553100586,0.0863485336303711,0.33700868487358093,3.238320827484131,2.210864543914795
-5.389729261398315,-1.1812894344329834,0.33948953449726105,1.6239869594573975,3.1699960231781006,0.5105823278427124
-2.6143710613250732,-3.715824604034424,-0.18239617347717285,0.3900947570800781,0.3900947570800781,2.501976251602173
-7.595349930692464,-3.2737173587083817,-0.08003687858581543,0.007137633394449949,0.23046664893627167,3.742460250854492
-6.122951802099124,-2.9403825625777245,0.029774188995361328,0.0007674132939428091,0.11578694730997086,2.9191813468933105
-2.71229887008667,-0.08375674486160278,0.32222867012023926,2.080667018890381,0.6028615236282349,3.4135520458221436
-6.074916255194694,0.1845812201499939,0.04461526870727539,0.0030122878961265087,0.5376609563827515,3.875000476837158
0.5027546882629395,-0.7620476484298706,-0.015331506729125977,7.143527984619141,1.7124756574630737,2.3635964393615723
-13.733161449432373,-0.4792628288269043,0.010568976402282715,0.30597734451293945,1.4868202209472656,1.7794822454452515
-1.5129268169403076,-0.27350354194641113,0.01606273651123047,0.8870971202850342,1.4288997650146484,2.312506675720215
-3.3628184348344803,0.07527530193328857,0.08704864978790283,0.18709544837474823,1.536145567893982,0.15710917115211487
-2.0125216022133827,-1.321242667734623,0.013866662979125977,0.03420200198888779,0.03420200198888779,2.827211856842041
-6.013281139312312,-0.9112205635756254,0.02837538719177246,0.0026852760929614305,0.01638178713619709,3.7486767768859863
-5.07456412143074,-0.6706759156659245,-0.021806716918945312,0.0007217901293188334,0.01134981494396925,2.8062121868133545
-5.476574957370758,-0.591315895318985,-0.8590784072875977,0.7736253142356873,0.2024047076702118,3.34721040725708
-6.972004670416936,-0.46157406270504,-0.17639470100402832,0.0021912867669016123,0.2004975825548172,2.786349296569824
-0.7023019790649414,-0.45980125665664673,0.20461273193359375,4.820734024047852,0.9574581980705261,2.756007671356201
-3.5060290694236755,-0.4243292212486267,0.40570068359375,0.7088099122047424,0.9259865880012512,3.0067250728607178
-2.4119510650634766,-0.26569902896881104,0.2992842197418213,4.278565406799316,1.3455278873443604,2.777994155883789
-0.11877584457397461,-0.26001060009002686,0.3438069820404053,6.452076435089111,1.9106343984603882,2.7328391075134277
-1.4567158222198486,-0.2626309394836426,0.3814353942871094,3.6519782543182373,2.089268207550049,3.042937994003296
-5.315995693206787,-0.2413041591644287,0.25998640060424805,7.948231220245361,2.624673366546631,2.468470811843872
-1.8782554864883423,-0.24081921577453613,0.1591804027557373,1.2697581052780151,2.511789560317993,2.695990800857544
-0.24943971633911133,-0.21221017837524414,0.23693537712097168,7.168198108673096,2.8626036643981934,2.424100160598755
-2.556964635848999,-0.19861507415771484,0.35918354243040085,2.695030927658081,2.8509488105773926,0.4112682342529297
-5.271039217710495,-0.1286827027797699,-0.2546062469482422,0.10586908459663391,0.10586908459663391,2.632075548171997
-4.140972537221387,-0.11822158843278885,0.006333112716674805,0.002732830820605159,0.05583103746175766,3.8425166606903076
-4.035951502562966,-0.09850184991955757,0.08960151672363281,0.0007010624394752085,0.040714334696531296,2.768200397491455
-5.117265820503235,0.19586828351020813,0.08009147644042969,1.917523741722107,0.5058395862579346,3.4058144092559814
-3.9909405927173793,0.13765501976013184,0.00835418701171875,0.0033521433360874653,0.3968968987464905,4.608314037322998
-0.38554954528808594,0.919214129447937,-0.017633438110351562,7.082440376281738,1.5335241556167603,2.2119836807250977
-2.425683379173279,0.938615620136261,-0.015503883361816406,1.117592215538025,1.521512746810913,2.2328460216522217
-6.0953672379255295,0.7862139344215393,0.006808631122112274,0.1873442679643631,1.3311041593551636,0.09065104275941849
-5.088949446566403,-2.4149181889370084,-0.009264469146728516,0.014152283780276775,0.014152283780276775,2.892895221710205
-6.036189926904626,-2.330383636057377,0.041156768798828125,0.0018974411068484187,0.007753990590572357,3.81148099899292
-6.36873996729264,-2.2484831321053207,-0.040793657302856445,0.0006972504197619855,0.005741168279200792,2.8400871753692627
-5.337499558925629,-2.055097594857216,-0.8579602241516113,0.5108776688575745,0.13159416615962982,3.7948384284973145
-4.621304159751162,-2.007927492260933,0.2929420471191406,0.003843659767881036,0.10287587344646454,3.5216305255889893
-0.4824843406677246,-1.2860493063926697,-0.034308671951293945,5.240219593048096,0.9725037217140198,2.457094669342041
-2.111903667449951,-1.039669394493103,-0.08439826965332031,2.859549045562744,1.2445369958877563,2.3892111778259277
-1.8126497268676758,-0.1978757381439209,0.09717202186584473,9.669109344482422,2.2891201972961426,2.413465976715088
-1.9758832454681396,-0.26878952980041504,0.25397610664367676,1.813640832901001,2.231327533721924,2.8638570308685303
-1.8972182273864746,-0.039437055587768555,0.1906895637512207,5.018876552581787,2.5121490955352783,2.6543807983398438
-3.565840005874634,-0.053929805755615234,0.20611786842346191,1.957188367843628,2.457455635070801,2.5878567695617676
0.2591071128845215,0.06693053245544434,-0.0025751590728759766,4.1617512702941895,2.5970919132232666,2.5218710899353027
-0.36843109130859375,0.18839430809020996,-0.16070175170898438,5.013331413269043,2.7779600620269775,2.1844444274902344
2.325040817260742,0.4130990505218506,0.024542808532714844,5.909695148468018,3.003392457962036,2.414029121398926
-0.8930506706237793,0.3484225273132324,0.06460404396057129,1.9181568622589111,2.9359757900238037,2.5816192626953125
-5.54263710975647,0.32138657569885254,0.12191104888916016,2.8373286724090576,2.916771650314331,2.7225613594055176
-3.0212011337280273,0.3152186870574951,0.1645951271057129,3.3690853118896484,2.9487555027008057,2.5752954483032227
-5.567127585411072,0.22613120079040527,0.1778097152709961,0.25445616245269775,2.79508113861084,2.541797161102295
-7.301022529602051,1.4303030967712402,0.23331761360168457,1.3086919784545898,2.7195799350738525,2.608733892440796
-3.4614858627319336,1.0959060192108154,0.24493646621704102,1.5685086250305176,2.6716275215148926,2.482404947280884
-1.8152282238006592,0.7884718179702759,0.0632941722869873,2.12654709815979,2.6464436054229736,2.409341812133789
-3.350691795349121,0.5888631343841553,0.2147080898284912,2.0249176025390625,2.6229398250579834,2.5926449298858643
-2.2238833904266357,0.6678950786590576,0.3475654125213623,1.1347064971923828,2.563714027404785,2.9593353271484375
-2.827418327331543,0.442685604095459,0.1827857494354248,3.6429834365844727,2.6098859310150146,2.7358386516571045
0.3141651153564453,0.017621994018554688,0.13814187049865723,6.587660312652588,2.7731363773345947,2.2838292121887207
0.07715725898742676,-0.21291399002075195,0.01594066619873047,3.9552712440490723,2.8212742805480957,2.381303071975708
-3.2119323015213013,0.9728779792785645,0.07958769798278809,1.639996886253357,2.772859811782837,2.6289963722229004
-4.374736547470093,0.5994563102722168,0.014172792434692383,2.595477342605591,2.771660327911377,2.7011542320251465
-2.039911150932312,0.8030983209609985,0.11074233055114746,1.3935075998306274,2.726034164428711,2.8785557746887207
-3.329035997390747,0.5076117515563965,0.14541172981262207,3.4675328731536865,2.754441499710083,2.284184694290161
-4.973257064819336,-0.3707294464111328,0.18719482421875,7.433703422546387,2.908534526824951,2.7415566444396973
-2.707515239715576,-0.21932697296142578,0.2457275390625,2.217071056365967,2.8833200931549072,2.852250576019287
2.252716302871704,-0.5102667808532715,0.08996367454528809,6.038797378540039,2.9736568927764893,2.759413957595825
-0.4703383445739746,-0.47309398651123047,0.18808746337890625,3.8067688941955566,2.9945003986358643,2.6472091674804688
-4.177106857299805,-0.8995141983032227,0.14310026168823242,8.097253799438477,3.138911247253418,3.3387279510498047
-0.7259774208068848,-0.8330061435699463,0.2617177963256836,3.8145556449890137,3.1619789600372314,2.9301934242248535
-1.802497386932373,-0.8463029861450195,0.2419443130493164,4.674289703369141,3.213284492492676,3.007628917694092
-0.09880638122558594,-0.8664677143096924,0.2169492244720459,4.567997455596924,3.2451188564300537,2.874022960662842
-1.1601519584655762,-0.8988380432128906,0.258518785238266,4.386910438537598,3.266512870788574,0.4871188998222351
-2.9725358486175537,-0.11569154262542725,-0.3579733371734619,0.9981248378753662,0.9981248378753662,2.252074718475342
-5.837109757587314,-0.5236904621124268,-0.15602445602416992,0.02893047221004963,0.5188722610473633,3.5682880878448486
-5.119477566971909,-0.6610207259654999,-0.014469146728515625,0.0009099871967919171,0.3121669590473175,2.5743184089660645
-5.940383434295654,-0.42617279291152954,0.7481141090393066,1.0447320938110352,0.5114171504974365,3.703622817993164
-5.88551325770095,-0.4552321434020996,-0.05916595458984375,0.0035391333512961864,0.4234426021575928,4.427300453186035
-1.366724967956543,0.4606388807296753,0.051648855209350586,8.360215187072754,1.7523006200790405,2.3185324668884277
-3.2032992839813232,0.23315167427062988,-0.04248499870300293,0.6150627136230469,1.5818718671798706,2.097494602203369
-4.2799317836761475,-0.026135683059692383,-0.0301186665892601,0.8225843906402588,1.4776970148086548,0.08678845316171646
-3.9139160066843033,-2.8416701704263687,0.04463815689086914,0.08918820321559906,0.08918820321559906,3.007718563079834
-4.384209536248818,-2.59479071944952,-0.020568370819091797,0.002138234442099929,0.04456350952386856,3.8301613330841064
-5.227240269188769,-2.366575187072158,-0.17913269996643066,0.0006058764411136508,0.02982836402952671,2.814889430999756
-5.365196883678436,-2.1468298882246017,-0.7583284378051758,0.3370822072029114,0.10811872780323029,3.962134838104248
-5.400461023673415,-2.0062455534934998,-0.0072116851806640625,0.002317601814866066,0.08365970849990845,4.605656623840332
-1.2237584590911865,-1.7253881096839905,-0.05784869194030762,3.247804880142212,0.6103238463401794,2.6460838317871094
0.4769563674926758,-0.9506931304931641,0.1409313678741455,10.970192909240723,2.0940003395080566,2.726081371307373
-3.654693603515625,-0.9377858638763428,0.2672460079193115,3.8829798698425293,2.305044651031494,3.0673556327819824
-0.07118940353393555,-0.6160211563110352,0.3422527313232422,5.668767929077148,2.672584295272827,3.084423542022705
0.2772536277770996,-0.40982484817504883,0.2800898551940918,7.073248386383057,3.1392617225646973,3.106198787689209
-2.1437597274780273,-0.3886716365814209,0.19692040979862213,2.871629238128662,3.1103906631469727,0.29327529668807983
-5.181444779038429,-3.5888790041208267,-0.0733189582824707,0.13679252564907074,0.13679252564907074,2.449544906616211
-5.460028825327754,-2.7430260628461838,0.12572097778320312,0.0045374054461717606,0.06649370491504669,3.7530007362365723
-5.172523093584459,-2.206078451126814,0.10394835472106934,0.0007876630988903344,0.040671903640031815,2.7877657413482666
-4.077886581420898,-1.6203483939170837,1.415255069732666,1.308323860168457,0.36104029417037964,4.244855880737305
-5.028570263180882,-1.426265299320221,0.2949185371398926,0.005063922610133886,0.29827040433883667,4.704817771911621
-1.1905035972595215,-1.0189818739891052,-0.013903379440307617,4.221560478210449,0.9513136744499207,2.552370309829712
-0.7778739929199219,-2.793479561805725,-0.08251646906137466,4.487804412841797,1.4976533651351929,0.05142251402139664
-3.89779831469059,-4.211639657616615,0.08565258979797363,0.07358430325984955,0.07358430325984955,2.98935866355896
-6.075235651805997,-3.9816386625170708,-0.021008014678955078,0.002984238788485527,0.042492158710956573,3.8481974601745605
-3.83631842082832,-3.759032778441906,-0.03259587287902832,0.0007556205382570624,0.02848953753709793,2.882713556289673
-5.835086822509766,-3.5257952101528645,-0.9064488410949707,0.1669011116027832,0.06231881305575371,4.267298698425293
-5.363379732705653,-3.3436436653137207,-0.10850238800048828,0.005257352255284786,0.05633974075317383,4.324130535125732
-1.4801759719848633,-2.7876505851745605,-0.05459141731262207,3.8461103439331055,0.6890602111816406,2.835047721862793
-1.0428805351257324,-2.1109814643859863,0.08292198181152344,7.930195331573486,1.7273681163787842,2.4126715660095215
-2.5838098526000977,-2.122913122177124,0.204062569886446,2.218108654022217,1.7789690494537354,0.2650177478790283
-3.240394927561283,-0.0855298861861229,-0.10468387603759766,0.07112612575292587,0.07112612575292587,2.722504138946533
-5.317699895706028,-0.049643442034721375,0.08911514282226562,0.0037446157075464725,0.03612511605024338,3.9109930992126465
-6.099008311808575,-0.03727998211979866,0.013322830200195312,0.0008337597246281803,0.025153271853923798,2.9261727333068848
-4.9958425760269165,0.05983683466911316,1.191343069076538,1.1806544065475464,0.3127177357673645,4.6013383865356445
-5.651126017794013,0.020883619785308838,0.2866702079772949,0.004626641049981117,0.22651001811027527,4.551100254058838
-0.7472305297851562,0.13247531652450562,-0.042763471603393555,4.792247772216797,0.9909882545471191,2.4668185710906982
-3.4571542739868164,0.045964717864990234,-0.13913267850875854,3.9673852920532227,1.4134328365325928,0.26251375675201416
-3.057774782180786,-0.6547603607177734,0.008936882019042969,0.7251532077789307,0.7251532077789307,2.7950901985168457
-9.00893579237163,-0.7479895949363708,-0.13573575019836426,0.006205694749951363,0.4016575217247009,3.7972328662872314
-6.049903299368452,-0.7348701506853104,-0.13424921035766602,0.0008755664457567036,0.24730996787548065,2.8575592041015625
-6.398857414722443,-0.637601912021637,0.10752630233764648,0.46597403287887573,0.31598639488220215,4.166088104248047
-4.993663553148508,-0.6026061475276947,0.2399764060974121,0.004756208509206772,0.2354876697063446,4.669067859649658
-0.9309892654418945,-15.441550493240356,0.006251096725463867,13.874763488769531,2.529221296310425,2.531982898712158
-10.234454989433289,-7.841215372085571,0.030014991760253906,0.5758906602859497,2.2656924724578857,2.291574478149414
-0.29282522201538086,-4.989856004714966,0.16401290893554688,2.060263156890869,2.2214691638946533,2.571131944656372
-5.131593704223633,-3.4890248775482178,0.2340182214975357,0.44028615951538086,2.00630784034729,0.35288867354393005
-3.8623487167060375,-1.38596336171031,-0.05279541015625,0.02963145449757576,0.02963145449757576,2.733948230743408
-5.853645862778649,-1.2598102372139692,0.045660972595214844,0.0026959760580211878,0.015359969809651375,3.8420119285583496
-7.32842342479853,-1.1513484613969922,0.05158352851867676,0.000896052282769233,0.011859546415507793,2.7516255378723145
-4.14102828502655,-0.7396293878555298,0.4338836669921875,1.6731244325637817,0.4272235631942749,4.677217960357666
-6.04171918798238,-0.7348377406597137,0.19631266593933105,0.0031969649717211723,0.3431636393070221,3.4639811515808105
0.41118431091308594,0.45251941680908203,0.09858870506286621,13.295880317687988,2.5000689029693604,2.552607774734497
-0.1503162384033203,0.7346255779266357,0.029251813888549805,5.5951337814331055,2.9483642578125,2.4575889110565186
-0.2725710868835449,0.7391395568847656,-0.0349583625793457,3.4855799674987793,3.02232027053833,2.6947999000549316
-5.700570821762085,0.5574502944946289,0.026358604431152344,1.81715989112854,2.888148307800293,2.6805834770202637
-3.889279842376709,0.3401648998260498,-0.05819433927536011,2.3556909561157227,2.8277480602264404,0.1572159230709076
-4.724073618650436,-1.444616287946701,0.042360782623291016,0.3501613438129425,0.3501613438129425,2.9134631156921387
-6.316106355283409,0.16439469018951058,-0.02478790283203125,0.004177534487098455,0.16684667766094208,3.7620315551757812
-3.7754613430588506,0.11567745637148619,-0.04121279716491699,0.0007284610182978213,0.11721288412809372,2.915123701095581
-5.8799101412296295,0.042184099555015564,-0.9356927871704102,0.3876288831233978,0.1751301884651184,4.51017427444458
-5.949067905545235,0.07360918819904327,-0.34735774993896484,0.002372428774833679,0.17385746538639069,4.941429138183594
-0.6963858604431152,0.0213700532913208,-0.08400130271911621,6.316424369812012,1.1976131200790405,2.6964964866638184
2.4629697799682617,-0.2792469263076782,-0.1251375675201416,5.938493728637695,1.8629251718521118,2.5080387592315674
-3.770425796508789,-0.3451197147369385,-0.020787283778190613,3.3854827880859375,2.0589914321899414,0.22336895763874054
-5.1118368729949,0.055852293968200684,0.03945565223693848,0.09055045992136002,0.09055045992136002,2.8371005058288574
-5.0546457609161735,0.02001488208770752,0.0832359790802002,0.0029633203521370888,0.041151609271764755,3.896028995513916
-3.8744615963078104,0.017115949653089046,-0.1408991813659668,0.0007784912013448775,0.03134562447667122,2.813847303390503
-5.788819193840027,-0.17410627007484436,0.5252475738525391,0.8883320093154907,0.24385446310043335,5.160429954528809
-5.733682258287445,-0.13739199936389923,0.23052120208740234,0.002622024854645133,0.20105163753032684,5.06854248046875
-1.7167625427246094,-0.6688543558120728,0.018027305603027344,8.567197799682617,1.5914160013198853,2.4476664066314697
-2.5059261322021484,-0.7011646032333374,-0.04521036148071289,3.6079492568969727,1.8858755826950073,2.440737247467041
2.091691017150879,-0.7772624492645264,-0.03940892219543457,6.352597236633301,2.448173999786377,2.167853832244873
-0.3432044982910156,-0.5640597343444824,-0.048435211181640625,4.600627899169922,2.6784448623657227,2.074282169342041
-2.2138586044311523,-0.6876060962677002,-0.027072906494140625,3.2941503524780273,2.75068736076355,2.1408286094665527
-1.5208897590637207,-0.6571533679962158,-0.0271151065826416,6.2481255531311035,3.0662941932678223,2.4510300159454346
-1.1110920906066895,-2.7761402130126953,0.00390625,6.785456657409668,3.381959915161133,2.6518874168395996
-1.0785331726074219,-1.353177547454834,0.01061701774597168,3.361809730529785,3.371300220489502,2.293402910232544
-5.1464385986328125,-0.8282549381256104,-0.026125431060791016,3.5172719955444336,3.3906280994415283,2.44978404045105
-2.027986764907837,-0.35045456886291504,-0.010067939758300781,3.640044927597046,3.4270827770233154,2.506587505340576
-5.202148914337158,0.06794190406799316,-0.14531230926513672,2.1264848709106445,3.3748748302459717,2.0227861404418945
-3.9738197326660156,0.01834273338317871,-0.05976414680480957,3.6438941955566406,3.3797969818115234,2.4971463680267334
-5.938410118222237,0.30365967750549316,-0.0754094123840332,0.19200865924358368,3.1932146549224854,2.1896204948425293
-2.9093137979507446,0.9625358581542969,-0.0447537899017334,1.72661292552948,3.1008474826812744,2.247817039489746
-4.740087032318115,1.098578929901123,-0.10520097613334656,1.4703149795532227,3.0390400886535645,0.06576430797576904
-5.476636439561844,-1.3626058399677277,0.16483759880065918,0.1562308967113495,0.1562308967113495,3.021758556365967
-7.09591969451867,0.05947719723917544,0.17748737335205078,0.0032633880618959665,0.06186603754758835,3.852478504180908
-5.704952018801123,0.042717521311715245,0.21393108367919922,0.0007150000892579556,0.044298574328422546,3.041633129119873
-3.983872339129448,-0.25196410715579987,-0.9992852210998535,0.2284136563539505,0.08915914595127106,3.2334675788879395
-4.1387334677856416,-0.1685585230588913,-0.27201080322265625,0.002520957263186574,0.06723049283027649,4.248137474060059
-0.8352794647216797,-0.24222469329833984,-0.11490559577941895,4.970705032348633,0.8885238170623779,2.6175220012664795
-3.2103404998779297,-0.2046492099761963,0.04446311295032501,3.022322177886963,1.1923907995224,0.12938547134399414
-4.666309606283903,-1.315765392035246,-0.03065204620361328,0.04414151981472969,0.04414151981472969,2.9880759716033936
-5.301861698972061,0.020100391935557127,0.07844924926757812,0.0017910643946379423,0.022351864725351334,3.9146969318389893
-4.112343218526803,0.014546534046530724,-0.07117652893066406,0.0007277462864294648,0.016066865995526314,2.711244821548462
-4.762526571750641,-0.12173506617546082,0.9614076614379883,0.5803069472312927,0.15688082575798035,3.662461757659912
-6.680041927611455,-0.07359243929386139,0.3436465263366699,0.0023988301400095224,0.12608912587165833,5.005383491516113
-4.257894039154053,-0.25352001190185547,0.020924806594848633,3.595888614654541,0.7028141021728516,2.3940398693084717
-4.612087428569794,-0.14926296472549438,0.026124000549316406,0.7482813000679016,0.7157649993896484,2.3607819080352783
0.7742214202880859,0.11938583850860596,0.040062665939331055,6.90696907043457,1.4881305694580078,2.4870710372924805
-1.6836605072021484,-8.718458890914917,0.08298349380493164,12.833211898803711,2.7508251667022705,2.4316890239715576
-8.538336277008057,-5.389964818954468,0.09891223907470703,3.970262050628662,2.8767340183258057,1.8520116806030273
-8.165625184774399,-2.915611743927002,0.03327810764312744,0.3723863661289215,2.651686668395996,1.9647337198257446
-2.3040835857391357,-2.0147287845611572,-0.005831718444824219,1.437636137008667,2.542212724685669,1.9510587453842163
-3.2754430770874023,-1.8566012382507324,-0.012521505355834961,5.531055450439453,2.7839865684509277,2.3731539249420166
-0.5850954055786133,-1.4729948043823242,-0.10821831226348877,4.674520492553711,2.9317593574523926,0.049089401960372925
-1.5128280892968178,-2.7474131360650063,0.22233200073242188,0.11646344512701035,0.11646344512701035,2.980776786804199
-5.406327564269304,-2.3451418802142143,0.044919729232788086,0.004796665161848068,0.05089331418275833,3.6961560249328613
-3.224590875674039,-2.0289859287440777,-0.02765369415283203,0.000819347333163023,0.03864603117108345,2.8389835357666016
-8.340421929955482,-0.7877469062805176,-0.2938575744628906,0.15902303159236908,0.07312887907028198,4.197964668273926
-4.781891900463961,-0.3800868019461632,-0.02870035171508789,0.0019311128417029977,0.05851668864488602,4.365408420562744
-1.86419677734375,-1.6156216263771057,0.02700209617614746,4.213203430175781,0.748407781124115,2.667649745941162
-4.539764046669006,-1.511774718761444,-0.11798310279846191,1.4234660863876343,0.8479061722755432,2.4152166843414307
-1.2671284675598145,-1.5064356327056885,0.04666018486022949,3.587470531463623,1.2007954120635986,2.2175605297088623
-6.489435374736786,-1.1871532201766968,0.27395832538604736,0.38425666093826294,1.1081990003585815,0.47531208395957947
-6.155144803225994,-0.7562500163912773,-0.01237940788269043,0.03444135934114456,0.03444135934114456,2.5789945125579834
-7.722284710500389,0.01649757695849985,-0.04220843315124512,0.002773845102638006,0.018263056874275208,3.7531814575195312
-4.004803034185898,0.010944605339318514,0.07884883880615234,0.0008126770262606442,0.012216581963002682,3.1267075538635254
-4.548827171325684,0.4283284619450569,-0.025081634521484375,2.1454544067382812,0.5447419881820679,4.44069766998291
-4.862791587132961,0.37236764281988144,0.2623629570007324,0.0025553214363753796,0.4523213803768158,3.875713348388672
-1.9974260330200195,-0.16512489318847656,0.06153273582458496,9.56540298461914,1.9971933364868164,2.242225170135498
-2.859036445617676,-0.28618931770324707,-0.052371978759765625,6.224462509155273,2.6243255138397217,2.022982358932495
1.821457862854004,-0.3405897617340088,-0.11137032508850098,9.053398132324219,3.4029669761657715,2.102893352508545
-0.24886226654052734,-0.3762834072113037,-0.11642861366271973,6.463668346405029,3.7426507472991943,2.232466220855713
-5.464674711227417,1.2268571853637695,-0.12179231643676758,2.1949942111968994,3.5806126594543457,2.288325071334839
-6.955626010894775,1.2080812454223633,-0.06450748443603516,2.1420493125915527,3.447705030441284,1.9770879745483398
-3.752638101577759,0.7312297821044922,-0.07174968719482422,3.758042097091675,3.4710378646850586,1.8763301372528076
-5.909602880477905,0.676854133605957,-0.12316131591796875,3.1354830265045166,3.4325919151306152,2.08125901222229
1.3994805812835693,0.20601987838745117,-0.04227614402770996,4.413962364196777,3.4957430362701416,1.7727186679840088
-4.077374458312988,0.10199332237243652,-0.046926259994506836,4.843569755554199,3.6149983406066895,1.7990312576293945
-3.0011940598487854,0.2808101177215576,-0.05753183364868164,0.8446905016899109,3.426314353942871,1.9897878170013428
-0.3178067207336426,0.24034476280212402,-0.1030130386352539,3.411177635192871,3.4353950023651123,1.9878625869750977
-0.48793768882751465,0.31186819076538086,-0.08559012413024902,3.1260223388671875,3.4108285903930664,2.172837495803833
0.06628179550170898,0.1611316204071045,-0.1356215476989746,5.154703140258789,3.488126754760742,0.19096308946609497
-6.279435038566589,-1.0013384819030762,0.25354719161987305,0.6267434358596802,0.6267434358596802,2.8167805671691895
-4.129314570687711,-1.234881229698658,0.03484511375427246,0.007399887777864933,0.11699037998914719,3.675987720489502
-4.615001111116726,-1.070469319820404,0.1643517017364502,0.0008789013954810798,0.08642572164535522,3.0370094776153564
-4.013897284865379,-0.9179528802633286,-0.32550811767578125,0.15391601622104645,0.10955597460269928,4.255939483642578
-4.052329040365294,-0.8050945997238159,0.09978365898132324,0.002430938882753253,0.10484433174133301,3.4554061889648438
-1.7303454875946045,-2.2521888613700867,0.3527648448944092,2.5059773921966553,0.5023205876350403,2.7676870822906494
1.4408226013183594,-4.123974561691284,0.19875751435756683,7.698103904724121,1.5331752300262451,0.31094086170196533
-5.111398950219154,-1.778227224946022,-0.07819747924804688,0.19172261655330658,0.19172261655330658,2.5381054878234863
-3.2496392615139484,-1.6393130421638489,-0.05501747131347656,0.006129514425992966,0.1049460768699646,3.816544771194458
-5.760621821391396,-1.4767085686326027,0.01842951774597168,0.0007397775771096349,0.08666344732046127,2.807145833969116
-7.577724099159241,-0.7016330063343048,0.6376392841339111,1.10336434841156,0.328101247549057,4.495483875274658
-5.306794262956828,-0.2583858370780945,0.012359380722045898,0.0020598401315510273,0.2696543335914612,3.7158634662628174
-1.8264245986938477,-1.0743376016616821,-0.1585235595703125,6.2651262283325195,1.233625054359436,2.541576862335205
-0.6240160465240479,-0.9701226949691772,-0.10678720474243164,3.4366514682769775,1.514090895652771,2.558938503265381
-4.212393283843994,-0.8128306865692139,-0.11509108543395996,1.9439349174499512,1.6010301113128662,2.4535281658172607
-1.6198983192443848,-0.6547950506210327,-0.07312774658203125,4.38947868347168,1.9200085401535034,2.4791502952575684
-6.651391983032227,-0.7080020904541016,-0.032161712646484375,6.273679733276367,2.35487961769104,2.7378933429718018
-2.5401206016540527,-0.6117632389068604,0.038948774337768555,2.2200284004211426,2.343865394592285,2.583435297012329
-6.417957305908203,-0.3019986152648926,-0.0007921457290649414,4.705190658569336,2.533982515335083,1.955034852027893
-2.0987744331359863,-0.30893850326538086,0.030713319778442383,3.2875781059265137,2.5893542766571045,2.352144718170166
-3.685124397277832,0.9293363094329834,-0.0058481693267822266,2.505702018737793,2.5912559032440186,2.472155809402466
-10.741969585418701,1.3444219827651978,-0.10014450550079346,1.1518378257751465,2.4958176612854004,1.8600250482559204
-3.973992109298706,1.072052001953125,-0.08542841300368309,1.8499200344085693,2.464155673980713,0.06015424802899361
-4.478156387805939,-2.3080275654792786,0.1843094825744629,0.12758606672286987,0.12758606672286987,2.8671419620513916
-5.607671803794801,-2.300689361989498,0.024965286254882812,0.006906920112669468,0.06463585048913956,3.813278913497925
-3.523258316970896,-2.2485843263566494,0.03914141654968262,0.0006736631621606648,0.043501559644937515,2.987776279449463
-8.740537941455841,-2.170246571302414,-0.4746053218841553,0.17230290174484253,0.07638195157051086,2.583925724029541
-5.105147225316614,-2.1158486381173134,-0.2441558837890625,0.003547804895788431,0.06338133662939072,2.993269443511963
-2.536919593811035,-0.8954368829727173,0.09563183784484863,8.532116889953613,1.475329041481018,2.1467511653900146
-3.2401565313339233,-0.9486708641052246,0.15788841247558594,0.8885270357131958,1.388098955154419,2.4240965843200684
-8.034355998039246,-1.0146726369857788,0.12983332574367523,0.5103484392166138,1.2769747972488403,0.3788307309150696
-4.730420216917992,-0.026691555976867676,0.04249835014343262,0.11642684042453766,0.11642684042453766,2.5099689960479736
-7.724512252025306,0.00635123997926712,-0.005166769027709961,0.010228005237877369,0.06347685307264328,3.8957812786102295
-3.5140732442960143,0.001750558614730835,0.0918271541595459,0.0006781900301575661,0.04196757450699806,2.9216246604919434
-4.406708717346191,0.217659592628479,0.4644489288330078,1.7541742324829102,0.4679172933101654,3.1609878540039062
-2.298182653961703,0.17793011665344238,0.05869007110595703,0.0032881025690585375,0.36229434609413147,2.7669496536254883
-2.7596781253814697,0.15639948844909668,-0.12907004356384277,2.739316701889038,0.7577328085899353,2.6814725399017334
-0.35823535919189453,0.3107043504714966,-0.13764739036560059,5.385822296142578,1.4227896928787231,2.312509775161743
-1.65232515335083,-1.1613731384277344,-0.12678909301757812,2.837106227874756,1.5908136367797852,2.5393567085266113
-3.4551987648010254,-0.22651267051696777,-0.11358523368835449,2.872459888458252,1.7240521907806396,2.1950230598449707
1.0689268112182617,-2.0462286472320557,-0.11840367317199707,9.57056713104248,2.5013062953948975,2.4153430461883545
-6.4056196212768555,-2.134444236755371,-0.1043996810913086,5.327542304992676,2.7448225021362305,2.0620880126953125
-3.501981258392334,-1.53816819190979,-0.09509444236755371,1.5289521217346191,2.660935163497925,2.431758403778076
-2.4087464809417725,-1.240652084350586,-0.05283856391906738,2.492157220840454,2.657956123352051,2.325514554977417
-5.6819987297058105,-1.8524117469787598,-0.21834754943847656,4.157949924468994,2.7643942832946777,2.2689497470855713
-3.21942138671875,-1.5909693241119385,-0.11097025871276855,2.1817636489868164,2.7293589115142822,2.300591230392456
0.8217678070068359,1.0742993354797363,-0.11596369743347168,2.4917068481445312,2.7013940811157227,2.4037413597106934
-0.6071090698242188,-0.9710531234741211,-0.0936126708984375,4.949342250823975,2.8310375213623047,2.330737352371216
-1.6140697002410889,-0.7411584854125977,-0.13826990127563477,2.3676750659942627,2.810638189315796,2.1378092765808105
-1.8906288146972656,-0.6237053871154785,-0.12615633010864258,3.66219425201416,2.87686824798584,2.104759454727173
-2.4089412689208984,-0.49349212646484375,-0.055654287338256836,2.635923385620117,2.856112241744995,2.3723294734954834
0.04823875427246094,-0.5892884731292725,-0.06872367858886719,6.004504203796387,3.015817880630493,2.5877556800842285
-2.2898120880126953,-0.957974910736084,-0.09942841529846191,8.68466567993164,3.274899959564209,2.381115198135376
-8.151927947998047,-1.0218052864074707,-0.10689425468444824,5.030376434326172,3.359177589416504,2.1580052375793457
-0.7853150367736816,-0.8814516067504883,-0.10157060623168945,3.1572890281677246,3.331806182861328,2.3295397758483887
-0.29491376876831055,-0.7867364883422852,-0.13939309120178223,3.0147924423217773,3.3123083114624023,2.3016417026519775
-1.9540586471557617,-0.8279135227203369,-0.1170351505279541,5.903398513793945,3.417618989944458,2.2646842002868652
0.7196874618530273,-1.0283875465393066,-0.04317665100097656,9.288825988769531,3.6232080459594727,1.9089434146881104
-4.691322326660156,-1.1862964630126953,-0.0735321044921875,8.284173011779785,3.8037142753601074,2.1342430114746094
-1.7527637481689453,-1.0739595890045166,-0.05256175994873047,3.9444093704223633,3.800044298171997,2.3064351081848145
-7.455428600311279,-0.8826959133148193,-0.06867170333862305,1.5151572227478027,3.7408440113067627,2.072448968887329
-5.157597482204437,-0.7071259021759033,-0.05441999435424805,0.4656906723976135,3.6348698139190674,2.465308666229248
-1.9257771968841553,-0.6243648529052734,-0.05074119567871094,3.010197877883911,3.6241555213928223,2.3967080116271973
-2.7695229053497314,-0.588050127029419,-0.11089956760406494,3.91227650642395,3.6432173252105713,1.9712120294570923
-0.6868896484375,-0.5532917976379395,-0.07028341293334961,4.370719909667969,3.6694250106811523,2.4360570907592773
-4.782217025756836,-0.5047049522399902,-0.09004044532775879,2.7225074768066406,3.644735336303711,2.3632845878601074
-3.339261531829834,0.5379633903503418,-0.024543091654777527,2.465942859649658,3.6053247451782227,0.11679883301258087
-4.144275866448879,-1.729230485856533,-0.08560037612915039,0.0860622301697731,0.0860622301697731,2.644376277923584
-6.606648116838187,-1.133981715887785,-0.03536725044250488,0.005122513044625521,0.04764758422970772,3.5823051929473877
-2.947997573937755,-0.8701839745044708,-0.03506755828857422,0.0008501967531628907,0.03387543559074402,2.8129289150238037
-4.367488920688629,-0.593325600028038,-0.06232476234436035,0.5897025465965271,0.17317606508731842,2.668952465057373
-5.3486298739444464,-0.5089809596538544,-0.12692499160766602,0.003663140581920743,0.1413256824016571,4.198601722717285
-2.232725143432617,-0.2585068941116333,-0.26269960403442383,5.967416763305664,1.1155778169631958,2.189382553100586
-2.6075310707092285,-0.24596822261810303,-0.30002403259277344,1.1223938465118408,1.134340524673462,2.1812784671783447
-6.125784784555435,-0.21029818058013916,-0.17750956118106842,0.19576701521873474,1.0124050378799438,0.08893446624279022
-5.737699626013637,-0.1402109246701002,0.16461753845214844,0.021876217797398567,0.021876217797398567,2.8758089542388916
-6.8302993543911725,-0.0980765176936984,0.0932469367980957,0.0026645890902727842,0.012027171440422535,3.8900864124298096
-6.135811979882419,-0.07404175400733948,0.06498575210571289,0.0005901502445340157,0.008045457303524017,2.910767078399658
-4.137112706899643,-0.2254437729716301,0.5851321220397949,0.43704691529273987,0.11548913270235062,3.6781349182128906
-3.6763306171633303,-0.18598106503486633,0.039568185806274414,0.003632971551269293,0.1035192608833313,3.195746898651123
-0.8250167369842529,-0.2324819564819336,-0.0035500526428222656,3.146355152130127,0.6100687980651855,2.589715003967285
-2.160109519958496,-0.4554336667060852,0.019290685653686523,3.0389137268066406,0.9486395716667175,2.6092312335968018
-3.514228105545044,-4.487290740013123,-0.06694769859313965,3.833066701889038,1.3066078424453735,2.6764743328094482
-3.0987905263900757,-2.6615660190582275,-0.004106044769287109,1.3968549966812134,1.315932035446167,2.62068510055542
-4.633556365966797,-2.024528384208679,-0.041745662689208984,3.242997169494629,1.5243767499923706,2.5426366329193115
0.6991159915924072,-1.8133445978164673,0.0077517032623291016,3.5221657752990723,1.7046900987625122,2.1146631240844727
-2.1543970108032227,-1.6138813495635986,0.0513911247253418,6.7731733322143555,2.119969606399536,1.975468397140503
-3.3773250579833984,-1.561171293258667,0.10519018769264221,2.8559536933898926,2.1891348361968994,0.15371118485927582
-3.3824604488909245,-0.08334938809275627,-0.31090855598449707,0.03764047846198082,0.03764047846198082,2.7029008865356445
-4.826998817268759,-0.04031127132475376,-0.12375259399414062,0.005516899283975363,0.021864300593733788,3.7733089923858643
-5.0533664840622805,-0.02429343108087778,-0.1922140121459961,0.0006009918288327754,0.01416496466845274,2.7958693504333496
-6.497051119804382,0.016688600182533264,-0.48586606979370117,0.6943455934524536,0.1838396042585373,2.585515260696411
-6.513563378946856,0.014380797743797302,-0.36446189880371094,0.0026223815511912107,0.14907747507095337,2.641658067703247
-2.9185104370117188,0.11256670951843262,-0.4230320453643799,5.344141006469727,1.0150141716003418,2.5805935859680176
-2.936750888824463,0.311612606048584,-0.4084240719676018,4.546894550323486,1.5175367593765259,0.07145459204912186
-3.850620411336422,-4.648111008107662,0.22875571250915527,0.046411849558353424,0.046411849558353424,2.9121241569519043
-2.0143262767232955,0.021159209543839097,0.08781552314758301,0.002651748713105917,0.023301726207137108,3.819073438644409
-5.0126713287318125,0.012206678744405508,-0.10861063003540039,0.0006567466771230102,0.013722161762416363,2.7856595516204834
-4.038377910852432,-0.12041134387254715,0.7261838912963867,0.43818745017051697,0.12132864445447922,3.26625394821167
-4.770610207924619,-0.04065951704978943,0.05632662773132324,0.0031610780861228704,0.13562318682670593,2.6217103004455566
-2.4842476844787598,-0.1484050154685974,-0.16376519203186035,2.7099814414978027,0.550646960735321,2.5347213745117188
-1.6591267585754395,-0.32469403743743896,-0.10135054588317871,2.0870838165283203,0.7733907699584961,2.680016279220581
-5.191000580787659,-0.5046629309654236,-0.0796973705291748,1.6236127614974976,0.8510690331459045,2.48551607131958
1.6465253829956055,-5.500236392021179,-0.07708287239074707,6.196419715881348,1.455755352973938,2.203784465789795
-1.444150686264038,-3.7873512506484985,-0.08550620079040527,3.935737371444702,1.708156943321228,2.102699041366577
-2.4647655487060547,-4.249528169631958,-0.0562741756439209,7.9588470458984375,2.273791551589966,2.412125825881958
-2.6042604446411133,-3.3644936084747314,-0.039229631423950195,2.4491829872131348,2.274073362350464,2.6060919761657715
1.4785900115966797,-3.635590076446533,-0.048259735107421875,9.91402530670166,2.858330249786377,1.774542212486267
-0.2287912368774414,-3.5103704929351807,-0.028033018112182617,6.4957427978515625,3.1371819972991943,1.9732882976531982
1.1037211418151855,-3.267505168914795,-0.04589736461639404,6.057260990142822,3.3297739028930664,1.9927533864974976
0.552116870880127,-3.066906452178955,-0.014200210571289062,5.704172134399414,3.47514009475708,2.4089016914367676
-3.6470903158187866,2.720718264579773,-0.04984283447265625,0.4806286096572876,3.2977445125579834,2.5189430713653564
-0.8211069107055664,-3.0492959022521973,-0.012434244155883789,11.865312576293945,3.7826194763183594,2.520214557647705
-1.1144905090332031,-3.009373903274536,-0.03557133674621582,6.073958873748779,3.8994476795196533,2.2465386390686035
-1.1119775772094727,-3.8966474533081055,-0.05057024955749512,11.767141342163086,4.298053741455078,2.175600528717041
-0.19997501373291016,-3.2838401794433594,-0.07193207740783691,4.721062660217285,4.311964988708496,2.1490578651428223
-2.465625762939453,-2.634824275970459,-0.04220890998840332,2.96506404876709,4.250462055206299,2.5873565673828125
-3.9153618812561035,-2.2124686241149902,-0.027913570404052734,4.0283637046813965,4.243330478668213,2.6204302310943604
-8.359765383182094,-1.5973701477050781,-0.023183345794677734,0.0027510200161486864,4.058413028717041,2.3435218334198
-3.1324920654296875,-1.2986323833465576,0.01018492877483368,2.3021721839904785,3.989325761795044,0.0597708597779274
-4.255917679518461,-1.4067604653537273,-0.040117502212524414,0.03671299293637276,0.03671299293637276,2.9025707244873047
-6.776903259567916,-1.2388863526284695,-0.08588933944702148,0.006263625808060169,0.023728493601083755,3.7117950916290283
-5.1019523364375345,0.0156506568309851,-0.07169699668884277,0.0007216709782369435,0.01645892672240734,2.9482014179229736
-4.248126849532127,-0.21120482310652733,-0.5412087440490723,0.17892850935459137,0.05668983235955238,2.9481914043426514
-4.897605172824115,-0.14975517243146896,-0.2322087287902832,0.0033786376006901264,0.04641211777925491,4.16209077835083
-5.452333450317383,-0.48316115140914917,-0.21512198448181152,4.64015007019043,0.8191681504249573,2.285787582397461
-0.9198323488235474,-0.3976084589958191,-0.21411991119384766,1.1921032667160034,0.8760274052619934,2.488171100616455
-4.519151031970978,-0.35370391607284546,-0.1545044481754303,0.15750712156295776,0.7768698334693909,0.16036632657051086
-4.300349421799183,-1.2067486718297005,0.09063005447387695,0.018282704055309296,0.018282704055309296,2.8132052421569824
-4.78136693383567,-0.9819740569218993,-0.09347653388977051,0.002713571535423398,0.010909982956945896,3.766660690307617
-2.005438482912723,-0.8271923209540546,-0.08637046813964844,0.0007406114018522203,0.007406279910355806,2.7866196632385254
-5.999760150909424,-0.7172977328300476,0.09325051307678223,0.7076559066772461,0.18247318267822266,3.488507032394409
-5.5943723465316,-0.6333458870649338,0.13991212844848633,0.004845068324357271,0.1401783972978592,2.9438700675964355
1.419093132019043,-6.052725195884705,-0.02662968635559082,6.346951484680176,1.1640573740005493,2.439333915710449
-2.252464532852173,-4.008334159851074,-0.03739666938781738,2.056276559829712,1.2920618057250977,2.3087120056152344
-2.188662528991699,-3.386556386947632,-0.0046122074127197266,4.020132064819336,1.635420560836792,2.4410881996154785
-2.6812682151794434,-2.5012303590774536,0.03048849105834961,2.1674656867980957,1.6907705068588257,2.529860496520996
-5.7736616134643555,-3.4039061069488525,-0.07357335090637207,6.345231056213379,2.162980318069458,2.494378089904785
-3.384861946105957,-2.8683290481567383,-0.07060647010803223,2.986326217651367,2.230010986328125,2.542616605758667
-5.306965589523315,-2.7027804851531982,-0.08515644073486328,3.936906099319458,2.383171319961548,2.243474006652832
-2.0590386390686035,-2.535616397857666,-0.07618880271911621,5.4599385261535645,2.6066083908081055,2.2898333072662354
-2.825227737426758,-2.523170232772827,-0.04210019111633301,7.531644821166992,2.954458475112915,2.5144639015197754
-4.693652868270874,-2.22880482673645,-0.07130646705627441,3.5186922550201416,3.012486696243286,2.248166799545288
-0.9134960174560547,0.36045265197753906,-0.09326362609863281,2.618128776550293,2.9878575801849365,2.176199436187744
-1.8885533809661865,0.24390769004821777,-0.09945917129516602,2.0632882118225098,2.9309215545654297,2.6267144680023193
-3.8574533462524414,-0.37004804611206055,-0.09331011772155762,2.0757265090942383,2.8781933784484863,2.546674966812134
-2.610220193862915,-0.6890215873718262,-0.07652711868286133,3.975078821182251,2.938206911087036,2.363701343536377
0.4926729202270508,-1.423985481262207,-0.10080718994140625,8.810498237609863,3.242699146270752,2.3043909072875977
-5.325286030769348,-1.0506486892700195,-0.1047518253326416,1.8380640745162964,3.160470485687256,2.474465847015381
-0.7925550937652588,-0.9553050994873047,-0.09036827087402344,3.8113620281219482,3.1860227584838867,2.4354166984558105
-4.04301905632019,-0.23183393478393555,-0.09691429138183594,3.6507928371429443,3.209446668624878,2.6573970317840576
-3.557785987854004,-2.9626383781433105,-0.07243609428405762,9.298052787780762,3.458700180053711,2.294318914413452
-0.5917627811431885,-1.854036569595337,-0.07699823379516602,3.3393301963806152,3.4645884037017822,2.5354044437408447
-6.13921594619751,-1.1477086544036865,-0.09208941459655762,2.036318302154541,3.3997013568878174,2.725939989089966
-6.2576751708984375,-1.3493952751159668,-0.07820677757263184,3.517165184020996,3.4052462577819824,2.5188729763031006
-2.4939632415771484,-1.371544599533081,-0.07410311698913574,4.698663234710693,3.453613519668579,2.303699254989624
-2.2546314001083374,-1.0293102264404297,-0.07325077056884766,1.688942551612854,3.3940653800964355,2.3907723426818848
-3.653968334197998,-1.233231782913208,-0.05817747116088867,7.5079169273376465,3.5328924655914307,2.177999973297119
-0.6384716033935547,-0.7466683387756348,-0.03348040580749512,4.2918901443481445,3.5620059967041016,2.4815914630889893
-4.286683142185211,1.1880040168762207,-0.08306550979614258,0.2663096785545349,3.4604849815368652,1.930856704711914
-3.0697709918022156,1.6072064638137817,-0.018285512924194336,0.9893105626106262,3.3858516216278076,2.1816937923431396
-4.056039810180664,1.1153252124786377,-0.024483680725097656,4.503922462463379,3.4200973510742188,2.2877840995788574
-1.7984838485717773,0.7951323986053467,-0.02430868148803711,4.504304885864258,3.4389359951019287,2.108060359954834
-5.073837623000145,1.071441650390625,-0.0024929940700531006,0.2417847067117691,3.349283456802368,0.07389258593320847
-4.61618996411562,-1.823883779346943,0.039037466049194336,0.033934585750103,0.033934585750103,2.7711374759674072
-6.51100420858711,-1.6113972309976816,0.09998059272766113,0.004628420807421207,0.02012256346642971,3.7653679847717285
-3.625068320892751,0.012344333808869123,-0.06730365753173828,0.0007103541865944862,0.013254082761704922,2.7377076148986816
-3.6876609921455383,-0.49347981065511703,-0.14312219619750977,0.2982260584831238,0.08524862676858902,2.579638957977295
-4.165356213226914,-0.31365296989679337,-0.12662649154663086,0.003396933898329735,0.07123636454343796,2.4938762187957764
-2.073636054992676,-0.852661669254303,-0.4593939781188965,4.407855987548828,0.7949551939964294,2.418287992477417
-2.303843379020691,-0.6968180537223816,-0.3150961399078369,1.6729768514633179,0.9125245213508606,2.1673483848571777
-3.8709441423416138,-0.8744640350341797,-0.2546379789710045,1.2995651960372925,0.9611033201217651,0.09945151954889297
-4.019814021885395,-1.4926935508847237,0.2023172378540039,0.05791138857603073,0.05791138857603073,2.9510855674743652
-5.988772707059979,-1.312214471399784,0.046584367752075195,0.002994222566485405,0.028496287763118744,3.833071231842041
-4.936689185444266,-1.1459631863981485,-0.17047953605651855,0.0007555014453828335,0.021677499637007713,2.6865108013153076
-5.924644201993942,-0.6742933467030525,0.3585658073425293,0.28976133465766907,0.08686207979917526,2.9811902046203613
-6.624692335724831,-0.388924777507782,0.1133575439453125,0.0035568326711654663,0.06869584321975708,2.7718863487243652
-1.161752700805664,-1.2159844636917114,0.004734992980957031,6.0546417236328125,1.0659414529800415,2.2684264183044434
-10.61799681186676,-0.947224497795105,0.029546499252319336,0.5594457387924194,0.9978176355361938,2.0700061321258545
-2.7170512825250626,-0.7587687373161316,-0.05890607833862305,0.1667632907629013,0.8904749751091003,2.3067026138305664
-4.79269403219223,-0.6013326644897461,-0.19162125885486603,0.14145761728286743,0.8109312057495117,0.05702066421508789
-4.194340284913778,-3.2236605249345303,0.051743268966674805,0.041499558836221695,0.041499558836221695,2.891557455062866
-5.028828478883952,-2.581516979262233,-0.09983444213867188,0.0022794236429035664,0.0194931048899889,3.6963400840759277
-4.629851485369727,-2.1478156745433807,-0.11424040794372559,0.0007256020326167345,0.01563003659248352,2.7503621578216553
-5.238753691315651,-1.9460130408406258,-1.1648633480072021,0.11549530923366547,0.040770940482616425,3.1261818408966064
-5.642690051812679,0.02445098850876093,0.0037398338317871094,0.0017539369873702526,0.03324667364358902,2.727156162261963
-5.098837375640869,-1.1325967907905579,-0.4965846538543701,5.602118968963623,0.9584397673606873,2.3884894847869873
-2.3002246618270874,-0.8298230171203613,-0.40244293212890625,1.2550042867660522,1.0233262777328491,2.103666067123413
-4.161123752593994,-1.1177423000335693,-0.20474934577941895,6.4721503257751465,1.7027184963226318,2.4586315155029297
-1.924739122390747,-0.8804972171783447,-0.20473051071166992,2.0019524097442627,1.734978199005127,2.1522068977355957
-4.086197137832642,-0.8567286729812622,-0.2437065988779068,1.4607446193695068,1.7171634435653687,0.10166196525096893
-4.9034797213971615,-2.959384348243475,0.17250347137451172,0.05991539731621742,0.05991539731621742,3.0046448707580566
-8.074215109925717,-2.7941669411957264,-0.003346681594848633,0.0015791100449860096,0.0291355662047863,3.6966781616210938
-4.672389899089467,-2.602515207603574,-0.08509635925292969,0.0008850948070175946,0.0214011799544096,2.6142048835754395
-5.627267241477966,-2.381733790040016,0.8707654476165771,0.38220274448394775,0.11184893548488617,3.636922836303711
-4.145784741267562,-2.2496615275740623,0.0647745132446289,0.004952544346451759,0.08629695326089859,2.9965100288391113
-5.806079864501953,-1.754749059677124,0.07977676391601562,4.064638137817383,0.750218391418457,2.347440719604492
-4.167308568954468,-1.510161578655243,0.11381838470697403,2.4622557163238525,0.9944434762001038,0.1945810765028
-3.3879064274951816,-0.1875789863988757,-0.242844820022583,0.014076118357479572,0.014076118357479572,2.9039978981018066
-6.324578309780918,-0.08861578023061156,-0.04541349411010742,0.0011138670379295945,0.007667864207178354,3.663269519805908
-2.101078256731853,-0.05879397876560688,-0.19791936874389648,0.0010776671115309,0.0054148342460393906,2.774014711380005
-4.447133779525757,-0.044438257813453674,-1.6178975105285645,0.931774377822876,0.23660041391849518,2.8465447425842285
-6.981825854163617,-0.036047279834747314,-0.2794046401977539,0.00301692308858037,0.18962398171424866,2.810115098953247
-1.7751049995422363,-0.16025114059448242,-0.1743628978729248,3.433544635772705,0.7176138758659363,2.5624423027038574
-3.07407283782959,-0.2214498519897461,-0.21143484115600586,3.1232404708862305,1.0678558349609375,2.7359423637390137
-4.901588439941406,-0.34193289279937744,-0.06537055969238281,4.571539878845215,1.5030685663223267,2.368147373199463
-3.3312381505966187,-0.3029358386993408,0.04694557189941406,0.5803788900375366,1.3926509618759155,2.669512987136841
-5.854774117469788,-0.30619966983795166,0.006013035774230957,0.31401050090789795,1.2861816883087158,0.2221808135509491
-4.381104622036219,-1.7902543880045414,0.05300569534301758,0.03242286667227745,0.03242286667227745,2.8474812507629395
-6.618072879500687,-1.7115573212504387,0.012326240539550781,0.00207673292607069,0.018302984535694122,3.7598767280578613
-6.5335841018822975,-1.6354335835203528,-0.06402301788330078,0.0009598892065696418,0.011570305563509464,2.776059150695801
-4.35958057641983,-1.4674838185310364,0.9631998538970947,0.7458071112632751,0.1956426501274109,3.675863265991211
-6.604369645938277,-1.4405704736709595,0.1426544189453125,0.006598943844437599,0.1528714895248413,2.8720667362213135
-1.0262236595153809,-1.1221405863761902,0.09950637817382812,2.3609180450439453,0.5224151015281677,2.4778788089752197
3.7589845657348633,-0.3088268041610718,0.11519873142242432,8.060843467712402,1.5979660749435425,1.9032195806503296
-2.930842876434326,-0.1334376335144043,-0.016089677810668945,3.334171772003174,1.829451322555542,2.327057123184204
-2.573291778564453,-0.08337318897247314,-0.024779081344604492,2.450078010559082,1.9055688381195068,2.510857343673706
0.985600471496582,-2.4344232082366943,-0.07378128170967102,6.4766435623168945,2.3684093952178955,0.1010851263999939
-3.5046360939741135,-4.697196528315544,0.003844738006591797,0.07109303772449493,0.07109303772449493,2.804713726043701
-3.685050051426515,-4.27273440733552,0.028569459915161133,0.0023581574205309153,0.03521895036101341,3.6135127544403076
-5.884067773877177,-3.901412269100547,-0.11454939842224121,0.0008456706418655813,0.027081230655312538,2.6858890056610107
-2.2679399847984314,-3.584296077489853,-1.205029010772705,0.48855286836624146,0.14069858193397522,2.745131492614746
-4.3157834080047905,-3.3589388579130173,-0.2615385055541992,0.002727124374359846,0.11245544254779816,3.135463237762451
-1.9427320957183838,-3.0171171724796295,-0.28635740280151367,1.7511565685272217,0.4034369885921478,2.2430925369262695
-1.3742542266845703,-2.42450749874115,-0.3417821638286114,4.813480854034424,1.0511666536331177,0.04307069256901741
-4.337531574070454,-2.100751645863056,0.17692089080810547,0.04297398775815964,0.04297398775815964,2.6758344173431396
-6.700400828849524,-1.4055262859910727,0.11747169494628906,0.0031247143633663654,0.022029751911759377,3.805222988128662
-3.9148119341698475,-1.061272183433175,-0.18545866012573242,0.0008036244544200599,0.01577826403081417,2.7300400733947754
-6.109300181269646,-0.9704774916172028,1.1427907943725586,0.18069405853748322,0.056271761655807495,3.9440910816192627
-6.434517431771383,-0.8150831870734692,0.23653936386108398,0.0027350897435098886,0.055078644305467606,3.1919116973876953
-2.0826010704040527,-0.5814015865325928,0.04230237007141113,3.0824904441833496,0.5670804977416992,2.375828742980957
-0.7295715808868408,-0.5001963376998901,-0.031446218490600586,3.1190690994262695,0.9371546506881714,2.2113776206970215
0.4778921604156494,-5.438476324081421,-0.018718719482421875,3.5047447681427,1.2533047199249268,2.2017531394958496
-5.604828596115112,-4.209345579147339,-0.06512673199176788,1.5252673625946045,1.2816760540008545,0.09225364029407501
-4.3529132604599,-0.9528325796127319,0.036590576171875,0.17675554752349854,0.17675554752349854,3.0099308490753174
-8.767831787699834,-0.939832791686058,0.10075545310974121,0.002063765889033675,0.10434927046298981,3.767857074737549
-7.406377289269585,-0.9052092060446739,-0.1556086540222168,0.0008139872807078063,0.06408665329217911,2.7097415924072266
-5.595834195613861,-0.84774249792099,-1.227525234222412,0.26073652505874634,0.10461640357971191,3.2178473472595215
-5.28693115292117,-0.783563569188118,-0.3162100315093994,0.0027593416161835194,0.09239982068538666,3.156179666519165
2.463475227355957,0.19650614261627197,-0.2699766159057617,8.4437837600708,1.4848748445510864,2.5723729133605957
-0.9058821201324463,0.34812963008880615,-0.18138694763183594,3.2063934803009033,1.7260950803756714,2.406923770904541
-5.700583755970001,1.1077899932861328,-0.12387019395828247,0.23091953992843628,1.535493016242981,0.1684047281742096
-3.0865934677422047,-4.706288654357195,0.04846978187561035,0.03688971325755119,0.03688971325755119,2.792269468307495
-5.68567213928327,-3.9354007747024298,0.11583256721496582,0.0018774517811834812,0.01931590773165226,3.870307207107544
-4.803323149622884,-3.3762333802878857,-0.04647946357727051,0.0008455515489913523,0.013656575232744217,2.725522518157959
-5.280095994472504,-2.9148918986320496,0.8911080360412598,0.7291069626808167,0.1920965313911438,3.608766555786133
-4.764334285631776,0.16334128787275404,-0.01783609390258789,0.0039552804082632065,0.1648186296224594,2.8063197135925293
-1.977722406387329,-1.5282445549964905,0.017253398895263672,2.738881826400757,0.5974430441856384,2.329137086868286
-3.677656352519989,-0.8696446418762207,0.06401681900024414,0.8342025876045227,0.6312556266784668,2.2547926902770996
-3.259512186050415,-0.6005109548568726,0.012367092072963715,3.5698277950286865,0.9989882707595825,0.11163505166769028
-4.35993979871273,-2.6353969424962997,-0.007124185562133789,0.16372181475162506,0.16372181475162506,2.902456760406494
-7.31078297062777,-2.5726435482501984,0.10745882987976074,0.0033282621297985315,0.08015391230583191,3.889115810394287
-4.851694412645884,-2.4524871557950974,-0.10880494117736816,0.0007817073492333293,0.058979108929634094,2.8383939266204834
-6.231465578079224,-2.288610115647316,0.038074493408203125,0.2550346851348877,0.10564933717250824,2.6783509254455566
-3.9888846026733518,-2.1916533857584,0.0664980411529541,0.0030198944732546806,0.08839808404445648,2.796997308731079
-1.0926885604858398,-1.3026443719863892,-0.008431434631347656,6.233628273010254,1.1228772401809692,2.3224377632141113
-3.192337453365326,-1.318323016166687,-0.05641627311706543,0.48752743005752563,1.0359493494033813,2.4976210594177246
-5.317188501358032,-1.363856554031372,-0.10465623438358307,0.21703410148620605,0.9179010391235352,0.16780410706996918
-4.072172127664089,-1.825542889535427,0.03271174430847168,0.019659079611301422,0.019659079611301422,2.9345009326934814
-6.310958073241636,-1.3893207535147667,0.03539586067199707,0.002034976379945874,0.01150987297296524,3.817786455154419
-4.5447665845858864,-1.1134843016043305,-0.060578346252441406,0.000745137978810817,0.007974944077432156,2.930873394012451
-5.87067985534668,-0.9940467476844788,1.0308361053466797,0.6261401176452637,0.16262632608413696,3.602369785308838
-4.810092908097431,-0.8332524597644806,0.03461432456970215,0.0038376033771783113,0.13307389616966248,2.7096750736236572
0.02105712890625,-8.458854079246521,0.021305084228515625,9.233747482299805,1.638848900794983,2.219928503036499
-2.8661956787109375,-4.714962005615234,-0.004468679428100586,4.449385643005371,2.0497279167175293,2.1807844638824463
-5.298277854919434,-3.088876247406006,-0.003126382827758789,1.8896236419677734,2.024580955505371,2.2255330085754395
-2.025099754333496,-2.235353708267212,-0.026572465896606445,2.7731428146362305,2.1123058795928955,2.662642002105713
-5.3003339767456055,-1.3981666564941406,-0.0033502578735351562,2.095554828643799,2.1100783348083496,2.1954362392425537
,-1.4657812118530273,-0.0632011890411377,3.1582727432250977,2.2200586795806885,2.122642993927002
-4.475886106491089,-1.1858248710632324,-0.05693244934082031,0.8417413234710693,2.099017381668091,2.185497522354126
-1.7710883617401123,-1.0487446784973145,-0.030551433563232422,2.8657820224761963,2.152019739151001,2.320206880569458
-3.0359678268432617,-0.9648613929748535,-0.014805793762207031,2.0535707473754883,2.140298843383789,2.4905779361724854
-6.848759651184082,-0.9003465175628662,-0.03949904441833496,3.8973560333251953,2.2675421237945557,2.497882127761841
-4.978432966396213,-0.7572789192199707,-0.05170774459838867,0.016228364780545235,2.1338441371917725,2.462998867034912
1.0762085914611816,-0.7520380020141602,-0.03345751762390137,5.184539794921875,2.3140804767608643,2.1700446605682373
0.6596393585205078,-3.422062873840332,-0.03471708297729492,5.930564880371094,2.510369300842285,2.1818628311157227
-4.684259414672852,-1.0165488719940186,-0.10586118698120117,2.061520576477051,2.489110231399536,2.1863863468170166
-0.7177166938781738,-1.4690730571746826,-0.05400872230529785,5.5381178855896,2.6427156925201416,2.351189374923706
-1.8469210863113403,-0.7622640132904053,-0.08284878730773926,1.0676523447036743,2.567744255065918,2.3448116779327393
-3.7358293533325195,-0.5350291728973389,-0.13305258750915527,2.819967746734619,2.590153217315674,2.3111770153045654
-2.8992477655410767,-0.24829435348510742,-0.09832000732421875,1.8007649183273315,2.550551652908325,2.5676214694976807
-6.0858473777771,-0.1589961051940918,-0.08913183212280273,2.024848461151123,2.526763916015625,2.5682973861694336
-5.373898595571518,2.354275122284889,-0.058170318603515625,0.21662035584449768,2.4390060901641846,2.7345967292785645
-5.282397747039795,1.1120414733886719,-0.07188653945922852,1.9938101768493652,2.4206736087799072,2.478318691253662
-2.1390185356140137,0.32007670402526855,-0.09270620346069336,3.3615822792053223,2.4597668647766113,2.15958833694458
-1.327343463897705,0.2594621181488037,-0.12375819683074951,3.146533489227295,2.484750509262085,1.9980322122573853
-0.3808166980743408,0.07029056549072266,-0.12860441207885742,3.70499587059021,2.525338649749756,2.3505637645721436
-1.9258251190185547,-0.1163167953491211,-0.04624462127685547,5.246128082275391,2.616234064102173,2.87800931930542
-3.7960054874420166,-0.11250638961791992,-0.07047462463378906,2.504612684249878,2.612783908843994,2.318328857421875
-4.537071704864502,1.9078158736228943,-0.08125948905944824,0.8121848106384277,2.555445671081543,2.7295279502868652
-3.822526693344116,1.0506949424743652,-0.0348353385925293,1.995359182357788,2.5378055572509766,2.785108804702759
-1.9649252891540527,0.7535696029663086,-0.041855573654174805,2.7025527954101562,2.5460147857666016,2.3882710933685303
-1.4159142971038818,0.5070092678070068,-0.06888198852539062,2.5386691093444824,2.5418994426727295,2.2702317237854004
-2.321497678756714,0.57573401927948,-0.1015784740447998,1.2374827861785889,2.507883310317993,2.043200969696045
-3.540017604827881,0.7829561233520508,-0.011637818068265915,0.7157397270202637,2.461887836456299,0.049726225435733795
-6.078819610178471,-2.8655322566628456,-0.11914682388305664,0.06790699809789658,0.06790699809789658,2.7159225940704346
-7.449340436607599,-2.5954059064388275,-0.06545090675354004,0.005361463874578476,0.03906741738319397,3.715815782546997
-5.756939479673747,0.023816848697606474,-0.1901688575744629,0.0007833749405108392,0.024589503183960915,2.88541579246521
-5.55408488214016,-0.03376351296901703,-0.3578062057495117,0.205222025513649,0.07031822204589844,2.567269802093506
-6.6620871282648295,-0.022749491035938263,-0.14969873428344727,0.0033591531682759523,0.05391651391983032,2.797426700592041
-5.763005971908569,-0.5391339063644409,-0.17869138717651367,3.880159616470337,0.6939389705657959,2.6059961318969727
-2.3809213638305664,-0.49157315492630005,-0.18177199363708496,1.0756189823150635,0.7386977076530457,2.4025373458862305
-1.577378749847412,-0.5788556337356567,-0.023363113403320312,5.4279632568359375,1.32621431350708,2.2781872749328613
-1.916570782661438,-0.4026663303375244,-0.06366324424743652,1.5916928052902222,1.3651915788650513,2.2209906578063965
-5.588013112545013,-0.32121527194976807,-0.15337902307510376,0.5340242981910706,1.270272135734558,0.18586495518684387
-5.162382774055004,-0.06300348788499832,0.04501700401306152,0.06611234694719315,0.06611234694719315,2.6601784229278564
-6.2346091154031456,-0.02526896446943283,0.004141092300415039,0.004137527663260698,0.036005500704050064,3.7485899925231934
-6.420347187900916,-0.01796380616724491,-0.03309178352355957,0.0008144637104123831,0.024517351761460304,2.831016778945923
-3.4264066219329834,-0.020427048206329346,0.4912583827972412,0.7045862674713135,0.19481448829174042,3.1512720584869385
-6.984254204900935,-0.024558112025260925,-0.04592084884643555,0.0032259586732834578,0.15654823184013367,2.701353073120117
-5.30502462387085,-0.3868972659111023,0.03197979927062988,2.9689488410949707,0.6115858554840088,2.2783737182617188
-2.622845411300659,-0.39734721183776855,0.011125564575195312,0.5411856174468994,0.5999890565872192,2.2384161949157715
-5.713688969612122,-0.3391103148460388,0.13595518469810486,0.3439520597457886,0.570576548576355,0.20643535256385803
-5.005735993385315,0.01963348686695099,-0.377777099609375,0.033348917961120605,0.033348917961120605,2.6810050010681152
-6.429981353925541,0.010555710177868605,-0.12546420097351074,0.0029696195852011442,0.018011780455708504,3.730229139328003
-4.411886865622364,0.009034501388669014,-0.16653132438659668,0.0007651500636711717,0.013644370250403881,2.7106893062591553
-4.497565805912018,0.07481283694505692,-1.0320961475372314,0.7546328902244568,0.197782501578331,2.7636020183563232
-3.3731791437603533,0.10519636422395706,-0.1013648509979248,0.002158218529075384,0.2199227511882782,2.6692843437194824
-5.825541973114014,0.06049764156341553,-0.3163423538208008,2.987694263458252,0.7223865389823914,2.1409363746643066
-2.7783055305480957,0.030055761337280273,-0.41541993618011475,0.5936074256896973,0.6846462488174438,1.9801734685897827
-0.2708394527435303,-0.0051691532135009766,-0.1333785057067871,3.126662015914917,0.9990975856781006,2.376105546951294
-3.400029182434082,-0.01839601993560791,-0.07115769386291504,4.845920562744141,1.4406498670578003,2.515622615814209
0.5128111839294434,-0.17851638793945312,-0.13495445251464844,3.3727474212646484,1.628767967224121,2.419379711151123
-3.401735484600067,-0.20023536682128906,-0.025761842727661133,0.8395107388496399,1.5395485162734985,2.5495338439941406
-1.777212142944336,-0.20143413543701172,-0.03454923629760742,3.5861005783081055,1.712355613708496,2.540848731994629
-0.817828893661499,-0.2775545120239258,-0.02182936668395996,3.1084210872650146,1.8279881477355957,2.497628688812256
-2.548065185546875,-0.2844390869140625,0.16623544692993164,1.1546516418457031,1.762338399887085,2.8536863327026367
-5.054994583129883,-0.8686521053314209,0.09381365776062012,3.1204938888549805,1.8581855297088623,2.3302156925201416
-4.983770847320557,-2.300527334213257,0.03935408592224121,5.275355815887451,2.0712573528289795,2.659449577331543
-3.9059844613075256,-1.0875808000564575,0.03003382682800293,0.41266196966171265,1.9760156869888306,2.5651848316192627
-1.4759371280670166,-1.02288818359375,0.05559277534484863,2.8663833141326904,2.024156332015991,2.4801011085510254
-4.104399681091309,-1.2753973007202148,0.11001968383789062,3.9515323638916016,2.1241917610168457,2.608624219894409
-3.700682207942009,-0.8379576206207275,0.07132196426391602,0.203581765294075,2.0329527854919434,2.4921576976776123
-2.2772786617279053,-0.7547390460968018,0.25447607040405273,2.036616563796997,2.034623384475708,3.0350332260131836
-2.663205146789551,-0.8986461162567139,0.19910645484924316,4.414857864379883,2.1479532718658447,2.6075472831726074
-4.270041227340698,0.3130143880844116,0.26373982429504395,1.8532001972198486,2.1402783393859863,2.881315231323242
-3.6095056533813477,-0.4034154415130615,0.03293156623840332,3.025226593017578,2.168652296066284,2.4948322772979736
-4.322960257530212,0.225486159324646,0.11752510070800781,0.4898334741592407,2.106814384460449,2.8101439476013184
-2.2928357124328613,-0.15707659721374512,0.03753376007080078,6.480258464813232,2.276231050491333,2.5014588832855225
1.5517492294311523,-1.6197569370269775,0.17382526397705078,9.932271003723145,2.5545380115509033,2.5455408096313477
-0.9846339225769043,-1.6633076667785645,0.08244943618774414,5.06752347946167,2.6418838500976562,2.0213160514831543
-0.7275991439819336,-1.9523930549621582,0.09789896011352539,7.69467830657959,2.815303325653076,2.3050248622894287
-4.063172876834869,-1.4938139915466309,0.10092353820800781,0.5964474081993103,2.738865375518799,2.3543379306793213
-7.239273905754089,-1.298689603805542,0.1384737491607666,1.4708949327468872,2.6973366737365723,2.4220163822174072
-5.18097996711731,-1.2456915378570557,0.23529672622680664,3.4948365688323975,2.7293732166290283,2.388350248336792
-3.34690523147583,-1.7116971015930176,0.17667818069458008,4.095128536224365,2.7687745094299316,2.529201030731201
-1.3420367240905762,-0.6716203689575195,0.26210927963256836,2.6266844272613525,2.7805070877075195,2.763727903366089
-4.381221055984497,-0.4283146858215332,0.1947779655456543,3.117723226547241,2.787677049636841,2.9502978324890137
-7.339443922042847,0.006026268005371094,0.15408539772033691,1.455775499343872,2.763747215270996,2.4929420948028564
2.767221689224243,-0.6877403259277344,0.1198115348815918,6.709372520446777,2.877633571624756,2.227785587310791
-3.0829687118530273,-1.4936389923095703,0.11003303527832031,8.7672700881958,3.0407567024230957,2.678138256072998
-4.656613349914551,-1.201061725616455,0.11251139640808105,2.803035259246826,3.0382490158081055,2.4943039417266846
-2.0005362033843994,-1.034027099609375,0.2160930633544922,2.4076879024505615,3.0272183418273926,2.7703399658203125
1.9412493705749512,-2.9088661670684814,0.2424623966217041,7.4502339363098145,3.142728567123413,2.35148286819458
-2.4725300073623657,-0.817375659942627,0.24004888534545898,1.7128552198410034,3.1087076663970947,2.632215976715088
-1.2074685096740723,-1.0688092708587646,0.28123533725738525,3.909069061279297,3.1249711513519287,0.598388135433197
-3.0027294158935547,-2.092719793319702,-0.05396389961242676,0.8144094944000244,0.8144094944000244,2.547438144683838
-5.465766066219658,-2.367869198322296,-0.07012152671813965,0.005893117282539606,0.43634241819381714,3.5924232006073
-3.2283084297087044,-2.436886042356491,0.16728830337524414,0.000834236154332757,0.26145485043525696,2.8747920989990234
-2.8316385746002197,-1.8788920044898987,-0.09872174263000488,2.233649492263794,0.7679192423820496,3.2320780754089355
-6.0444089327938855,-1.877595841884613,-0.12402582168579102,0.003241881262511015,0.6722789406776428,3.834468364715576
-4.8354339599609375,-1.5373955965042114,0.009142398834228516,2.994016170501709,1.0743845701217651,2.3251776695251465
-4.506518721580505,-1.6106579899787903,-0.009975671768188477,0.5724841356277466,0.976618230342865,2.367708444595337
-5.3017487823963165,-1.6655754446983337,0.1129731684923172,0.174925297498703,0.8652225136756897,0.19352629780769348
-4.792228661477566,-0.4453098997473717,-0.24311447143554688,0.034102000296115875,0.034102000296115875,2.787594795227051
-8.092672180850059,-0.43329611606895924,0.00011682510375976562,0.0021049263887107372,0.018277404829859734,3.6399643421173096
-5.909412026870996,-0.410659302957356,-0.10871028900146484,0.000976919662207365,0.013022701255977154,2.762385845184326
-3.237511992454529,-0.11754706501960754,-0.616492748260498,1.1686698198318481,0.3016514778137207,2.9833695888519287
-5.32529146457091,-0.15294712781906128,-0.09578824043273926,0.002785851713269949,0.23833072185516357,2.908787488937378
-3.433304190635681,-0.021114975214004517,-0.37796711921691895,1.5856786966323853,0.46564897894859314,2.3807528018951416
-1.246933937072754,0.27693259716033936,-0.009358882904052734,4.850006103515625,1.0893577337265015,2.583791494369507
0.19513750076293945,0.7663977146148682,-0.053719520568847656,7.702799320220947,1.9028589725494385,2.0947346687316895
-1.9890625476837158,0.5766226053237915,-0.031725406646728516,0.7760851383209229,1.7777209281921387,2.4117989540100098
0.7866158485412598,0.8799855709075928,0.11711764335632324,8.697333335876465,2.451902389526367,2.460942268371582
-0.4987659454345703,0.9940334558486938,0.06118655204772949,6.2498369216918945,2.8009047508239746,2.840700387954712
-2.4300432801246643,0.8361314535140991,0.17093992233276367,0.27015823125839233,2.5835700035095215,2.8812475204467773
-6.644493043422699,0.7412830591201782,0.17033624649047852,0.8161264061927795,2.4490339756011963,2.751922607421875
-3.4479427337646484,0.7722692489624023,0.1704561710357666,4.404609680175781,2.5952067375183105,2.5619492530822754
0.2948007583618164,0.8256564140319824,0.14734530448913574,5.637636184692383,2.7958271503448486,2.688817262649536
-0.8598260879516602,0.8212587833404541,0.1526784896850586,4.781960487365723,2.9259026050567627,2.759962797164917
-2.8767354488372803,0.7540111541748047,0.09135246276855469,1.6258304119110107,2.8475425243377686,2.8570210933685303
-6.741869926452637,0.7905023097991943,0.17029619216918945,6.667014122009277,3.063937187194824,2.5931808948516846
0.03114795684814453,0.8692033290863037,0.23060131072998047,9.986411094665527,3.424004316329956,2.5552361011505127
-4.155086517333984,0.8596396446228027,0.34656965732574463,2.1487503051757812,3.375685214996338,0.4866102635860443
-3.5313048362731934,-2.2762458324432373,-0.15392756462097168,0.4896407127380371,0.4896407127380371,2.6457669734954834
-4.8183088707737625,0.2514062514528632,-0.07205057144165039,0.0027322364039719105,0.25650539994239807,3.6734931468963623
-2.9574826541356742,0.1624358871486038,-0.08909344673156738,0.0010530170984566212,0.16551989316940308,3.037381887435913
-5.685004353523254,0.38595789670944214,0.3484809398651123,1.81059730052948,0.6008718609809875,3.1120102405548096
-6.5374754765070975,0.3158760070800781,0.3878016471862793,0.004977335687726736,0.46567171812057495,3.631026029586792
-3.2342214584350586,-0.12184345722198486,0.1240231990814209,4.500226020812988,1.133110523223877,2.4956305027008057
-7.046896457672119,-0.19468510150909424,0.12639379501342773,4.779172420501709,1.6854561567306519,2.225903272628784
-1.7939430475234985,-0.11357438564300537,0.020641803741455078,0.6531676054000854,1.5767605304718018,2.147517681121826
-6.306109502911568,-0.11379122734069824,0.08166716247797012,0.1713370531797409,1.4219757318496704,0.14102765917778015
-4.889234835281968,-1.9920940939337015,-0.17633914947509766,0.030522054061293602,0.030522054061293602,2.796560764312744
-6.002025768859312,0.013848723843693733,-0.0392003059387207,0.0024588846135884523,0.01674310490489006,3.7440433502197266
-5.184495048306417,0.008678150828927755,-0.20413565635681152,0.0009311868925578892,0.011135448701679707,2.838395595550537
-6.465776026248932,-0.08994854986667633,-0.46788549423217773,0.7122501730918884,0.18583743274211884,2.636007070541382
-4.6478768810629845,-0.0678861141204834,-0.11998772621154785,0.004202701151371002,0.15224185585975647,2.817833423614502
-0.7573504447937012,-0.09412288665771484,-0.10717368125915527,5.203949451446533,1.005975365638733,2.603621006011963
-9.533968925476074,-1.350835919380188,-0.058881521224975586,6.178328514099121,1.7404605150222778,2.3343653678894043
-2.634617328643799,-1.1759889125823975,-0.08843755722045898,2.0356526374816895,1.767223834991455,2.372884511947632
-2.0318737030029297,-1.1198053359985352,-0.011188507080078125,7.131252288818359,2.3673055171966553,2.7455155849456787
-0.6391744613647461,-2.0454049110412598,-0.05292558670043945,4.525935173034668,2.585930347442627,2.83046293258667
-3.040819764137268,-1.0305423736572266,-0.03498983383178711,1.4729961156845093,2.4769487380981445,2.7714455127716064
-10.650938510894775,-0.8043591976165771,-0.032547950744628906,1.589749813079834,2.3998358249664307,2.5937552452087402
1.2539262771606445,-1.945718765258789,0.06497621536254883,9.750126838684082,2.970738410949707,2.829475164413452
-1.2002153396606445,-1.4503989219665527,0.03967520594596863,4.417091369628906,3.0679545402526855,0.33717238903045654
-2.956387549638748,-1.4440297186374664,0.03923988342285156,0.3515877425670624,0.3515877425670624,2.799208164215088
-5.875382187310606,-1.2750427424907684,0.018412113189697266,0.00253700977191329,0.1601105034351349,3.78741192817688
-3.169154734641779,-1.0996544361114502,0.18713951110839844,0.0009466695482842624,0.10245716571807861,3.1507620811462402
-3.8222060203552246,-0.7092550098896027,0.01621389389038086,1.1492457389831543,0.3732745349407196,2.7172672748565674
-6.196219108067453,-0.6307858824729919,-0.0525364875793457,0.0061734700575470924,0.3182818293571472,3.103996753692627
-4.231483459472656,-0.23093199729919434,-0.0849001407623291,8.909908294677734,1.730218529701233,2.156658172607422
-3.4927092790603638,-0.29308509826660156,-0.11635828018188477,0.6005657911300659,1.5789715051651,2.117110252380371
-5.332653671503067,-0.32095468044281006,-0.05485924333333969,0.32111725211143494,1.4171099662780762,0.07080814987421036
-3.8295223712921143,-0.4342372417449951,-0.03723955154418945,0.02473759651184082,0.02473759651184082,3.038266181945801
-6.317801613127813,0.011167678982019424,0.009238004684448242,0.0023988301400095224,0.01409783773124218,3.812840700149536
-5.078976846067235,0.007637496339157224,-0.017438888549804688,0.0009520289022475481,0.009990404359996319,2.9625754356384277
-4.558183163404465,-0.28056323528289795,-0.41816139221191406,0.31794121861457825,0.08724629878997803,2.5676958560943604
-4.066016688942909,-0.14352312684059143,-0.22921466827392578,0.006075367331504822,0.07377170026302338,2.8423011302948
-1.751542091369629,-0.6640740036964417,-0.23116326332092285,4.300856590270996,0.7802490592002869,2.547579288482666
-0.7070503234863281,-0.8742125034332275,-0.2668135166168213,9.546077728271484,2.0154643058776855,2.350555658340454
-6.233153581619263,-0.5527944564819336,-0.08195996284484863,2.3458545207977295,2.046921968460083,2.5645675659179688
-12.025296181440353,-0.4761219024658203,-0.12650549411773682,0.33333781361579895,1.8602485656738281,1.9702993631362915
-1.407705545425415,-0.0521550178527832,-0.0009319782257080078,2.0686843395233154,1.8792831897735596,2.4644131660461426
-5.5579609870910645,-1.5404748916625977,0.15739655494689941,5.393975734710693,2.193614959716797,2.0691463947296143
-2.225563168525696,-0.943589448928833,0.11492562294006348,1.1840170621871948,2.1186788082122803,2.561166286468506
-0.9775745868682861,-0.8614516258239746,0.02261042594909668,3.5540096759796143,2.2353265285491943,2.7642247676849365
0.4968423843383789,-1.5622081756591797,0.03912997245788574,8.966151237487793,2.719564437866211,2.79889178276062
-8.096631571650505,-1.1441597938537598,0.08475613594055176,0.17681927978992462,2.551334857940674,3.0339033603668213
-6.905844807624817,-1.1543245315551758,0.0852200984954834,0.9925106763839722,2.4479615688323975,2.68005108833313
-2.294899106025696,-0.8990042209625244,0.13023757934570312,1.5161689519882202,2.3917648792266846,2.667171001434326
-4.276510238647461,-0.9405500888824463,-0.03517866134643555,4.14852237701416,2.4921562671661377,2.076185703277588
0.7052621841430664,-0.8508834838867188,-0.1403954029083252,5.281957626342773,2.646573543548584,2.680835008621216
-3.560842514038086,2.091154456138611,0.024582386016845703,0.6790833473205566,2.551133632659912,2.7625954151153564
-8.565577507019043,1.707879662513733,-0.00956869125366211,1.0723581314086914,2.4688260555267334,2.5464353561401367
-3.616640567779541,0.8712176084518433,-0.025361061096191406,3.1287078857421875,2.502603530883789,2.8988304138183594
-4.544089317321777,0.3011815547943115,-0.02067422866821289,4.574588775634766,2.597460985183716,2.5397324562072754
-4.482887506484985,0.043771982192993164,0.013337135314941406,3.3702094554901123,2.624370813369751,2.4862959384918213
-3.004563331604004,0.17735791206359863,0.005435943603515625,1.0474748611450195,2.56369686126709,2.5133469104766846
-2.5567612648010254,-0.08512282371520996,-0.01596856117248535,5.154300689697266,2.6702826023101807,2.9058496952056885
-4.536771111190319,2.5270764268934727,-0.009431600570678711,0.08861798793077469,2.573819160461426,2.804736614227295
-2.986478328704834,1.3040015697479248,-0.004151582717895508,2.8796510696411133,2.588846206665039,2.479678153991699
-3.459440588951111,1.0230729579925537,-0.01264500617980957,1.4999052286148071,2.5487687587738037,2.781360626220703
-6.641275644302368,0.948655366897583,-0.021531343460083008,1.7338387966156006,2.5192759037017822,2.7199039459228516
-5.224168211221695,1.1564546823501587,-0.02931356430053711,0.0920005738735199,2.4449546337127686,2.8514513969421387
-4.3796772956848145,0.7387982606887817,0.04162144660949707,2.864366054534912,2.463365077972412,2.608062505722046
-2.606027841567993,0.5760746002197266,0.07135391235351562,2.4138896465301514,2.461106300354004,2.4261832237243652
-2.278360605239868,-0.7439849376678467,0.07330349087715149,2.675156831741333,2.467977523803711,0.2604929804801941
-6.686915725469589,-1.038272351026535,-0.11507272720336914,0.4049345552921295,0.4049345552921295,1.9248476028442383
-5.857213977724314,-1.175810158252716,-0.033506155014038086,0.017907138913869858,0.19596630334854126,3.548408031463623
-5.409304329077713,-1.1990211606025696,0.08206892013549805,0.0010436094598844647,0.10787540674209595,2.8976893424987793
-4.0588560700416565,-1.0168281197547913,0.043492794036865234,0.9310793280601501,0.31170397996902466,2.709221601486206
-4.58187506813556,-0.9677744507789612,0.12286257743835449,0.0021193204447627068,0.312427818775177,3.4422786235809326
-1.8819622993469238,-0.2858238220214844,-0.0612947940826416,5.7570977210998535,1.221780776977539,2.3227450847625732
-10.097167134284973,-0.3705167770385742,-0.10512709617614746,0.8624552488327026,1.165187120437622,2.018202543258667
-2.735410302877426,-0.4208390712738037,-0.13019204139709473,0.30617156624794006,1.0716603994369507,2.3657031059265137
-6.199841409921646,-0.49920880794525146,-0.18960140272974968,0.1274491250514984,0.9508626461029053,0.02921353653073311
-5.558065742254257,-1.1787391602993011,0.2579643726348877,0.032137542963027954,0.032137542963027954,3.0378241539001465
-4.916909382678568,0.01728299492970109,-0.0045239925384521484,0.0038231154903769493,0.018681533634662628,3.776238203048706
-6.800433008349501,0.011019388330169022,-0.19430327415466309,0.0009438112610951066,0.012221742421388626,2.7862110137939453
-5.718705117702484,-0.31098608300089836,-1.0180583000183105,0.19001489877700806,0.05730884149670601,2.899343967437744
-3.9439452320802957,-0.2242312803864479,-0.27175116539001465,0.0020434230100363493,0.046880535781383514,2.5867698192596436
-0.4928903579711914,-0.593230664730072,-0.2998673915863037,4.729656219482422,0.82895427942276,2.637631893157959
-5.207921981811523,-0.6881165504455566,-0.294081449508667,5.323666572570801,1.4698126316070557,2.5438573360443115
-2.57236385345459,-0.992868185043335,-0.4297807216644287,6.670435905456543,2.1173574924468994,2.6024744510650635
-2.594278171658516,-0.8456367254257202,-0.3326570987701416,0.1485232561826706,1.9059709310531616,2.6892776489257812
-6.479129672050476,-0.7821017503738403,-0.3832368850708008,1.179665207862854,1.8377984762191772,2.1630587577819824
-1.546744704246521,-0.7154985666275024,-0.2849538326263428,1.828586459159851,1.8292971849441528,2.3490846157073975
0.8833205699920654,-0.5231776237487793,-0.25483179092407227,3.8697378635406494,2.0045979022979736,3.1696841716766357
-7.575645551085472,-0.46027445793151855,-0.2593190670013428,0.16003121435642242,1.8616142272949219,2.451054811477661
-2.1458303928375244,-0.4171179533004761,-0.2257833480834961,1.609987735748291,1.8383830785751343,2.5098459720611572
-1.6237952709197998,-0.44636523723602295,-0.24485564231872559,2.2677597999572754,1.8613239526748657,2.4660754203796387
0.7761316299438477,-0.4747915267944336,-0.23099374771118164,8.444040298461914,2.274925708770752,2.706101894378662
-3.295046806335449,-0.5053839683532715,-0.16822099685668945,12.425612449645996,2.8723556995391846,2.6226253509521484
-2.889114260673523,-0.47241711616516113,-0.18656301498413086,1.5071088075637817,2.795945405960083,2.6969566345214844
-0.987971305847168,-0.479656457901001,-0.2660484313964844,4.677602767944336,2.896451473236084,2.651214838027954
1.0129241943359375,-0.516798734664917,-0.18392467498779297,11.79677963256836,3.3426926136016846,2.6704413890838623
0.8931453227996826,-0.49996018409729004,-0.09083247184753418,4.4604902267456055,3.392949342727661,2.4065446853637695
-4.3456501960754395,-0.5735526084899902,0.04365205764770508,4.085761547088623,3.4286584854125977,2.263763666152954
0.3121833801269531,-0.5473659038543701,-0.14173293113708496,5.090638160705566,3.4917399883270264,2.720477342605591
-2.631305694580078,-0.581805944442749,-0.09395003318786621,3.7670059204101562,3.5055043697357178,2.8565025329589844
-0.27074122428894043,-0.5427446365356445,-0.20111703872680664,2.8990981578826904,3.4831619262695312,2.795236587524414
-5.739194989204407,-0.5143303871154785,-0.10833883285522461,0.35869300365448,3.362006664276123,2.548466920852661
-2.8980860710144043,-0.495361328125,-0.14776062965393066,1.4942803382873535,3.298255443572998,2.516153573989868
-2.64852237701416,-0.48903846740722656,-0.12420129776000977,4.959295272827148,3.351792812347412,2.7973318099975586
-4.3818440437316895,-0.4538867473602295,-0.15739822387695312,5.525802135467529,3.425722599029541,2.6548008918762207
0.20652544498443604,-0.4400191307067871,-0.07422971725463867,1.8690282106399536,3.371992588043213,2.535459518432617
1.072408676147461,-0.4364485740661621,-0.14779376983642578,2.1006534099578857,3.331700563430786,2.5039145946502686
-2.481862187385559,-0.44274377822875977,-0.20591139793395996,1.810810923576355,3.285592794418335,2.5460941791534424
-3.2513394355773926,-0.44063472747802734,-0.17975378036499023,2.6217780113220215,3.2662928104400635,2.619579792022705
-3.561192512512207,-0.4207744598388672,-0.1594071388244629,1.4630074501037598,3.2105929851531982,2.8645741939544678
-4.34609317779541,-0.39281582832336426,-0.06732392311096191,6.658475875854492,3.3116307258605957,2.472482681274414
-1.3818845748901367,-0.3856801986694336,-0.019487380981445312,8.738941192626953,3.464066982269287,2.4710307121276855
-4.003368616104126,-0.3749244213104248,-0.09814858436584473,1.3768188953399658,3.407461404800415,2.7697696685791016
-5.436681747436523,-0.3631129264831543,-0.0926980972290039,9.34453010559082,3.561190605163574,2.543376922607422
-2.1518940925598145,-0.34911537170410156,-0.028614521026611328,1.6756391525268555,3.5138401985168457,2.442350149154663
-1.8174805641174316,-0.3353734016418457,-0.21384267508983612,3.662903308868408,3.5175564289093018,0.1521434336900711
-3.617010071873665,-0.7839015871286392,0.09996533393859863,0.19056443870067596,0.19056443870067596,2.5578505992889404
-6.516398379113525,-0.792930543422699,0.014219999313354492,0.005763104651123285,0.08295673131942749,3.6161017417907715
-4.900029381504282,-0.74120157584548,-0.0975944995880127,0.0010550415609031916,0.05065209046006203,2.793229818344116
-7.929148197174072,-0.558448076248169,0.03514909744262695,0.6091132164001465,0.19649004936218262,2.63714337348938
-5.4742082400480285,-0.49518080055713654,0.0844268798828125,0.0018287854036316276,0.2049657553434372,3.2972769737243652
-4.7821080684661865,-0.22930091619491577,-0.13355422019958496,3.64449143409729,0.7448429465293884,2.2528297901153564
-1.5144779682159424,-0.09630036354064941,-0.14370989799499512,2.0519559383392334,0.9435940980911255,2.2991249561309814
-2.323164463043213,0.052659034729003906,-0.1183641329407692,3.9093680381774902,1.3151886463165283,0.05636776238679886
-4.1401343904435635,-3.1601934991776943,0.1042184829711914,0.062098924070596695,0.062098924070596695,3.025269031524658
-5.015205095754936,-2.6667587123811245,0.15282797813415527,0.002214719308540225,0.0288735069334507,3.870670795440674
-5.621734359650873,-2.2926253844052553,-0.007831811904907227,0.000659248442389071,0.02150682918727398,2.938646078109741
-1.0930017232894897,-1.134287767112255,-0.38233184814453125,0.37638354301452637,0.10937613993883133,2.5217537879943848
-4.223884124541655,-0.5361756831407547,-0.27715396881103516,0.002348880982026458,0.08297966420650482,2.7961068153381348
-1.005098819732666,-1.1189234852790833,-0.18348193168640137,4.0423431396484375,0.7393942475318909,2.85803484916687
-4.15079927444458,-0.6197808384895325,-0.2349870204925537,1.9778876304626465,0.9185959696769714,2.550891399383545
-2.7704074382781982,-0.5224132537841797,-0.26361513137817383,1.2877418994903564,0.9730037450790405,2.4064078330993652
-2.818751811981201,-0.897857666015625,-0.14110493659973145,4.054615497589111,1.3077261447906494,2.8074493408203125
-8.817985534667969,-0.8754903078079224,-0.12795352935791016,4.068147659301758,1.5845388174057007,2.669315814971924
-1.3817856311798096,-0.9193891286849976,-0.14937496185302734,2.872648000717163,1.6998413801193237,2.2019412517547607
-2.6462721824645996,-5.433175802230835,-0.13910293579101562,7.955907344818115,2.221204996109009,2.5401759147644043
-1.6954917907714844,-3.7038967609405518,-0.2944772243499756,4.139859199523926,2.370290517807007,2.6540045738220215
-2.3990612030029297,-3.1170215606689453,-0.2564735412597656,4.025609970092773,2.48846435546875,2.8484392166137695
-2.8747048377990723,-2.1843910217285156,-0.2132110595703125,1.6719703674316406,2.429737091064453,2.9515411853790283
-5.219080924987793,-2.7224040031433105,-0.287625789642334,5.821042060852051,2.6402716636657715,2.5173704624176025
-2.410653829574585,-2.311986207962036,-0.213484525680542,1.7259485721588135,2.5802814960479736,2.7797060012817383
-7.369726181030273,-2.4054572582244873,-0.2857513427734375,6.443049430847168,2.7919270992279053,2.382615089416504
-5.16893994808197,0.041829824447631836,-0.1921072006225586,1.6629420518875122,2.733853578567505,2.1280386447906494
-2.384079933166504,-0.19425129890441895,-0.07545590400695801,2.1013078689575195,2.6989147663116455,3.3339760303497314
-7.5304598696529865,0.6285830736160278,0.03173255920410156,0.0419011227786541,2.5711817741394043,2.242715358734131
-5.834958493709564,0.725605845451355,0.04735231399536133,0.890749990940094,2.49971079826355,2.574233055114746
-0.2337489128112793,0.32538342475891113,-0.004552602767944336,4.504586696624756,2.5849263668060303,2.818302869796753
-5.702346324920654,0.30841946601867676,-0.022578001022338867,2.1515092849731445,2.57314395904541,2.7341182231903076
-0.6000418663024902,0.1375272274017334,-0.09571315348148346,5.021268367767334,2.6670453548431396,0.09443654119968414
-4.604836590588093,-0.7938417866826057,0.11689925193786621,0.09963690489530563,0.09963690489530563,2.6755385398864746
-6.48895005043596,-0.770101472735405,-0.01277613639831543,0.00512381736189127,0.058900609612464905,3.7860875129699707
-5.495508675521705,-0.7304861061275005,0.02838921546936035,0.0008511496125720441,0.038768280297517776,2.913053512573242
-6.335580766201019,-0.28332480788230896,0.025219440460205078,0.2882700562477112,0.10344573855400085,2.6423697471618652
-5.353736758232117,-0.11649984121322632,-0.04849886894226074,0.004053235054016113,0.07826396822929382,2.696089267730713
-2.404867649078369,-0.39801520109176636,-0.08539438247680664,3.7035512924194336,0.6815966963768005,2.5087890625
-0.4454817771911621,-0.40736567974090576,-0.18839054182171822,4.927478313446045,1.2896648645401,0.05344216153025627
-6.172975294291973,-0.8044478222727776,0.28276991844177246,0.06160283833742142,0.06160283833742142,3.074941873550415
-9.445862343534827,-0.7829514630138874,-0.0500791072845459,0.0023111794143915176,0.032337736338377,3.734307050704956
-5.197432425396983,-0.7462575938552618,-0.0065212249755859375,0.0008765193051658571,0.0217632744461298,2.933472156524658
-2.297427222132683,-0.7294706329703331,-0.24789786338806152,0.17087049782276154,0.059594251215457916,2.4815821647644043
-4.076959814410657,-0.6893110983073711,-0.15262246131896973,0.004944596905261278,0.050490785390138626,2.449406147003174
-0.2663898468017578,0.06896883249282837,-0.09311318397521973,5.7306389808654785,0.9962041974067688,2.6222681999206543
-3.5451650619506836,0.4039440155029297,-0.13695073127746582,4.404707908630371,1.4813928604125977,2.465261936187744
-0.9105494022369385,0.5650424957275391,-0.08059453964233398,3.718097448348999,1.7602925300598145,2.120795249938965
-1.8240036964416504,0.7750774621963501,-0.18744397163391113,5.3009033203125,2.15567684173584,2.391313076019287
-2.9216859340667725,0.7513992786407471,-0.22233152389526367,2.2160985469818115,2.163027286529541,2.6182103157043457
-5.731986045837402,0.9949601888656616,-0.38208484649658203,8.46336841583252,2.733501672744751,2.4825825691223145
-3.7290029525756836,0.8735541105270386,-0.25048208236694336,1.4737377166748047,2.634359836578369,2.691056251525879
-3.2439918518066406,0.8645743131637573,-0.3410155773162842,2.931093215942383,2.6540892124176025,2.373255491256714
-5.083253622055054,0.7645397186279297,-0.3277273178100586,0.5091216564178467,2.5102667808532715,2.768087387084961
1.208859920501709,0.8584433794021606,-0.15159273147583008,6.609372615814209,2.7760515213012695,2.015324115753174
0.6812536716461182,0.8616920709609985,-0.13900256156921387,4.011720180511475,2.854271411895752,2.1974129676818848
-3.258866786956787,0.8200967311859131,-0.22239971160888672,3.400402545928955,2.8852713108062744,2.706702470779419
-0.6397886276245117,0.870180606842041,-0.19377398490905762,5.405449867248535,3.027554512023926,2.7920584678649902
-4.995731830596924,0.8735475540161133,-0.13924217224121094,5.484620571136475,3.1523401737213135,2.6113877296447754
-3.755843937397003,0.7869508266448975,-0.11362457275390625,0.45659226179122925,3.0142180919647217,2.801276922225952
-2.1197428703308105,0.7804458141326904,-0.2832515239715576,4.63392448425293,3.086106061935425,2.6774165630340576
-5.214488327503204,0.7155008316040039,-0.2725539207458496,0.5594407916069031,2.9709107875823975,3.014953374862671
-4.429203450679779,2.0485382080078125,-0.3135397434234619,0.5290108323097229,2.8706257343292236,2.5341858863830566
-5.710535526275635,0.13999724388122559,-0.2866179943084717,4.215015888214111,2.9280011653900146,2.162675619125366
-3.3243908286094666,0.7332937717437744,-0.19769763946533203,0.7632594704627991,2.848905086517334,2.355339527130127
-5.911840468645096,1.0445010662078857,-0.20507191866636276,0.33641430735588074,2.7497355937957764,0.11386612802743912
-4.636334374547005,-3.221251919865608,0.11103367805480957,0.03823809325695038,0.03823809325695038,2.682204246520996
-2.5375970005989075,-3.0418751798570156,0.04864788055419922,0.003433406352996826,0.019963447004556656,3.845437526702881
-4.110256761079654,-2.8776885187253356,-0.03817415237426758,0.0010637345258146524,0.012514480389654636,2.767643928527832
-4.801235735416412,-2.6259324103593826,0.2684438228607178,0.5854019522666931,0.15437321364879608,2.909555673599243
-3.757469546981156,-2.525874823331833,-0.16519880294799805,0.005211221985518932,0.1329357922077179,2.650398015975952
-2.794863700866699,-1.8455527424812317,-0.10930585861206055,4.4032135009765625,0.8693720698356628,2.257178783416748
-2.181295156478882,-1.7307257056236267,-0.1449882984161377,1.4066340923309326,0.9344437718391418,2.1798462867736816
-3.194202184677124,-1.5667874813079834,-0.11276078224182129,1.977851152420044,1.070793628692627,2.4939260482788086
-3.696446418762207,-1.3379172086715698,-0.10384106636047363,3.564037322998047,1.3287585973739624,2.401176691055298
-1.3012189865112305,-1.1838958263397217,-0.12349772453308105,2.9362316131591797,1.4985988140106201,2.4386868476867676
-5.004899978637695,-1.1131901741027832,-0.07728409767150879,2.003066062927246,1.5384399890899658,2.6541924476623535
-0.31775617599487305,-0.9568177461624146,-0.10090208053588867,3.6996703147888184,1.7200337648391724,2.8236865997314453
-5.330140829086304,-0.8992842435836792,-0.0402989387512207,3.511942148208618,1.8514314889907837,2.2305307388305664
-2.0244405269622803,-0.830614447593689,0.08066582679748535,3.3597052097320557,1.9563711881637573,2.519101858139038
-4.260306298732758,-0.8592188358306885,0.07498502731323242,0.7781100869178772,1.8890535831451416,2.7339375019073486
-2.911980628967285,-0.8675079345703125,0.05158400535583496,4.421417236328125,2.040442943572998,2.8828682899475098
-4.375696465373039,1.5642031133174896,0.0014672279357910156,0.128184512257576,1.9334360361099243,2.966993570327759
-5.278567790985107,-0.6950197219848633,0.1087348461151123,4.16431188583374,2.0582635402679443,3.33076548576355
-4.304165363311768,-0.26554203033447266,0.10775184631347656,1.6049957275390625,2.0321366786956787,2.548778772354126
2.9365458488464355,-1.4518296718597412,0.1069638729095459,8.368810653686523,2.347609281539917,2.3226609230041504
-2.28928279876709,-1.3384358882904053,0.0936272144317627,2.7817482948303223,2.3719890117645264,2.4788246154785156
-5.886373519897461,-1.2177462577819824,0.08440947532653809,3.276453971862793,2.404940366744995,2.7768890857696533
-2.1583495140075684,-1.0540268421173096,0.09195255488157272,4.530725002288818,2.5006017684936523,0.15095077455043793
-4.999092344194651,-1.4173702038824558,-0.10167598724365234,0.052989717572927475,0.052989717572927475,2.657926559448242
-6.568900600541383,-1.407450521364808,-0.15706777572631836,0.003907665144652128,0.02541438303887844,3.647584915161133
-7.334424219676293,-1.3670081440359354,-0.24814057350158691,0.0007999319350346923,0.020279711112380028,2.8254446983337402
-5.1928070187568665,-1.2366949319839478,0.06216788291931152,0.4113394618034363,0.11897337436676025,2.7842185497283936
-5.580121169681661,-1.2074369564652443,0.023574113845825195,0.0016969341086223722,0.10795041173696518,3.548994779586792
-1.1611881256103516,-0.16389596462249756,-0.04511666297912598,7.485912322998047,1.3301527500152588,2.795090436935425
0.9690313339233398,0.5888948440551758,-0.10227839648723602,6.7622175216674805,2.125645875930786,0.16069234907627106
-4.9287203550338745,-1.295709252357483,0.0826869010925293,0.09152519702911377,0.09152519702911377,2.8632688522338867
-7.316886575194076,-1.1138275861740112,2.4080276489257812e-05,0.002027838258072734,0.04053997993469238,3.8711299896240234
-5.204172309138812,-0.9598790816962719,-0.042536020278930664,0.0005911033367738128,0.03493811562657356,2.784837007522583
-5.74378165602684,-0.7529238611459732,0.08164453506469727,0.43472614884376526,0.13090495765209198,2.6207194328308105
-3.255603845231235,-0.6645015850663185,0.21048855781555176,0.0029062675312161446,0.1189785823225975,2.980736255645752
-2.7564334869384766,-0.6209653615951538,-0.04628729820251465,1.8575878143310547,0.4021204710006714,2.4018869400024414
-1.4796700477600098,-0.36654478311538696,-0.0007631778717041016,3.824401378631592,0.8914416432380676,2.593752145767212
-1.2139787673950195,-0.0680161714553833,-0.09783809259533882,4.827831745147705,1.3764498233795166,0.03084598109126091
-4.616966966539621,-1.6724512614309788,0.3248558044433594,0.03422331437468529,0.03422331437468529,3.1037368774414062
-5.947484896983951,-1.6010656133294106,-0.11307954788208008,0.0035987631417810917,0.019144318997859955,3.6905486583709717
-3.563077986240387,-1.5198915833607316,0.08990979194641113,0.000771939754486084,0.013115680776536465,2.8119266033172607
-4.719142258167267,-1.5162573084235191,-0.08687734603881836,0.09474629163742065,0.03327760845422745,2.4636402130126953
-4.354199633700773,-1.4460713155567646,0.17671489715576172,0.00284077157266438,0.02689654752612114,3.2069008350372314
2.446963310241699,-0.4900127649307251,-0.007091045379638672,6.88526725769043,1.171583890914917,2.446634292602539
-3.5861170291900635,-0.2905615568161011,0.03323894739151001,3.098109006881714,1.4506207704544067,0.2760394215583801
-4.476902469992638,0.007269952446222305,0.08268356323242188,0.04535485804080963,0.04535485804080963,2.568012237548828
-3.955520532792434,0.004034288227558136,0.15574026107788086,0.0038169401232153177,0.024535713717341423,3.9710216522216797
-3.379939746519085,0.0025913063436746597,-0.009894847869873047,0.0007868293323554099,0.016916880384087563,2.9180116653442383
-4.752707004547119,0.07680031657218933,0.3695688247680664,1.2489228248596191,0.32550495862960815,2.9593684673309326
-5.911499795969576,0.06090196967124939,0.1404249668121338,0.0026046657003462315,0.25743281841278076,2.919861078262329
-1.630035638809204,-0.04214596748352051,0.006954193115234375,2.621403455734253,0.6479199528694153,2.554762363433838
-1.4778289794921875,-0.20011091232299805,0.05639171600341797,13.036153793334961,2.423656940460205,2.3650460243225098
-0.7632551193237305,-5.852233409881592,0.11962342262268066,7.737872123718262,3.092883586883545,2.52551007270813
-1.581587314605713,-2.8650903701782227,0.11301309615373611,3.6886143684387207,3.1496925354003906,0.15687140822410583
-5.237148106098175,-2.5767014622688293,-0.24272918701171875,0.1461145281791687,0.1461145281791687,2.9166574478149414
-5.606459278380498,-1.7166781201958656,-0.16130685806274414,0.0025433117989450693,0.06693973392248154,3.6692824363708496
-5.218246545526199,-1.2920261733233929,-0.24898862838745117,0.0010604002745822072,0.04336904361844063,3.018512725830078
-5.642467558383942,-1.0418208241462708,-0.5433831214904785,0.5056313872337341,0.1618909239768982,2.5129616260528564
-5.612083002924919,-0.890622116625309,-0.2931225299835205,0.004236176609992981,0.10797401517629623,3.559689998626709
-2.056513786315918,-0.5575176477432251,0.12729620933532715,4.817084312438965,0.9010539054870605,2.662525177001953
-1.9531364440917969,-0.47779232263565063,0.09846186637878418,0.9380590915679932,0.9136254191398621,2.582239866256714
-5.450958743691444,0.4715214967727661,0.2652669697999954,0.24328278005123138,0.8582055568695068,0.4846865236759186
-3.4432255662977695,-1.251329842954874,-0.025641679763793945,0.025103863328695297,0.025103863328695297,2.7819626331329346
-6.622213952243328,-1.2119736848399043,0.08239269256591797,0.0020088031888008118,0.012246471829712391,3.893777370452881
-3.290287975978572,-1.1759755886159837,0.20508670806884766,0.0006968930247239769,0.007312270347028971,3.0531787872314453
-3.1437599658966064,-0.5372096300125122,-0.037218332290649414,2.4473602771759033,0.6178278923034668,2.688126802444458
-4.370940687600523,-0.6268476843833923,0.0247042179107666,0.005914685782045126,0.4867822527885437,2.7043113708496094
-0.46105003356933594,0.5769364833831787,-0.013013839721679688,9.35175895690918,1.9869813919067383,2.7575955390930176
-0.3389244079589844,1.1735780239105225,0.10540771484375,7.579085350036621,2.7791197299957275,2.3182806968688965
-0.9250292778015137,1.115681529045105,0.03821969032287598,2.638430118560791,2.760315179824829,2.77400541305542
-3.7613019943237305,1.1317194700241089,0.03332352638244629,3.3228607177734375,2.8123154640197754,2.6425845623016357
-2.3355159759521484,1.1219619512557983,0.03413033485412598,3.358220100402832,2.872443437576294,2.720574378967285
-0.7447855472564697,1.15301513671875,0.03047013282775879,3.509286642074585,2.9164841175079346,2.537297010421753
-3.072895050048828,1.4640090465545654,0.0560002326965332,9.774982452392578,3.485722541809082,2.6163415908813477
-3.7977800369262695,1.4646613597869873,0.12212777137756348,4.765618324279785,3.5770962238311768,2.35705828666687
-1.9240784645080566,1.458085536956787,0.0652165412902832,3.993529796600342,3.6123850345611572,2.8360562324523926
1.6340389251708984,1.4944374561309814,0.07646608352661133,5.082491874694824,3.709585666656494,2.860196113586426
-5.582272797822952,1.3197722434997559,0.03792905807495117,0.3396126925945282,3.4949426651000977,2.2156190872192383
-2.636639356613159,1.1930060386657715,0.0693352222442627,1.1005289554595947,3.3577167987823486,2.3853352069854736
-2.886950969696045,1.1402733325958252,0.04036402702331543,2.652523994445801,3.3126914501190186,2.373167037963867
-1.3594021797180176,1.0697715282440186,0.0867919921875,2.5795271396636963,3.272325038909912,2.6384482383728027
-5.3795552253723145,1.0573680400848389,0.1058812141418457,3.7562708854675293,3.300438404083252,2.6591997146606445
-5.841392755508423,1.0014064311981201,0.07945466041564941,1.8070800304412842,3.2360923290252686,2.5920777320861816
0.5547027587890625,1.2022902965545654,0.09644150733947754,12.754383087158203,3.6641364097595215,2.4935615062713623
-13.450444340705872,1.0918703079223633,0.06560158729553223,0.4695042371749878,3.5266530513763428,2.8243348598480225
-2.741539478302002,1.0398430824279785,0.19636648893356323,2.866767406463623,3.4951159954071045,0.26728153228759766
-3.711869567632675,-0.9375979602336884,-0.3462257385253906,0.26083460450172424,0.26083460450172424,2.7131190299987793
-7.377658680779859,-0.8948323726654053,-0.006076812744140625,0.0030333243776112795,0.13180983066558838,3.753673553466797
-2.8768859764677472,-0.8126748576760292,-0.07904529571533203,0.0008048156159929931,0.08635701984167099,3.0663962364196777
-4.815096974372864,-0.4334251582622528,-0.2744483947753906,1.1265610456466675,0.3483453691005707,2.572723150253296
-6.377754817251116,-0.11636611819267273,-0.3576188087463379,0.0050953528843820095,0.2665460705757141,3.2087454795837402
-2.431772232055664,-0.37453722953796387,-0.05509495735168457,4.853414535522461,1.0337404012680054,2.649488925933838
-0.8483390808105469,-0.9407539367675781,-0.044070273637771606,5.281295299530029,1.6444873809814453,0.21913543343544006
-4.7350205183029175,-2.4171313047409058,0.0381472110748291,0.09379303455352783,0.09379303455352783,2.8999509811401367
-4.708699501119554,-2.342844169586897,0.1322193145751953,0.001970970071852207,0.050423700362443924,3.9576945304870605
-3.4642016468569636,0.03146505786571652,0.002756357192993164,0.0006268443539738655,0.03244209662079811,2.953674077987671
-6.851364076137543,-0.04772558808326721,0.1525099277496338,0.9408016800880432,0.26010411977767944,2.6745657920837402
-3.8835198767483234,-0.0020673125982284546,0.14197206497192383,0.005386363714933395,0.21264490485191345,3.7266178131103516
-0.04535055160522461,-0.33702313899993896,-0.06474757194519043,5.32609224319458,1.0740965604782104,2.5788726806640625
-7.628450632095337,-0.2069089412689209,0.10826778411865234,0.3789365291595459,0.9751101732254028,2.4993577003479004
-7.453418731689453,-1.13933265209198,-0.045839548110961914,3.955747604370117,1.3541966676712036,2.5590500831604004
-0.16683721542358398,-1.3802284002304077,-0.09448409080505371,6.761441230773926,1.966652750968933,2.0617623329162598
-1.9796466827392578,-1.359069585800171,-0.17377638816833496,5.139654159545898,2.298133134841919,2.358283758163452
-4.460567355155945,-1.261929988861084,-0.11745023727416992,0.8903580904006958,2.171384572982788,2.5555927753448486
-1.9457998275756836,-0.978759765625,-0.05008268356323242,2.653778553009033,2.2060739994049072,2.561253309249878
-4.251665115356445,-1.286271095275879,-0.0755777359008789,4.312408447265625,2.3777103424072266,2.8953099250793457
-7.7984113693237305,-1.476823329925537,-0.12360453605651855,4.143838882446289,2.5070643424987793,2.4795689582824707
-3.239839553833008,-1.804964542388916,-0.09916138648986816,5.357268333435059,2.704254150390625,2.780749797821045
-5.375619411468506,-1.3721985816955566,-0.04209589958190918,1.6549978256225586,2.626863718032837,2.928758382797241
-6.481228142976761,-0.8981585502624512,-0.03460884094238281,0.42771217226982117,2.496513605117798,2.405876874923706
-1.2610018253326416,-0.7559008598327637,0.06740736961364746,1.6548337936401367,2.43536376953125,2.8243136405944824
-4.829924821853638,-0.6444354057312012,0.03578472137451172,2.339886426925659,2.4364922046661377,3.0219247341156006
-3.124330520629883,-0.5998122692108154,0.013308286666870117,4.653891563415527,2.5497536659240723,2.8737752437591553
-3.4083871841430664,-0.7119994163513184,0.03916144371032715,5.1464080810546875,2.6630783081054688,2.3731565475463867
-2.0679969787597656,-0.7537863254547119,-0.0021507740020751953,3.616006851196289,2.714595317840576,2.333980083465576
-4.764572620391846,-0.7071833610534668,-0.005326271057128906,2.3826723098754883,2.697108030319214,2.914289951324463
-6.239415168762207,-0.6787154674530029,-0.03913092613220215,4.117499351501465,2.753546714782715,2.8352761268615723
-0.1806631088256836,-0.7584214210510254,-0.0027277469635009766,8.208351135253906,2.967597723007202,2.6224846839904785
-0.1851634979248047,-0.7597925662994385,0.0014307498931884766,4.699854850769043,3.051443338394165,2.7797329425811768
-2.4747753143310547,-0.840989351272583,-0.08815550804138184,8.80005931854248,3.2735421657562256,2.635409355163574
-1.7352886199951172,-0.7693543434143066,-0.02524852752685547,1.7840774059295654,3.2159676551818848,2.920405626296997
-3.6334714889526367,-0.6938595771789551,-0.10202813148498535,2.5144500732421875,3.192243814468384,3.1302952766418457
-7.819766938686371,-0.619208812713623,-0.10350418090820312,0.8217478394508362,3.1161627769470215,2.9682488441467285
-4.948310375213623,-0.5592765808105469,-0.10504484176635742,2.021308422088623,3.0795912742614746,2.8520617485046387
-5.470350623130798,-0.48880577087402344,-0.02461719512939453,1.0845757722854614,3.0228075981140137,2.4093737602233887
-2.2937235832214355,-0.4547121524810791,-0.02749490737915039,4.2480998039245605,3.0621397495269775,2.9664907455444336
-5.660322189331055,0.7832369804382324,-0.0497128963470459,2.5148353576660156,3.0434913635253906,3.0975940227508545
-8.279566917393822,1.8182761669158936,-0.06098818778991699,0.00025829317746683955,2.9445948600769043,2.6553614139556885
-5.765185356140137,1.1284568309783936,-0.06735873222351074,2.4818716049194336,2.932971715927124,2.348897695541382
-2.3154945373535156,1.0441757440567017,0.031069278717041016,2.1760916709899902,2.903508424758911,2.3589401245117188
-2.926913022994995,0.6756148338317871,0.0825364887714386,3.176165819168091,2.917600631713867,0.148942232131958
-4.375917688012123,-1.4094187170267105,-0.10753703117370605,0.17781518399715424,0.17781518399715424,2.70357084274292
-3.657441445160657,-1.2641313150525093,-0.012356281280517578,0.004352263640612364,0.0917649194598198,3.6199042797088623
-4.950497802696191,-1.1442870311439037,0.04195904731750488,0.0009096298599615693,0.05864330008625984,2.8056464195251465
-5.501992762088776,-0.9914215505123138,-0.08413934707641602,0.611566960811615,0.18842759728431702,2.5513246059417725
-5.199747066479176,-0.9039903581142426,0.18017339706420898,0.002710361499339342,0.1545715630054474,3.3975322246551514
0.05519676208496094,-4.263759732246399,0.2589578628540039,7.239749431610107,1.3106220960617065,2.8124072551727295
-11.3058160841465,-1.7871731519699097,0.37415027618408203,0.3770938813686371,1.1879233121871948,2.615164279937744
-4.252627864480019,-1.1530394554138184,0.5973193645477295,0.1655716747045517,1.0643086433410645,2.808414936065674
-5.04806749522686,-0.7743775844573975,0.608000636100769,0.20120103657245636,0.964163064956665,0.6559372544288635
-3.5528684929013252,-3.8575137928128242,-0.24648022651672363,0.03446566313505173,0.03446566313505173,2.7284281253814697
-6.324965010629967,-3.576683510094881,-0.09574174880981445,0.0027646913658827543,0.01858736202120781,3.766345500946045
-2.053795153857209,-3.327310354448855,0.2990989685058594,0.0009078433504328132,0.013900249265134335,3.060305595397949
-3.4827544689178467,-2.370368719100952,0.09611845016479492,3.2282350063323975,0.816631555557251,2.757622003555298
-7.233190689701587,-2.3796521425247192,-0.21884560585021973,0.0027731317095458508,0.6145633459091187,2.745605707168579
-2.015389084815979,-2.096242666244507,-0.14126205444335938,1.6693226099014282,0.7947483062744141,2.7467052936553955
-2.10299015045166,-3.0048038959503174,-0.03036355972290039,4.518102169036865,1.2790563106536865,2.7264089584350586
-2.68223237991333,-2.515427827835083,-0.05165433883666992,3.7036938667297363,1.5745689868927002,2.7236714363098145
-2.076118230819702,-1.930728793144226,0.005581378936767578,2.936143159866333,1.7227340936660767,2.821784496307373
-5.437346994876862,-1.5127086639404297,0.025721311569213867,0.26686805486679077,1.5771565437316895,2.6313328742980957
-4.204367637634277,-1.5625205039978027,0.03923477977514267,2.147946357727051,1.6400024890899658,0.12885497510433197
-5.516955196857452,-0.5312730669975281,-0.03584766387939453,0.13467806577682495,0.13467806577682495,2.8939297199249268
-7.258106986875646,-0.3532443940639496,-0.13581347465515137,0.0017144280718639493,0.08349442481994629,3.7116951942443848
-4.831974631000776,-0.26980796828866005,-0.0017387866973876953,0.0008519833791069686,0.05405982956290245,2.9460699558258057
-4.688600540161133,-0.31143295764923096,-0.7181563377380371,0.566368579864502,0.1806091070175171,2.5950307846069336
-6.015454013366252,-0.2974051386117935,-0.3013923168182373,0.004159252624958754,0.11831377446651459,3.74975848197937
-0.0859670639038086,0.0077936649322509766,0.24637198448181152,5.617013931274414,1.0168219804763794,2.8620691299438477
-5.986064016819,0.015751779079437256,0.19338107109069824,0.7541531920433044,0.9667524099349976,2.695873975753784
-6.163570195436478,0.007831275463104248,0.24885781854391098,0.2656500041484833,0.8883330821990967,0.3697636127471924
-5.030527029186487,-1.1653023101389408,-0.10524272918701172,0.024058427661657333,0.024058427661657333,2.8576841354370117
-3.6812964112032205,-0.9406968811526895,0.004554033279418945,0.0017952292691916227,0.01193030085414648,3.88169527053833
-3.717954827065114,-0.7874306212179363,0.08602547645568848,0.0006187431863509119,0.006635092664510012,2.987912893295288
-3.6495989561080933,-0.29344868659973145,0.4998958110809326,1.6869765520095825,0.4273372292518616,3.2671291828155518
-2.013482152018696,0.2637078866828233,-0.021867036819458008,0.0056990995071828365,0.26483580470085144,2.8466999530792236
-3.8148632049560547,-2.9500521421432495,-0.020216941833496094,5.223033905029297,1.085379719734192,2.426619529724121
-1.3974785804748535,-3.041615128517151,-0.016426801681518555,6.063977241516113,1.790190577507019,2.4159133434295654
-0.9043023586273193,-2.439999580383301,0.007400989532470703,3.3260905742645264,1.9798603057861328,3.148770332336426
-3.439995139837265,-2.605583667755127,-0.017853260040283203,0.4023045599460602,1.7977452278137207,2.426827907562256
-2.614859938621521,-2.4244543313980103,0.027155399322509766,0.6564847230911255,1.687745451927185,2.5458028316497803
-2.9664084911346436,-2.2968515157699585,-0.006736040115356445,2.573410749435425,1.7701321840286255,2.6168131828308105
-0.6371469497680664,-2.60471510887146,0.021655797958374023,4.473254203796387,2.0147926807403564,2.6803975105285645
1.0505962371826172,-2.8827574253082275,-0.05110454559326172,6.7366943359375,2.4164884090423584,2.8188536167144775
-9.263642311096191,-2.7762067317962646,-0.12118864059448242,2.6183881759643555,2.442640542984009,2.3483240604400635
-0.8942160606384277,-2.344961404800415,-0.09219503402709961,2.853639602661133,2.459721326828003,2.6196110248565674
2.8766117095947266,-2.5015342235565186,-0.08502459526062012,6.374438285827637,2.6935384273529053,2.3631057739257812
-2.667006492614746,-2.139152765274048,-0.03828105330467224,4.255856513977051,2.7912518978118896,0.09592956304550171
-4.045762561261654,0.059037353843450546,0.162855863571167,0.10441157966852188,0.10441157966852188,2.7576181888580322
-8.195137433940545,0.024379968643188477,-0.04282522201538086,0.0026927662547677755,0.05070964992046356,3.7307090759277344
-4.685052427172195,0.01436593197286129,0.06914687156677246,0.0007357274298556149,0.031392838805913925,3.0331950187683105
-6.2141057550907135,-0.08938819169998169,-0.1989908218383789,0.45174869894981384,0.13881343603134155,2.5052456855773926
-4.289666465949267,-0.05722104012966156,-0.2063920497894287,0.0064970930106937885,0.13370352983474731,3.1395392417907715
-6.198956489562988,-0.12078863382339478,-0.004041910171508789,3.6365251541137695,0.7106892466545105,2.5735065937042236
-3.398250162601471,-0.03127568960189819,-0.11782455444335938,0.7624287009239197,0.7202029228210449,2.3688173294067383
-5.219588398933411,-0.023978233337402344,-0.13496165722608566,0.2697352170944214,0.6731565594673157,0.09767081588506699
-6.639107186347246,-1.1289835758507252,0.07905840873718262,0.026321928948163986,0.026321928948163986,2.7705941200256348
-6.168550935108215,0.009429974481463432,0.0777738094329834,0.0028758379630744457,0.014683057554066181,4.0185747146606445
-5.108884278160986,0.006060826824977994,0.16060829162597656,0.0006032554083503783,0.009185653179883957,2.98463773727417
-6.896429777145386,-0.2509610950946808,0.0769038200378418,0.5313770771026611,0.1411830186843872,2.9208271503448486
-6.308068654034287,-0.16002628207206726,-0.05564999580383301,0.005212882068008184,0.13448992371559143,2.736640453338623
-2.119112253189087,-0.3455016016960144,-0.01205587387084961,2.5635201930999756,0.5196272134780884,2.585864782333374
-2.6290128231048584,-0.628642201423645,-0.0065000057220458984,3.842275381088257,1.0036261081695557,2.6129188537597656
-1.0043091773986816,-0.5363870859146118,-0.05297732353210449,3.033255100250244,1.2337074279785156,2.656691551208496
-4.1004133224487305,-0.47717154026031494,-0.06996846199035645,4.127188682556152,1.5574594736099243,2.9353787899017334
-4.99751615524292,-0.7180856466293335,-0.07540440559387207,3.9146084785461426,1.7898706197738647,3.068089723587036
-3.0347747802734375,-0.7502539157867432,-0.059021711349487305,4.672751426696777,2.0526506900787354,2.617264986038208
-2.3353776931762695,-0.7322514057159424,-0.002892017364501953,2.4316349029541016,2.0908117294311523,2.412748336791992
-1.3484389781951904,-0.6440706253051758,0.0031173229217529297,3.582590341567993,2.208415985107422,2.379903793334961
0.05189037322998047,-0.6169266700744629,0.01856684684753418,6.279621124267578,2.511302947998047,2.582266092300415
-3.6626639366149902,-0.5448660850524902,0.027272701263427734,7.39048433303833,2.8388595581054688,2.5746090412139893
-0.4179964065551758,-0.5167951583862305,0.021918296813964844,5.537485122680664,3.0090408325195312,2.598423719406128
-3.433673143386841,-0.5014808177947998,0.04661750793457031,2.595349073410034,2.9851579666137695,2.773601531982422
-5.744850754737854,-0.49028873443603516,0.005957603454589844,1.3052624464035034,2.8912465572357178,2.3827342987060547
0.2801022529602051,-0.022682666778564453,0.015920162200927734,3.359992504119873,2.913614511489868,2.8019213676452637
-3.820085048675537,-1.123392105102539,0.03504776954650879,5.275074481964111,3.0288100242614746,2.957057237625122
-2.301182270050049,-0.6908895969390869,0.024919040501117706,3.7698187828063965,3.067147731781006,0.06865191459655762
-3.8147155791521072,-3.0170146971940994,-0.08026289939880371,0.0809667557477951,0.0809667557477951,2.8511483669281006
-7.682925458997488,-2.7232783138751984,-0.10993766784667969,0.0030853785574436188,0.041446417570114136,3.7682547569274902
-6.6198227144777775,-2.460966581478715,-0.03197002410888672,0.0006516240537166595,0.028499847277998924,2.964841365814209
-4.779319941997528,-2.222272217273712,-0.2549400329589844,0.26302891969680786,0.08670443296432495,2.3943629264831543
-4.256144187413156,-2.0463193729519844,-0.20077967643737793,0.00797066930681467,0.06911598891019821,3.7839934825897217
-1.6105461120605469,-1.3604392409324646,-0.37512993812561035,5.435553550720215,0.9658251404762268,2.467264413833618
-12.705259039998055,-1.3155061602592468,-0.4482309818267822,0.16102437674999237,0.8490181565284729,2.198643684387207
-3.553295135498047,-1.29050874710083,-0.56606125831604,0.13575053215026855,0.7599778175354004,2.1124048233032227
-4.062222823500633,-1.235024094581604,-0.517274409532547,0.1597534567117691,0.6943804025650024,0.08807983994483948
-3.1881919782608747,-2.0965262334793806,0.10082721710205078,0.02369561977684498,0.02369561977684498,2.793062686920166
-7.433609109604731,-1.6901649851351976,0.14994549751281738,0.002880949294194579,0.013166962191462517,3.966503858566284
-5.423669243056793,-1.4081841232255101,-0.14333081245422363,0.0007244108128361404,0.009239125065505505,2.8771777153015137
-4.558882892131805,-1.3014266639947891,0.3578011989593506,0.39598923921585083,0.10578356683254242,3.274402141571045
-5.337515940889716,-1.14975968003273,-0.01206207275390625,0.006826767697930336,0.0833185613155365,2.9049954414367676
1.022120475769043,-0.48163485527038574,-0.08970499038696289,8.981672286987305,1.5691499710083008,2.7032999992370605
-5.346858978271484,-0.5138623714447021,-0.24352645874023438,6.468701362609863,2.2663352489471436,2.2499465942382812
-0.4917416572570801,-0.5508058071136475,-0.10333251953125,2.1544270515441895,2.257401704788208,2.375401020050049
-0.9752712249755859,-0.5581870079040527,-0.13044118881225586,3.2517242431640625,2.3713669776916504,2.571657657623291
-2.6076714992523193,-0.5627591609954834,-0.09428215026855469,3.8947107791900635,2.52241587638855,2.6680378913879395
-1.2458457946777344,-0.5842218399047852,-0.007333040237426758,1.32417893409729,2.407742500305176,2.5496153831481934
-5.1520094871521,-0.5376582145690918,-0.09391307830810547,6.054248332977295,2.709322214126587,2.3985228538513184
-4.625702857971191,-0.5046634674072266,-0.07078409194946289,3.772261619567871,2.7935538291931152,2.6772043704986572
-4.368761658668518,-0.5156259536743164,-0.060578346252441406,0.34380853176116943,2.6168084144592285,2.5797860622406006
-3.1736429929733276,-0.5280640125274658,-0.019095897674560547,0.8253680467605591,2.5020482540130615,2.709066867828369
-3.4846038818359375,-0.5208415985107422,-0.0023393630981445312,3.2808642387390137,2.5535385608673096,2.928344249725342
-0.7825884819030762,-0.443758487701416,-0.05311274528503418,6.886068344116211,2.807061195373535,3.008141279220581
-1.5216925144195557,-0.4258582592010498,-0.04106903076171875,2.148866891860962,2.7665369510650635,2.8703389167785645
-5.643234014511108,-0.404360294342041,-0.01643228530883789,3.0918829441070557,2.782764434814453,2.1688761711120605
-0.6719827651977539,-0.3619263172149658,-0.10109400749206543,4.432547569274902,2.869915723800659,2.810258150100708
-0.5967698097229004,-0.3317573070526123,-0.07331466674804688,5.59581995010376,3.0004849433898926,1.7091001272201538
-1.5044095516204834,-0.2791152000427246,-0.058472758159041405,3.6654679775238037,3.028879404067993,0.023868883028626442
-5.336178816854954,-2.3492465391755104,0.2528078556060791,0.05026336759328842,0.05026336759328842,3.07649302482605
-5.40339072002098,-1.6104897912591696,-0.0523223876953125,0.0028716777451336384,0.02554505504667759,3.7647769451141357
-3.2806861610733904,-1.2131319772452116,-0.03765225410461426,0.0007202415145002306,0.01671450026333332,3.03692626953125
-4.4945618361234665,-1.0146665647625923,-0.284029483795166,0.07932932674884796,0.03185486048460007,2.4858884811401367
-3.294391494244337,-0.855574345216155,-0.05664396286010742,0.008948225528001785,0.02686145342886448,2.9032955169677734
-6.42132306098938,-1.0539419651031494,0.1839303970336914,1.9580504894256592,0.3473726511001587,2.678182601928711
-3.2616898268461227,-0.9913002252578735,0.0042438507080078125,0.1457434445619583,0.32012367248535156,2.335374116897583
-5.532316327095032,-0.847527027130127,-0.16148152947425842,0.28335797786712646,0.3188753128051758,0.1561901867389679
-3.9727664086967707,-0.029049446806311607,0.05472898483276367,0.028859129175543785,0.028859129175543785,2.628765106201172
-4.132297346834093,-0.015263373032212257,0.11678838729858398,0.00498931622132659,0.01569991745054722,4.007695198059082
-6.070572678989265,-0.01096309907734394,0.027228593826293945,0.0006057572900317609,0.010289041325449944,2.867649555206299
-3.1864168643951416,-0.08431088924407959,0.17216920852661133,0.9349181652069092,0.2419838011264801,2.7534708976745605
-6.091160041745752,-0.13725122809410095,-0.001600027084350586,0.004726665560156107,0.20018330216407776,2.6874263286590576
-2.218484878540039,-0.3854174315929413,-0.03507256507873535,1.595517873764038,0.43589767813682556,2.735853433609009
-2.9534339904785156,-0.2178819179534912,-0.056401729583740234,4.667014122009277,1.0406101942062378,2.1301701068878174
-0.30455780029296875,-0.1764509677886963,-0.04731464385986328,6.440713882446289,1.7177542448043823,2.6661906242370605
-2.261584758758545,-0.21528840065002441,-0.04854559898376465,3.821423053741455,1.9516770839691162,2.5054221153259277
2.5951614379882812,-0.14013457298278809,-0.01882195472717285,9.701949119567871,2.720975399017334,2.1698789596557617
-2.2742615938186646,0.47491884231567383,-0.002331972122192383,1.8795465230941772,2.6482152938842773,2.2133402824401855
-2.0908782482147217,0.29381799697875977,-0.02884833514690399,3.443331003189087,2.711437225341797,0.05060297250747681
-4.4851124957203865,-2.0059676840901375,0.1130523681640625,0.11156528443098068,0.11156528443098068,3.056661605834961
-3.160573046421632,-1.8999235220253468,-0.08284902572631836,0.0037905762437731028,0.05857054516673088,3.842477798461914
-4.001420347311068,-1.7922607250511646,0.029352664947509766,0.0006434039096347988,0.03834692761301994,2.9571661949157715
-4.582808166742325,-1.6906888335943222,-0.12842130661010742,0.12887367606163025,0.05954839289188385,2.5528242588043213
-5.455637147650123,-1.6051323786377907,0.019413232803344727,0.00524122454226017,0.05049379914999008,3.123776912689209
-3.5981807708740234,-1.0860499739646912,0.05723762512207031,4.818421363830566,0.84417325258255,2.8267645835876465
-0.7381424903869629,-0.395715594291687,0.12306025624275208,5.744816303253174,1.5412336587905884,0.37595659494400024
-4.356121953576803,-1.9376626573503017,0.024255037307739258,0.044174257665872574,0.044174257665872574,2.7338180541992188
-8.375817231833935,-1.8963468670845032,0.10485386848449707,0.003947325050830841,0.02347356081008911,3.8599419593811035
-2.3428017460391857,-1.8526424895972013,0.2237236499786377,0.0005918181850574911,0.016228483989834785,2.911362409591675
-5.089811563491821,-1.4226043224334717,-0.026149272918701172,1.7124392986297607,0.43989241123199463,2.3955678939819336
-4.841512465849519,-1.462323009967804,-0.09102153778076172,0.007971024140715599,0.35077911615371704,2.592092990875244
-0.6972224712371826,-1.194772183895111,-0.018460750579833984,2.0713741779327393,0.6395607590675354,2.3603463172912598
-2.5548322200775146,-0.8553789258003235,-0.029508590698242188,3.176440954208374,0.9925925135612488,2.49371337890625
-1.1807646751403809,-0.6500728130340576,-0.04414820671081543,2.8279576301574707,1.2169960737228394,2.4970099925994873
-2.1719417572021484,-0.4983435869216919,-0.02874612808227539,2.8723840713500977,1.3980319499969482,2.8379619121551514
-3.346147060394287,-0.32165026664733887,-0.00701451301574707,3.8565845489501953,1.6333742141723633,2.884599447250366
-5.38794806599617,-0.41026604175567627,-0.01484990119934082,0.3633823096752167,1.5163757801055908,3.161564588546753
-3.9904438257217407,-0.4587829113006592,-0.0028924942016601562,0.7572005987167358,1.4453502893447876,3.1587071418762207
-7.781794548034668,-0.2754027843475342,-0.015707731246948242,5.062991142272949,1.724442720413208,3.141613006591797
-5.0156636238098145,-2.433595895767212,-0.014940977096557617,4.515120983123779,1.9190146923065186,2.4328272342681885
-2.3059911727905273,-2.051668882369995,-0.033930063247680664,3.370650291442871,2.014356851577759,2.8761093616485596
-4.856103748083115,-0.8971588611602783,-0.009861469268798828,0.10870376229286194,1.893122673034668,2.2900099754333496
-1.6455256938934326,-0.7061026096343994,-0.0018343925476074219,2.2242939472198486,1.9170644283294678,2.3289318084716797
-1.003645896911621,-0.7180125713348389,0.02285909652709961,2.5398435592651367,1.949388027191162,2.422494888305664
-2.683685541152954,-0.666754961013794,0.004471778869628906,2.934649705886841,2.0021891593933105,2.4952034950256348
-3.6020676493644714,-0.45803916454315186,-0.004014730453491211,0.694195568561554,1.9346681833267212,2.147858142852783
-2.4979658126831055,0.3095860481262207,0.012113571166992188,1.5557098388671875,1.9217207431793213,2.1278891563415527
-4.1771240234375,-0.8397114276885986,0.006045341491699219,4.440155029296875,2.04020094871521,2.534116744995117
-6.57465261220932,-0.3288534879684448,0.0184171199798584,0.8652463555335999,1.9906257390975952,2.533947229385376
-2.3817641735076904,-0.34870052337646484,-0.0042915940284729,3.5265982151031494,2.0530383586883545,0.09843168407678604
-2.8204367756843567,-0.19065076112747192,0.015531778335571289,0.4419516921043396,0.4419516921043396,2.80399489402771
-6.225416995584965,-0.3639611154794693,-0.12407064437866211,0.009940288960933685,0.20339392125606537,3.732426881790161
-5.438657827267889,-0.364851251244545,-0.15886902809143066,0.0007809926173649728,0.1564086526632309,2.9173450469970703
-3.7687214985489845,-0.44232913851737976,-0.33014726638793945,0.07840236276388168,0.15383407473564148,2.7740139961242676
-5.858774251770228,-0.4709136337041855,0.03162837028503418,0.005378656554967165,0.10629715025424957,3.727832794189453
-3.077280044555664,-0.12126284837722778,-0.06806111335754395,3.4586849212646484,0.6604588627815247,2.5302786827087402
-3.2277772426605225,-0.12915706634521484,-0.08104395866394043,1.0597641468048096,0.7260371446609497,2.586244821548462
-4.313498020172119,0.061504065990448,-0.110785573720932,2.715454578399658,0.9788083434104919,0.1734912097454071
-5.93672887980938,0.13994509913027287,0.05604743957519531,0.1555972844362259,0.1555972844362259,2.6460695266723633
-5.271301112137735,0.06205955985933542,0.22940444946289062,0.004697003401815891,0.07147622108459473,3.98779559135437
-3.4764691761229187,0.025150245521217585,0.0645301342010498,0.0007146426942199469,0.03162473812699318,2.895437717437744
-4.147951126098633,-0.21275098621845245,0.6276705265045166,0.7099051475524902,0.20157559216022491,3.3859972953796387
-3.7475598035380244,-0.16399303078651428,-0.14433670043945312,0.00444911140948534,0.17014971375465393,3.0835819244384766
-1.8618242740631104,-0.18756094574928284,0.0021376609802246094,1.9342591762542725,0.47968152165412903,2.6193857192993164
-2.3085622787475586,0.0011161565780639648,-0.017498016357421875,6.1785993576049805,1.3115969896316528,3.018615245819092
-7.802527428721078,0.018970608711242676,-0.07666349411010742,0.0008468617452308536,1.1724324226379395,2.575282096862793
-4.905483961105347,-0.1118936538696289,-0.1389145851135254,3.4367945194244385,1.4169659614562988,2.474358081817627
-1.6074657440185547,-2.120695948600769,-0.16092681884765625,5.018769264221191,1.772525429725647,2.553600788116455
-0.7959928512573242,-1.513978123664856,-0.11179137229919434,3.10860538482666,1.8922902345657349,2.2993712425231934
-2.724088668823242,-0.7483080625534058,-0.095351442694664,2.8640666007995605,1.9752007722854614,0.03357343375682831
-5.029977813363075,-2.735198989510536,0.3888976573944092,0.13562916219234467,0.13562916219234467,3.30755352973938
-5.666238085599616,-1.8602312579751015,0.03759002685546875,0.0036885577719658613,0.07117035239934921,3.9086532592773438
-6.101695479417685,-1.396123517304659,0.1614823341369629,0.0006003961316309869,0.04985393211245537,3.1337718963623047
-4.97181367687881,-1.2342194207012653,-0.006184816360473633,0.024334432557225227,0.04246426746249199,2.6012353897094727
-5.963217342738062,-1.0263794548809528,0.042691946029663086,0.0045169941149652,0.03531254455447197,3.0948808193206787
-1.8771735429763794,-0.8470896184444427,-0.22802162170410156,1.8349143266677856,0.3338741362094879,2.709393262863159
-4.504729509353638,-0.6183215975761414,0.10186052322387695,2.680755376815796,0.6687007546424866,2.5334293842315674
-4.505438804626465,-1.4445124864578247,0.2743523120880127,1.8561782836914062,0.8182753324508667,3.003429651260376
2.971383571624756,-1.8377519845962524,0.2648169994354248,6.334659576416016,1.4306005239486694,2.59275484085083
-4.527804344892502,-1.0423156023025513,-0.05207550525665283,0.3700456917285919,1.3255804777145386,0.29368874430656433
-3.755933366715908,-1.3789747580885887,0.025898456573486328,0.06905046850442886,0.06905046850442886,2.5931379795074463
-7.222357481718063,-1.2990271486341953,0.021337032318115234,0.0029585659503936768,0.03701036795973778,3.8809096813201904
-5.519473958702292,-1.2090993952006102,0.0951995849609375,0.0007572882459498942,0.0219662357121706,2.905365228652954
-2.0740044116973877,-0.8316327333450317,-0.07586550712585449,1.3512585163116455,0.35375750064849854,2.843355178833008
-4.402715264819562,-0.8485656082630157,-0.0695643424987793,0.007515371777117252,0.2557649314403534,2.7108631134033203
-2.4380877017974854,-1.9290430843830109,0.035859107971191406,1.6281192302703857,0.47270604968070984,2.6917717456817627
-2.0084338188171387,-3.273112416267395,-0.07010555267333984,6.276284694671631,1.3215893507003784,2.7249596118927
-2.8675835132598877,-2.3359785079956055,-0.08894562721252441,1.6909606456756592,1.369840383529663,2.6006650924682617
-0.9228653907775879,-1.91847825050354,-0.04762887954711914,2.362966537475586,1.4721837043762207,2.2909069061279297
-0.45362424850463867,-1.8269460201263428,-0.03893613815307617,3.384549140930176,1.6691920757293701,2.278809070587158
-1.5061392784118652,-1.7986985445022583,-0.09769749641418457,4.902955532073975,1.9601839780807495,2.260068416595459
0.33291196823120117,-1.9325389862060547,-0.10790848731994629,7.601543426513672,2.443110942840576,2.6440281867980957
-2.9440407752990723,-1.7269628047943115,-0.09904003143310547,1.5439505577087402,2.379223108291626,2.8258676528930664
-6.6391970962285995,1.881960391998291,-0.10238385200500488,0.22553564608097076,2.2269203662872314,2.365225076675415
-0.030831336975097656,-1.6894257068634033,-0.13593196868896484,8.352171897888184,2.6476809978485107,2.0372278690338135
-1.0828542709350586,-1.3666634559631348,-0.09521698951721191,3.3511619567871094,2.6795730590820312,2.7992124557495117
-5.377394080162048,-0.8778660297393799,-0.12871336936950684,1.9323698282241821,2.6342861652374268,2.7379117012023926
-4.35605263710022,-0.47881317138671875,-0.17006206512451172,1.0984704494476318,2.551156520843506,2.7133612632751465
-5.273692071437836,-0.14966201782226562,-0.16979265213012695,0.14604860544204712,2.4163689613342285,2.4822611808776855
-3.25054931640625,-0.190596342086792,-0.14146733283996582,2.297880172729492,2.4192306995391846,2.51847505569458
1.0560011863708496,-0.4955775737762451,-0.14827322959899902,6.643738269805908,2.6213419437408447,1.9134819507598877
-1.3796591758728027,-0.4595057964324951,-0.08209228515625,1.9727354049682617,2.589966297149658,2.1740024089813232
-1.0216748714447021,-0.48676037788391113,-0.07103204727172852,2.832899570465088,2.6021759510040283,2.5871081352233887
-6.36505126953125,-0.4409914016723633,-0.12095427513122559,1.9572772979736328,2.577014207839966,2.3083338737487793
-3.4617016315460205,-0.3568906784057617,-0.12136650085449219,3.017866849899292,2.591444969177246,2.221066951751709
-3.529788017272949,-0.30203747749328613,-0.1222834587097168,2.912046432495117,2.600132942199707,2.4176201820373535
-5.104951277375221,2.186341881752014,-0.15404129028320312,0.23289929330348969,2.5164849758148193,2.594470262527466
-2.1255297660827637,0.5104453563690186,-0.15610861778259277,3.22214412689209,2.5334856510162354,2.791914939880371
-2.336345911026001,0.37547755241394043,-0.07841062545776367,2.1506083011627197,2.52024507522583,2.030280351638794
-9.3159419298172,0.598358154296875,-0.09897613525390625,0.6045435667037964,2.4604883193969727,1.6719928979873657
-2.334932565689087,0.2523782253265381,-0.12835722230374813,3.621917486190796,2.4954426288604736,0.015040496364235878
-3.940750565379858,-1.5935924910008907,0.4847571849822998,0.04028657451272011,0.04028657451272011,3.141413688659668
-4.4807342691347,-1.3836589958518744,0.05584454536437988,0.004688342101871967,0.021594056859612465,3.7729949951171875
-5.1080182222649455,-1.2157805347815156,0.432894229888916,0.0007755132392048836,0.01398762222379446,3.2015597820281982
-6.528684804216027,-1.1183624174445868,-0.1895911693572998,0.024486830458045006,0.016399988904595375,2.5436971187591553
-5.272802766412497,-1.005523443222046,-0.12552666664123535,0.004153791815042496,0.014435768127441406,2.681709051132202
-6.209736227989197,-1.9381657838821411,-0.17397236824035645,1.982129693031311,0.34227144718170166,2.2889187335968018
-2.531157374382019,-1.0593283772468567,-0.1809391975402832,0.278774619102478,0.32990163564682007,2.240929126739502
-4.804856866598129,-0.7066055536270142,-0.27455295622348785,0.2610868513584137,0.3194005489349365,0.04723523557186127
-4.564114827662706,-1.6390271373093128,0.1294236183166504,0.033643465489149094,0.033643465489149094,2.8184237480163574
-8.063554475083947,-1.0783441253006458,-0.049045562744140625,0.0043252017349004745,0.019515138119459152,3.8683600425720215
-4.394542633672245,-0.7875295607373118,-0.022156715393066406,0.0005965837044641376,0.013402906246483326,2.856353759765625
-6.874683260917664,-0.834222637116909,-0.13075017929077148,0.1897660493850708,0.057489849627017975,2.5268731117248535
-4.55208333209157,-0.6902865469455719,-0.1816091537475586,0.0058466605842113495,0.046950846910476685,2.5867772102355957
-2.41447377204895,-0.529094398021698,-0.1637253761291504,3.074392080307007,0.5492894053459167,2.346600294113159
-3.503399133682251,-4.3289071917533875,-0.22088970616459846,3.3756425380706787,0.9522226452827454,0.03526271507143974
-4.490369755774736,-1.7640500850975513,0.32143568992614746,0.05393318459391594,0.05393318459391594,3.1196844577789307
-4.763253195909783,0.020209353882819414,0.16876220703125,0.0030031364876776934,0.027157235890626907,4.00410270690918
-4.900171459768899,0.015209274599328637,0.17826080322265625,0.0005996812833473086,0.01860935054719448,3.0676894187927246
-6.2626703307032585,-0.09828414767980576,0.03272104263305664,0.1186940148472786,0.04332318156957626,2.70908260345459
-4.409438889473677,-0.07529181614518166,0.13678789138793945,0.006781775504350662,0.0350269116461277,2.6943464279174805
-4.749996185302734,-0.6185099482536316,-0.10663437843322754,3.0396347045898438,0.5366559624671936,2.3619136810302734
-3.1424472332000732,-0.556038498878479,-0.006540060043334961,1.6951076984405518,0.7062057256698608,2.3612780570983887
-3.540058135986328,-0.6853007078170776,-0.08158119022846222,2.1263914108276367,0.8763149976730347,0.13207969069480896
-3.0975068658590317,-2.6186781972646713,-0.039998769760131836,0.08208288252353668,0.08208288252353668,2.7295548915863037
-5.457245239056647,-2.549244448542595,-0.03877544403076172,0.005752674303948879,0.039495185017585754,3.9018540382385254
-4.620123075903393,0.026549047091975808,0.0428919792175293,0.0005768066039308906,0.0273356381803751,2.956082820892334
-7.532310128211975,-0.49930477142333984,-0.006327390670776367,0.570003867149353,0.16320878267288208,2.7673604488372803
-4.263739716261625,-0.3252735882997513,-0.2858006954193115,0.006210196763277054,0.11711807548999786,2.6983449459075928
-2.0785160064697266,-1.0064501464366913,-0.29526591300964355,2.197291374206543,0.47281840443611145,2.410107135772705
-2.581041097640991,-0.9610061049461365,-0.3547027111053467,2.706044912338257,0.7918618321418762,2.3715732097625732
-2.652248501777649,-0.9862329959869385,-0.23229694366455078,1.1344565153121948,0.8328496217727661,2.5404467582702637
-5.083797216415405,-0.9718109965324402,-0.22101855278015137,2.0774948596954346,0.9704077839851379,2.441649913787842
-3.9468441009521484,-0.994559645652771,-0.18300795555114746,2.236487865447998,1.096514344215393,2.6095259189605713
-6.037302732467651,-0.8853474855422974,-0.26817965507507324,2.9515326023101807,1.269792914390564,2.916449785232544
-4.854435950517654,0.04908275604248047,-0.2313399314880371,0.09364411234855652,1.172317385673523,2.9149346351623535
-3.6884095668792725,-0.6785895824432373,-0.22843122482299805,3.8672192096710205,1.3928160667419434,2.7737417221069336
-11.142082214355469,-1.1150366067886353,-0.3136417865753174,1.5936717987060547,1.3976081609725952,2.5943832397460938
-8.110567799769342,-0.7107256650924683,-0.3509666919708252,0.013544329442083836,1.3056455850601196,2.816843032836914
0.5980339050292969,-1.303820252418518,-0.29146432876586914,8.46957778930664,1.7443422079086304,2.606825828552246
-1.25730562210083,-1.241991400718689,-0.22237014770507812,3.2856945991516113,1.8312817811965942,2.3461766242980957
-2.1026086807250977,-1.1556687355041504,-0.17452621459960938,2.9398951530456543,1.8987047672271729,2.7650146484375
-0.3920888900756836,-1.0447850227355957,-0.05733299255371094,4.023528099060059,2.012859582901001,3.516430377960205
-6.093988351523876,-0.9021469354629517,-0.05469918251037598,0.07493788748979568,1.9155718088150024,2.327608823776245
1.6194801330566406,-1.0721166133880615,-0.05451512336730957,10.437771797180176,2.3158342838287354,2.2513394355773926
-2.0121636390686035,-0.985907793045044,-0.06059551239013672,3.336951732635498,2.3696608543395996,2.8105814456939697
-1.7845245003700256,-0.8935961723327637,-0.05386924743652344,0.6676768660545349,2.290418863296509,3.206386089324951
-0.5694818496704102,-0.9055955410003662,-0.07363414764404297,4.915740013122559,2.4012601375579834,2.982398509979248
-1.1068115234375,-1.0372569561004639,-0.10962152481079102,9.699772834777832,2.696016788482666,2.70933198928833
-4.185903549194336,-0.9398467540740967,-0.21516132354736328,1.0266985893249512,2.640319585800171,2.3129000663757324
-4.873806476593018,0.14496374130249023,-0.2400057315826416,2.171842575073242,2.6158812046051025,2.6736791133880615
-7.865139961242676,-1.6198036670684814,-0.18531179428100586,5.3092193603515625,2.7142903804779053,1.763307809829712
-1.6374742984771729,-0.9160127639770508,-0.1852583885192871,2.26452898979187,2.7023088932037354,2.4817216396331787
-2.7643916606903076,-0.8461647033691406,-0.16114163398742676,3.2055795192718506,2.7123823165893555,2.475395441055298
-1.2423806190490723,-1.0578243732452393,-0.19321990013122559,5.314565181732178,2.7971842288970947,2.3223679065704346
1.0679411888122559,-1.0609586238861084,-0.15114376693964005,4.5192341804504395,2.8537635803222656,0.051273368299007416
-4.854909747838974,-2.688863128423691,0.6492233276367188,0.22361770272254944,0.22361770272254944,3.2670695781707764
-7.086935960687697,0.11243643471971154,0.17671465873718262,0.011153257451951504,0.11792571097612381,3.8703627586364746
-4.905059304903261,0.0745072141289711,0.2524290084838867,0.0006413786904886365,0.07764147967100143,3.0895724296569824
-4.657137591391802,-0.25937947630882263,-0.011315345764160156,0.017864983528852463,0.06110501289367676,2.428800106048584
-3.5878193876706064,-0.1936689279973507,0.05687284469604492,0.0057599046267569065,0.05156128481030464,2.739431858062744
1.1788277626037598,0.062239885330200195,-0.12314462661743164,6.400147914886475,1.1076793670654297,2.3466453552246094
-5.14641547203064,-0.02927267551422119,0.18676042556762695,0.9001152515411377,1.0632741451263428,2.7928526401519775
-3.1697869300842285,-0.015919923782348633,0.25001609325408936,5.1672892570495605,1.5791157484054565,2.129714250564575
-1.3003379106521606,0.00822746753692627,0.22177815437316895,0.9497357606887817,1.5106096267700195,2.2261147499084473
-1.3792808055877686,0.033399105072021484,0.12061047554016113,3.032562494277954,1.668823480606079,2.8066697120666504
-4.332314968109131,-0.023139357566833496,0.3013942241668701,4.043655872344971,1.8846851587295532,2.936540365219116
-4.110968112945557,-0.010907292366027832,0.3012197017669678,2.1043453216552734,1.8998936414718628,2.360734224319458
0.8216643333435059,0.058942556381225586,0.15542030334472656,6.765536785125732,2.266954183578491,3.1389989852905273
-5.403845310211182,0.05178356170654297,0.18948578834533691,1.9510798454284668,2.2509772777557373,3.0936827659606934
-3.5383691787719727,-0.04380941390991211,0.44333744049072266,11.523862838745117,2.8689827919006348,2.592686891555786
-1.1316511631011963,-0.012863636016845703,0.4357726573944092,1.8973731994628906,2.8115034103393555,2.6206014156341553
-2.4686328172683716,-0.06592631340026855,0.3295295238494873,1.9002331495285034,2.757802724838257,3.756204605102539
-8.18271566927433,-0.059798479080200195,0.35225749015808105,0.06845162808895111,2.6058077812194824,2.4823086261749268
-5.994304060935974,-0.06898021697998047,0.27457308769226074,1.3457499742507935,2.5456295013427734,2.624804735183716
-3.8164045810699463,-0.08061599731445312,0.3685772866010666,2.665072202682495,2.560628652572632,0.5234523415565491
-5.762419417500496,-1.7593357115983963,-0.1525712013244629,0.11811380088329315,0.11811380088329315,2.3483352661132812
-7.377882037311792,-1.4387037605047226,-0.06251788139343262,0.015797581523656845,0.06662274897098541,3.680880069732666
-6.714269011979923,-1.208462681621313,0.32247328758239746,0.0008093419019132853,0.04189935699105263,2.8233675956726074
-4.373532056808472,-0.5296301245689392,-0.26214599609375,2.4079601764678955,0.6356828808784485,2.476407527923584
-6.3313277857378125,0.4974735958967358,-0.3661315441131592,0.003839622251689434,0.5013309121131897,2.669604539871216
-1.6067218780517578,-1.5461090803146362,0.06140947341918945,6.803157806396484,1.5322405099868774,2.717979907989502
-11.998524367809296,-0.7580385208129883,0.03835701942443848,0.2584536671638489,1.3591413497924805,2.196443557739258
-3.7746788412332535,-0.4293484687805176,0.16199541091918945,0.13001738488674164,1.207966685295105,2.3917250633239746
-7.178788855671883,-0.3457984924316406,0.4857455790042877,0.18421582877635956,1.0824939012527466,0.5166733860969543
-1.0317623615264893,-0.057329997420310974,-0.31577181816101074,0.07725012302398682,0.07725012302398682,2.6178054809570312
-5.9533986817114055,-0.02438635751605034,-0.021106719970703125,0.005042098928242922,0.039280470460653305,3.690363645553589
-5.442932360980194,-0.02071605995297432,-0.22065019607543945,0.0008380476501770318,0.022924192249774933,2.7746057510375977
-2.8417699337005615,0.5504476577043533,-0.12880349159240723,2.518967866897583,0.6484134793281555,2.504157543182373
-7.501733633689582,0.48176053166389465,-0.27494120597839355,0.003477242775261402,0.5678451061248779,2.481767177581787
0.7194557189941406,0.42496126890182495,-0.11707043647766113,5.570190906524658,1.3520679473876953,2.194394588470459
-8.494790315628052,0.16461515426635742,-0.12768244743347168,0.2858884334564209,1.1971558332443237,2.108928680419922
-5.913004517555237,0.13061082363128662,-0.08324098587036133,0.3155282735824585,1.0957270860671997,2.675990343093872
-4.7403963804244995,0.021660804748535156,-0.14114785194396973,0.8299084901809692,1.0735969543457031,2.716909170150757
-1.2445659637451172,-1.5417664051055908,-0.02527928352355957,3.721034049987793,1.3231589794158936,2.633387804031372
-1.814964771270752,-2.079949140548706,-0.011174917221069336,4.341595649719238,1.5858502388000488,2.4951043128967285
-2.998497486114502,-1.735268473625183,0.10267376899719238,2.0452613830566406,1.628820776939392,2.363104820251465
-2.427396774291992,-2.0560431480407715,0.17969226837158203,5.364410400390625,1.8875584602355957,2.693690776824951
-3.2294178009033203,-2.4514341354370117,0.36492347717285156,8.60096549987793,2.382079601287842,2.555549144744873
-0.7836098670959473,-2.143923282623291,0.4138357639312744,4.396422863006592,2.51767635345459,3.0842247009277344
-6.109205961227417,-1.8018369674682617,0.48767852783203125,2.742227792739868,2.5306782722473145,2.624861240386963
-1.8152642250061035,-1.5102415084838867,0.5231890678405762,2.9613499641418457,2.5578293800354004,3.4163384437561035
-2.487933397293091,-1.3031680583953857,0.6488513946533203,2.561140298843384,2.5587525367736816,3.128542423248291
-1.4113070964813232,-1.2209928035736084,0.4163651466369629,2.866421937942505,2.5815227031707764,2.4140515327453613
-5.229311943054199,-1.0707712173461914,0.3801562786102295,4.187101364135742,2.6645283699035645,2.647800922393799
-1.8168779611587524,-0.9801108837127686,0.34540891647338867,1.8070632219314575,2.6189770698547363,2.8881943225860596
-1.895380973815918,-0.9445877075195312,0.414456844329834,3.496732234954834,2.6583023071289062,2.957644462585449
-3.774563193321228,-0.8589675426483154,0.3502156734466553,1.4859668016433716,2.605832576751709,3.0130417346954346
-6.555161237716675,0.3938157558441162,0.29015207290649414,2.193735361099243,2.595189332962036,2.8888368606567383
-5.524831235408783,1.3710238933563232,0.298799991607666,0.10452228784561157,2.492983818054199,3.0956499576568604
-5.29063868522644,1.5994707942008972,0.39977407455444336,2.9053738117218018,2.5074267387390137,2.955418348312378
-3.576065480709076,1.666785180568695,0.38895297050476074,0.7587781548500061,2.440768003463745,3.1805787086486816
-1.4919357299804688,1.2905068397521973,0.3094050884246826,3.187006950378418,2.4715588092803955,3.140134572982788
-6.694902181625366,1.1255842447280884,0.39604663848876953,1.8407700061798096,2.451293706893921,3.255610704421997
-1.781409740447998,0.5496020317077637,0.44097042083740234,6.391998767852783,2.585610866546631,2.7377820014953613
0.5674881935119629,0.3078441619873047,0.4315929412841797,5.223100662231445,2.6745424270629883,2.981109142303467
-3.1603803634643555,-2.9996683597564697,0.24557280540466309,6.254057884216309,2.7822673320770264,2.61072039604187
-1.9323291778564453,-3.306006908416748,0.40825963020324707,7.412086486816406,2.929293155670166,3.1348721981048584
-8.685642816126347,-1.3682231903076172,0.5054879188537598,0.06977882236242294,2.8435497283935547,3.0165936946868896
-1.8726091384887695,-0.8347229957580566,0.38970518112182617,1.9392666816711426,2.8143837451934814,2.786526679992676
-1.668835997581482,-0.576324462890625,0.4794464111328125,1.983254313468933,2.7875053882598877,2.879666805267334
-2.6768003702163696,-0.383228063583374,0.29850053787231445,1.9017385244369507,2.7785444259643555,3.1283912658691406
-3.6549863815307617,-0.5217370986938477,0.14965534210205078,4.167532920837402,2.821232557296753,2.9694204330444336
-3.9027669727802277,-0.20137643814086914,0.20454835891723633,0.18373987078666687,2.744662046432495,3.187316417694092
-4.396100997924805,-0.45722413063049316,0.4341597557067871,4.368014335632324,2.77919340133667,3.4521522521972656
-3.824113130569458,-0.35231733322143555,0.39076781272888184,2.997429609298706,2.782193899154663,2.81523060798645
-1.4895827770233154,-0.2749598026275635,0.28858351707458496,1.7695395946502686,2.7528553009033203,2.7576401233673096
-0.8373558521270752,-0.18462705612182617,0.18384146690368652,2.033339023590088,2.7349724769592285,3.2764923572540283
-6.723771572113037,-0.06937170028686523,0.15087318420410156,0.9572529792785645,2.7007901668548584,3.185671329498291
-3.6677592284977436,0.05560564994812012,0.47432374954223633,0.04205269739031792,2.633815288543701,3.6315441131591797
-5.854320526123047,0.0981440544128418,0.44623732566833496,2.583059310913086,2.628532648086548,3.448169231414795
-2.300588607788086,0.07139468193054199,0.6400890350341797,3.5012755393981934,2.6428163051605225,2.62800669670105
-1.7912958860397339,0.1298987865447998,0.5029933452606201,1.4599591493606567,2.628082036972046,2.4132437705993652
-4.852737456560135,0.1924140453338623,0.3928159177303314,0.47028300166130066,2.5831916332244873,0.5993955731391907
-3.621007665991783,-2.5400779098272324,-0.02361893653869629,0.08929254114627838,0.08929254114627838,2.357008695602417
-7.085791241377592,-1.8987190648913383,-0.01551055908203125,0.013501990586519241,0.049461252987384796,3.8305649757385254
-6.266863209835719,-1.5546245463192463,0.2461700439453125,0.0006653240998275578,0.03170419856905937,2.8780221939086914
-6.4120635986328125,-1.0802333354949951,-0.1480710506439209,2.7164134979248047,0.700520396232605,2.3618087768554688
-5.842891860753298,-0.9602160453796387,-0.0838766098022461,0.004035782068967819,0.5704243183135986,2.5484585762023926
-5.974396705627441,-0.8985416889190674,-0.042145490646362305,2.0602216720581055,0.8179783821105957,2.136263608932495
-1.7424192428588867,0.4511626362800598,0.05358153209090233,4.094178199768066,1.2681405544281006,0.0924433022737503
-5.955385446548462,-2.4622855186462402,-0.11860466003417969,0.030342817306518555,0.030342817306518555,2.8993611335754395
-5.794721727259457,-1.9484014995396137,0.12041354179382324,0.0039952946826815605,0.016194652765989304,3.9499385356903076
-6.297974381421227,-1.6275006607174873,-0.2243976593017578,0.0005523824947886169,0.01079975813627243,2.813114643096924
-4.718794375658035,-1.464525654911995,-0.08167219161987305,0.44686028361320496,0.11946849524974823,2.530515670776367
-6.310111274709925,-1.2893842235207558,-0.17504596710205078,0.003005275735631585,0.10667862743139267,2.6640725135803223
-2.9541091918945312,-1.3442728519439697,-0.23740744590759277,1.7767047882080078,0.3868967294692993,2.8172249794006348
-0.8597300052642822,-1.126740574836731,0.01585078239440918,3.329745054244995,0.8038922548294067,3.0085842609405518
-2.2295281887054443,-1.0793859958648682,0.1702287197113037,2.346054792404175,0.9992172718048096,3.1031782627105713
-2.505166530609131,-0.8933000564575195,0.23865270614624023,3.1877665519714355,1.2423081398010254,3.1848526000976562
-2.506793975830078,-0.7059808969497681,0.3045825958251953,2.3541455268859863,1.3587278127670288,2.8236582279205322
-1.8391448259353638,-0.7642694711685181,-0.0020427703857421875,1.4975775480270386,1.3690375089645386,2.4787278175354004
-6.6205363273620605,-0.6959853172302246,-0.0023860931396484375,3.843553066253662,1.5827860832214355,2.656795024871826
-0.03445577621459961,-0.6054657697677612,-0.0432133674621582,4.770727157592773,1.8288224935531616,2.170475721359253
-5.416548132896423,-0.609112024307251,0.031408071517944336,1.4356552362442017,1.814603567123413,3.063783884048462
-2.267302989959717,-0.5673660039901733,-0.060781240463256836,2.798579692840576,1.8879667520523071,3.150064706802368
-4.779843330383301,-0.516791582107544,0.06940102577209473,2.340026378631592,1.9049956798553467,3.173569917678833
-8.467662334442139,-0.5288901329040527,0.11358761787414551,0.9454751014709473,1.8354523181915283,3.0289053916931152
-1.2296218872070312,-1.8464009761810303,0.12943792343139648,3.9551467895507812,1.9584710597991943,3.746016263961792
-1.1598033905029297,-2.126265048980713,0.20708799362182617,4.192448616027832,2.0764365196228027,3.4520034790039062
-3.5504194498062134,-0.9254194498062134,0.38339781761169434,0.23173367977142334,1.9778589010238647,2.5482654571533203
-1.12684965133667,-1.055034875869751,0.2153615951538086,3.7552614212036133,2.0767626762390137,2.8287057876586914
-1.980212926864624,-0.9221258163452148,0.1700735092163086,2.0698463916778564,2.0758838653564453,3.2856431007385254
-0.38141345977783203,-0.7803585529327393,0.24103295803070068,6.986388206481934,2.292356252670288,0.5050211548805237
-4.279202327132225,-0.5813156813383102,-0.017377138137817383,0.1420527845621109,0.1420527845621109,2.5525753498077393
-3.838393893558532,-0.46195897459983826,0.028013944625854492,0.006183895748108625,0.07906624674797058,3.749034881591797
-1.5715681540314108,-0.37017007544636726,0.024231910705566406,0.0008718741592019796,0.055812012404203415,2.901132106781006
-1.4908356666564941,0.2349834144115448,-0.014236927032470703,2.3057496547698975,0.6146908402442932,2.5737223625183105
-3.0297483587637544,0.1778087019920349,0.019446849822998047,0.00573714729398489,0.4992818832397461,2.855027198791504
-1.060652256011963,-3.6708046793937683,0.061739206314086914,3.003416061401367,0.9194748997688293,2.8889763355255127
0.3119359016418457,-3.6929882764816284,0.009720921516418457,5.77440881729126,1.6059619188308716,0.08454949408769608
-6.1715249083936214,-1.8162304423749447,-0.07174563407897949,0.04974708333611488,0.04974708333611488,2.789031744003296
-4.669130566995591,-1.7055844757705927,-0.09247207641601562,0.004226442892104387,0.02804451249539852,3.689441680908203
-7.052631529222708,-1.5998485758900642,-0.1445460319519043,0.0008824745309539139,0.018276505172252655,2.8250551223754883
-5.701909273862839,-1.4131044670939445,-0.33289241790771484,0.35569408535957336,0.10432583838701248,2.5263354778289795
-7.214832402067259,-1.344711385667324,-0.2217867374420166,0.003338717622682452,0.08352915197610855,2.799278736114502
-0.7427663803100586,-0.930520236492157,-0.1215667724609375,5.265868186950684,0.9368283152580261,3.018270969390869
-1.1657764911651611,-0.7006580829620361,-0.08798372745513916,3.8421523571014404,1.3428316116333008,0.13103225827217102
-4.460423514246941,-0.9568037241697311,0.02272796630859375,0.1629771739244461,0.1629771739244461,2.5252530574798584
-7.323147724382579,-0.8765027970075607,0.10573267936706543,0.006142665632069111,0.09143777191638947,3.767313003540039
-6.449616570258513,0.05929254170041531,0.24408674240112305,0.0009954979177564383,0.059841588139534,2.713409900665283
-8.632916390895844,-0.06111207604408264,0.7623763084411621,0.488349974155426,0.17703558504581451,3.534086227416992
-2.774813501862809,-0.029799535870552063,-0.02668166160583496,0.002834947081282735,0.17706547677516937,2.9882330894470215
-0.013420581817626953,-0.7947677373886108,0.1680145263671875,5.842293739318848,1.1250061988830566,2.868990421295166
-4.500802993774414,-0.7475820779800415,0.2862936109304428,1.5265960693359375,1.161313772201538,0.4783650040626526
-1.9426850378513336,-1.161622554063797,-0.002981424331665039,0.09457549452781677,0.09457549452781677,2.5039448738098145
-6.905201113782823,-0.9753810688853264,0.04577946662902832,0.009137951768934727,0.06254763156175613,3.8494880199432373
-3.3031733792158775,-0.8485016524791718,-0.12104606628417969,0.0009307105210609734,0.041060298681259155,2.8297085762023926
-3.0600178241729736,-0.31552112102508545,-0.8368666172027588,2.1195151805877686,0.5620285272598267,3.4218685626983643
-3.951947348425165,-0.31080111861228943,-0.12202620506286621,0.0029743739869445562,0.46867355704307556,3.4505820274353027
-1.0471506118774414,-0.266892671585083,0.019114971160888672,4.013725280761719,1.0514333248138428,2.675508737564087
-3.717119812965393,-0.5213941335678101,0.095095694065094,1.9406613111495972,1.1670787334442139,0.20714791119098663
-3.2513880357146263,-2.4478542432188988,0.012399911880493164,0.06251648813486099,0.06251648813486099,2.495049238204956
-5.881676546297967,-2.1712270081043243,0.0970001220703125,0.009028562344610691,0.03282734751701355,3.7851428985595703
-3.8413865045877174,0.025733546062838286,0.2861652374267578,0.001042894902639091,0.026456527411937714,2.7209529876708984
-5.275428295135498,-0.38389062881469727,1.0478873252868652,1.28165864944458,0.3368973731994629,3.7458255290985107
-4.920480141416192,-0.18838727474212646,-0.05154538154602051,0.0069843437522649765,0.3030076324939728,3.225139617919922
0.4549415111541748,-0.9371263980865479,0.04689288139343262,3.4632012844085693,0.8387951850891113,2.3963863849639893
-4.911001682281494,-1.6791108846664429,0.05805554986000061,1.2722063064575195,0.9310141801834106,0.16099365055561066
-5.75327816978097,-2.2775460816919804,-0.02476954460144043,0.03127726539969444,0.03127726539969444,2.4194788932800293
-3.7795645585283637,-1.82323138974607,0.035568952560424805,0.009559215046465397,0.018489191308617592,3.929658889770508
-3.644745683646761,-1.5402217730879784,0.05870652198791504,0.0009516716236248612,0.020705975592136383,2.904387950897217
-5.378729820251465,-1.0102747976779938,-0.7884044647216797,1.251664638519287,0.32610365748405457,3.315491199493408
-3.4378831144422293,-0.9241417050361633,-0.04512953758239746,0.004994416609406471,0.2591877579689026,3.109941005706787
-0.5070993900299072,-0.7482238411903381,0.10273361206054688,3.9848358631134033,0.8980433344841003,2.993752956390381
-3.7635421752929688,-0.8376860618591309,-0.009599268436431885,2.8533501625061035,1.1751458644866943,0.33107268810272217
-4.031908720731735,-1.2850662171840668,0.149491548538208,0.0784161388874054,0.0784161388874054,2.7522616386413574
-7.23884388548322,-1.1316700913012028,0.08940434455871582,0.0026159610133618116,0.034420277923345566,3.904370069503784
-7.585350728302728,-0.9836167860776186,0.2172565460205078,0.0006554362480528653,0.02659587375819683,2.976332902908325
-7.381049633026123,-0.5116817355155945,0.06648397445678711,2.049665927886963,0.5316392779350281,3.2979819774627686
-5.111986093688756,0.36236071959137917,0.030062437057495117,0.0034313867799937725,0.36720365285873413,2.9817099571228027
-2.2158164978027344,-2.378874182701111,-0.06640505790710449,4.153336524963379,1.001369595527649,2.5257134437561035
-3.7109299302101135,-2.635870635509491,-0.11887288093566895,0.6756028532981873,0.9267485737800598,2.0026190280914307
-3.0134552717208862,-2.2935603857040405,-0.03275179862976074,1.2453995943069458,0.9818564653396606,2.1484882831573486
-5.577517747879028,-1.7559680342674255,-0.003180820494890213,0.5802276134490967,0.9265342354774475,0.05272797867655754
-4.504189301282167,-0.6724923737347126,0.07375526428222656,0.047888945788145065,0.047888945788145065,3.06911563873291
-4.59670454217121,-0.6130824331194162,0.11027097702026367,0.004431665409356356,0.026526188477873802,4.043747901916504
-4.704697420471348,0.017746634257491678,0.07610726356506348,0.0007593132322654128,0.018433639779686928,2.9617269039154053
-7.114474922418594,-0.052747175097465515,-0.27851271629333496,0.22895273566246033,0.0726931244134903,2.3780903816223145
-3.911561277695,-0.024073846638202667,-0.1837620735168457,0.00471088569611311,0.06273399293422699,2.471217632293701
-0.22378063201904297,-1.1470840573310852,-0.10867166519165039,5.544487953186035,0.9770354628562927,2.7705297470092773
-4.8613669872283936,-1.3508474826812744,0.0018951892852783203,0.45070624351501465,0.9076251983642578,2.4158153533935547
-0.419680118560791,-1.1982510089874268,-0.1232597827911377,3.604062557220459,1.244448184967041,2.406996250152588
-1.4248242378234863,-1.0815050601959229,-0.1507718563079834,3.0710244178771973,1.4467484951019287,2.392003297805786
-1.953059196472168,-0.9530733823776245,-0.18845415115356445,2.2041072845458984,1.5296880006790161,0.1982453465461731
-3.9876534044742584,-1.0515653192996979,0.14805865287780762,0.18856176733970642,0.18856176733970642,2.7429261207580566
-6.317832620814443,-1.0285012796521187,0.07778549194335938,0.00575670413672924,0.08626352995634079,3.7827582359313965
-4.489642835978884,-0.9519707150757313,-0.05912494659423828,0.0008185135084204376,0.05725429579615593,2.722788095474243
-3.548433542251587,-0.7558486461639404,0.2296762466430664,0.7984921932220459,0.24444115161895752,2.7121567726135254
-3.2912528885062784,-0.7384649068117142,-0.1197049617767334,0.0026423560921102762,0.18618111312389374,2.7910308837890625
-1.161646842956543,-0.23639333248138428,0.07144474983215332,5.915549278259277,1.143875002861023,2.5639376640319824
-11.335753552615643,-0.40029382705688477,0.03478670120239258,0.07306373864412308,0.9904718399047852,2.009363889694214
-2.392174005508423,-0.47987329959869385,-0.0580902099609375,0.14036059379577637,0.8955984115600586,2.198385715484619
-5.922745130956173,-0.5090765357017517,0.01625015027821064,0.08056793361902237,0.8044989705085754,0.027842268347740173
-4.71788377314806,-2.8307699635624886,-0.4315495491027832,0.04771643131971359,0.04771643131971359,2.98660945892334
-5.865386255318299,-2.763694390654564,-0.04556083679199219,0.0021312159951776266,0.024584904313087463,3.7275328636169434
-6.120324509218335,-2.6874582935124636,-0.2098984718322754,0.0011068414896726608,0.016942007467150688,3.050121307373047
-4.2243166863918304,-2.5897312313318253,-0.14256501197814941,0.09972181916236877,0.037182554602622986,2.4769721031188965
-4.483837122796103,0.025926296832039952,-0.17038202285766602,0.0026264239568263292,0.029832180589437485,2.599125862121582
-2.711646795272827,-1.8588752150535583,-0.04948019981384277,3.8225834369659424,0.6600003838539124,2.6199917793273926
-2.371580123901367,-1.7978354692459106,0.11939001083374023,4.675843715667725,1.2290068864822388,2.634307861328125
-3.020359516143799,-1.38970947265625,0.1237950325012207,1.7049784660339355,1.2879750728607178,2.983694076538086
-2.0490241050720215,-1.5203977823257446,0.14116311073303223,6.648134708404541,1.885245680809021,2.612731456756592
-1.3404479026794434,-1.3093199729919434,0.19315075874328613,4.38883638381958,2.14280366897583,2.2312865257263184
-5.670571208000183,-1.09609055519104,0.2015080451965332,1.3880053758621216,2.0767710208892822,2.600898504257202
-3.57736873626709,-6.7686169147491455,0.28493356704711914,8.46987247467041,2.607426404953003,2.917686939239502
-1.296457052230835,-3.183676242828369,0.1895911693572998,2.0254967212677,2.558140754699707,2.5766377449035645
-2.9028451442718506,-2.1327965259552,0.009528636932373047,1.9619076251983643,2.5220448970794678,3.251466751098633
0.637514591217041,-2.120255470275879,-0.22084684669971466,6.064760208129883,2.7612695693969727,0.1180906742811203
-3.9503666162490845,-2.7872921228408813,0.13161563873291016,0.10781991481781006,0.10781991481781006,2.749417543411255
-5.18733964767307,-2.4254051335155964,0.041855573654174805,0.004701749421656132,0.05357850715517998,3.8669445514678955
-4.443478253961075,-2.1243909001350403,-0.06790304183959961,0.0007289375062100589,0.03492230176925659,2.6842174530029297
-6.702568292617798,-1.861939013004303,0.08327960968017578,0.5397622585296631,0.16185587644577026,2.6211533546447754
-6.193552625365555,0.12639765138737857,-0.08876323699951172,0.004085409455001354,0.12847426533699036,3.049487590789795
-0.18660640716552734,-0.511896014213562,-0.09833002090454102,8.626006126403809,1.5451205968856812,2.4130148887634277
-4.691494941711426,-1.157470464706421,-0.06400515884160995,1.5874552726745605,1.5576708316802979,0.06650043278932571
-3.0360589139163494,-2.2210197560489178,0.077484130859375,0.03814767673611641,0.03814767673611641,2.917846918106079
-7.057442552410066,0.01620564190670848,0.03479766845703125,0.004283064045011997,0.021233269944787025,3.814676284790039
-3.540110746398568,0.011941510019823909,-0.02552318572998047,0.0007448997348546982,0.014722081832587719,2.9624228477478027
-4.139128684997559,-0.22088099271059036,-0.3933267593383789,0.29515933990478516,0.0847971960902214,2.470092296600342
-5.795335596194491,-0.16534972190856934,-0.17553997039794922,0.0035373514983803034,0.06703227758407593,2.679744243621826
1.0733113288879395,-0.5744187831878662,-0.13724899291992188,7.5014472007751465,1.3058760166168213,2.434746265411377
-2.221242904663086,-0.5137821435928345,-0.2158949375152588,5.311463832855225,1.8805063962936401,2.120771646499634
-5.765280395746231,-0.4104125499725342,-0.3577640429139137,0.22439512610435486,1.6744685173034668,0.0505768284201622
-2.302933044731617,-3.151734657585621,0.37007641792297363,0.03894679993391037,0.03894679993391037,2.8356220722198486
-6.63781986082904,-3.045673007145524,0.09953665733337402,0.0030783668626099825,0.02170765958726406,3.8864166736602783
-4.0974502405151725,-2.9375700103119016,-0.020427942276000977,0.0006671110168099403,0.013997401110827923,2.681079626083374
-7.40913313627243,-2.8570247888565063,0.39525413513183594,0.20780926942825317,0.06257998943328857,3.174895763397217
-5.028530337382108,-2.765638343989849,-0.07795095443725586,0.004700444173067808,0.04879499226808548,2.693333148956299
-1.8714969158172607,-2.2715659737586975,-0.10451245307922363,3.074676275253296,0.5547124743461609,2.622084856033325
-2.929856777191162,-2.4835867881774902,-0.19788098335266113,3.8028392791748047,1.0198826789855957,2.6175835132598877
-1.8653450012207031,-2.9497328996658325,-0.1418449878692627,5.687042236328125,1.6076124906539917,2.1944520473480225
-4.856853246688843,-2.5151619911193848,-0.02825641632080078,1.8301022052764893,1.6256093978881836,2.9237618446350098
-3.2742092609405518,-1.927980661392212,-0.052796363830566406,2.6766164302825928,1.7359120845794678,2.7158074378967285
-4.233378648757935,-1.72003972530365,-0.05854678153991699,3.7771880626678467,1.9244815111160278,2.8998260498046875
-5.58579158782959,-1.721313238143921,-0.12446141242980957,5.238492012023926,2.1996068954467773,2.533428907394409
-4.939579904079437,-1.3807313442230225,-0.15635061264038086,0.6406851410865784,2.080214500427246,2.754528522491455
2.0792436599731445,-1.4337913990020752,-0.15877246856689453,6.455242156982422,2.3960273265838623,2.3165204524993896
0.03120565414428711,-2.2534945011138916,-0.10242223739624023,5.19865608215332,2.592188596725464,2.5288925170898438
-6.726826548576355,-0.8453853130340576,-0.10219597816467285,1.5941554307937622,2.5278937816619873,2.718489646911621
-8.441395193338394,0.056830406188964844,-0.12749409675598145,0.3779006898403168,2.4031736850738525,3.7187514305114746
-5.267859734594822,0.5183917284011841,-0.12544488906860352,0.0036942586302757263,2.2709567546844482,3.0699758529663086
-5.430159091949463,0.06620311737060547,-0.15886998176574707,3.6428065299987793,2.3498685359954834,2.842287063598633
-3.2646299600601196,0.0869753360748291,-0.1598374843597412,1.8627103567123413,2.3167073726654053,2.748640775680542
-7.902716279029846,0.12360668182373047,-0.14112377166748047,1.5912030935287476,2.2779781818389893,2.3201308250427246
-2.7837133407592773,-0.10425829887390137,-0.21567845344543457,5.16475772857666,2.4150779247283936,2.7416653633117676
-1.7042279243469238,-0.14840984344482422,-0.21488014236092567,3.7294960021972656,2.479196786880493,0.02837890014052391
-4.3569811917841434,-2.7147814370691776,0.27553892135620117,0.061285581439733505,0.061285581439733505,2.9523420333862305
-6.987886696588248,-2.355029661208391,0.15489912033081055,0.0043160622008144855,0.032046955078840256,3.80830454826355
-3.5786668467335403,-2.0629271008074284,0.18902945518493652,0.0007468056865036488,0.02010669931769371,3.0993380546569824
-5.405059598386288,-1.8585444539785385,-0.35753512382507324,0.09913847595453262,0.0412377268075943,2.4352848529815674
-3.7317686416208744,-1.679687850177288,-0.45778346061706543,0.003628220409154892,0.03364778310060501,3.875399351119995
-2.1722116470336914,-1.2444605827331543,0.14774060249328613,5.677369117736816,0.9732797145843506,3.003490686416626
-11.118449475616217,-1.492400586605072,0.01653003692626953,0.04020092263817787,0.8597777485847473,2.4137203693389893
-3.4189282655715942,-1.4304533004760742,-0.2301487922668457,0.3044823408126831,0.7766158580780029,2.7809629440307617
-6.573584608733654,-1.3826546669006348,-0.5123292207717896,0.08415503054857254,0.7013423442840576,0.4464423656463623
-7.439452396705747,-0.00539696030318737,0.11605691909790039,0.022471202537417412,0.022471202537417412,2.8376822471618652
-1.8616664973087609,-0.004908628761768341,0.08082246780395508,0.0023646983318030834,0.012525757774710655,3.8701000213623047
-3.500537779298611,-0.002985945902764797,-0.25510144233703613,0.0010028815595433116,0.008741572499275208,2.963758707046509
-4.494347810745239,0.31492879986763,0.5966169834136963,2.1242735385894775,0.5374062657356262,4.000388145446777
-5.267320122336969,0.21749302744865417,-0.0033254623413085938,0.003675017738714814,0.4210657477378845,3.0543770790100098
-3.629732370376587,-0.30550605058670044,0.06952071189880371,3.222088575363159,0.8828865885734558,2.9290754795074463
-3.242000102996826,-0.533063530921936,0.01704120635986328,3.643179416656494,1.2711312770843506,2.8979194164276123
0.2946648597717285,-0.29801273345947266,-0.17020583152770996,6.475077152252197,1.9150705337524414,2.2213292121887207
-0.9591464996337891,-0.3166632652282715,-0.06845378875732422,4.888509750366211,2.258531093597412,2.667470932006836
1.13232421875,-3.965317726135254,-0.2825629711151123,7.346231460571289,2.793043613433838,2.0382375717163086
-1.619788646697998,-2.5647265911102295,-0.24725842475891113,3.729147434234619,2.904215097427368,2.3759119510650635
-3.7868785858154297,-1.405548334121704,-0.19823861122131348,1.4521498680114746,2.772231340408325,1.8465182781219482
-4.051209449768066,-1.314392328262329,-0.21066845953464508,2.73004150390625,2.760719060897827,0.08865521848201752
-5.843217951245606,-2.7672709049656987,0.1375102996826172,0.014399426989257336,0.014399426989257336,2.952279567718506
-5.108528628479689,-2.2067507756873965,0.1236112117767334,0.001207814086228609,0.0073426710441708565,3.824028491973877
-6.278122476302087,-1.8405608446337283,-0.08461737632751465,0.0007609808817505836,0.005059787537902594,2.8289363384246826
-4.460396885871887,-1.6725983619689941,-0.4795846939086914,0.4740351438522339,0.12239789962768555,2.5512900352478027
-4.457939229439944,-1.457549273967743,-0.2312777042388916,0.004043974447995424,0.12436610460281372,3.3042995929718018
0.005829811096191406,-0.9458693265914917,-0.09524345397949219,5.2903852462768555,1.0063728094100952,2.2056424617767334
-2.51399302482605,0.46603506803512573,-0.24347662925720215,0.7040870189666748,0.9473296403884888,2.36350679397583
-5.9132397919893265,0.5085530877113342,-0.3062897175550461,0.0915943831205368,0.8484953045845032,0.08578906953334808
-4.668555861338973,-1.9489533957093954,0.2940244674682617,0.018631333485245705,0.018631333485245705,3.057041645050049
-7.559819034533575,-1.7246688371524215,0.18550515174865723,0.0019785843323916197,0.010264062322676182,4.11847448348999
-6.283896615088452,0.006414126488380134,0.06845235824584961,0.0005810956354252994,0.007045259699225426,3.0384535789489746
-6.550842672586441,-0.41325801610946655,0.2575371265411377,0.39434871077537537,0.1037207841873169,2.939034938812256
-5.191576232202351,-0.25580208003520966,0.1457538604736328,0.008962403051555157,0.07877282798290253,2.737191915512085
-2.4171323776245117,-0.9093696475028992,0.00330352783203125,3.017444133758545,0.5678800940513611,2.5643906593322754
-1.9282760620117188,-0.9118656516075134,0.0776522159576416,2.3640236854553223,0.8243067860603333,2.7134997844696045
-2.6602535247802734,-0.8960264921188354,-0.004305124282836914,4.018133163452148,1.2288771867752075,2.9894211292266846
-4.782068245112896,-0.7412641048431396,-0.02286982536315918,0.11493969708681107,1.1004682779312134,2.803349256515503
-1.056546688079834,-0.8287947177886963,0.01003718376159668,6.467899799346924,1.6353142261505127,2.9413232803344727
-1.392430305480957,-0.9255526065826416,-0.1528632640838623,7.009422302246094,2.127824306488037,2.767777919769287
-7.095502883195877,-0.8152847290039062,-0.11450028419494629,0.35929009318351746,1.9752659797668457,2.6849911212921143
-2.3728904724121094,-0.7444243431091309,-0.0724029541015625,2.516653060913086,2.015122175216675,2.331037998199463
-2.7802820205688477,-0.713151216506958,-0.108978271484375,12.39433765411377,2.7617363929748535,2.589325428009033
-9.218860387802124,-0.6231534481048584,-0.11829924583435059,0.5615684986114502,2.6246678829193115,2.5973727703094482
0.12612390518188477,-0.5923802852630615,-0.21083426475524902,6.981245517730713,2.889241933822632,2.2820143699645996
-4.471814393997192,-0.5350978374481201,-0.10204243659973145,0.7680690288543701,2.7726900577545166,2.7790849208831787
-2.398056983947754,-0.5189840793609619,-0.16390633583068848,3.809732437133789,2.8231587409973145,2.7809410095214844
-4.919569492340088,-0.462846040725708,-0.10917353630065918,2.2155404090881348,2.7947144508361816,2.817784547805786
-3.4636478424072266,-0.4518611431121826,-0.08024001121520996,3.336729049682617,2.8127942085266113,2.2318778038024902
-5.56338894367218,2.154018759727478,-0.09143233299255371,0.6436117887496948,2.7065036296844482,2.5367417335510254
-5.281808018684387,1.1649742126464844,-0.1567033715546131,1.7682045698165894,2.6588099002838135,0.03332037851214409
-4.228554587811232,-3.730923753231764,0.2227919101715088,0.03458370640873909,0.03458370640873909,2.9407005310058594
-5.857479210477322,0.007007465697824955,0.07781124114990234,0.002967242617160082,0.020814139395952225,3.7812705039978027
-6.705982131708879,0.008663468062877655,0.10441827774047852,0.0007496645557694137,0.015380754135549068,3.0008668899536133
-8.200677022337914,-0.03895261511206627,-0.1890716552734375,0.1610955148935318,0.051874760538339615,2.3232638835906982
-5.90982728311792,-0.03092563897371292,-0.4078083038330078,0.004036375787109137,0.04044114798307419,2.705286741256714
-3.8387532234191895,-1.0876904428005219,-0.18217206001281738,2.051520824432373,0.3770062029361725,3.021942138671875
-12.130099784582853,-1.0070633590221405,-0.43140459060668945,0.01094292476773262,0.3286043703556061,2.2161054611206055
-2.945789337158203,-0.8818981647491455,-0.595435380935669,0.07850122451782227,0.29734814167022705,2.5653319358825684
-6.731453575193882,-0.8003678321838379,-0.7616030871868134,0.06800111383199692,0.2721489667892456,0.15440919995307922
-4.736047411337495,-1.1737512592226267,0.2684342861175537,0.02269730530679226,0.02269730530679226,2.940730094909668
-8.861615226604044,-1.11691883392632,0.08565402030944824,0.0027341386303305626,0.012653080746531487,3.920485258102417
-1.7090756735415198,-1.058124584145844,-0.3757152557373047,0.0008267321973107755,0.008774715475738049,2.8487370014190674
-7.643063127994537,-0.8537734597921371,0.049642086029052734,0.7096046805381775,0.18405760824680328,2.6881744861602783
-3.1984252529218793,-0.843083456158638,0.12400579452514648,0.00410179328173399,0.1447306126356125,2.787095069885254
0.5780820846557617,0.30706822872161865,-0.39795637130737305,9.514866828918457,1.7098240852355957,2.060471296310425
-1.646776556968689,0.31568706035614014,-0.11835908889770508,1.6647299528121948,1.6950730085372925,2.1468911170959473
-1.5581741333007812,0.7313462495803833,-0.15712881088256836,5.993795394897461,2.2322998046875,2.083874225616455
-4.611025899648666,0.5763164758682251,-0.06499218940734863,0.446343332529068,2.04386830329895,2.332038640975952
-6.022357106208801,0.8871458768844604,-0.07371678948402405,0.25645244121551514,1.8506841659545898,0.16908013820648193
-4.31862867064774,-2.5904041547328234,-0.0008058547973632812,0.022234557196497917,0.022234557196497917,2.9519600868225098
-7.05847094906494,-2.510664106346667,-0.04635167121887207,0.0031578694470226765,0.014141677878797054,3.825456142425537
-12.39850306068547,-2.435249482281506,0.04821896553039551,0.0006840273272246122,0.00990756880491972,3.066371440887451
-6.613804459571838,-2.244880437850952,-0.12173581123352051,0.5385369062423706,0.1422891616821289,2.5185444355010986
-5.2846199029590935,-2.1766967177391052,-0.09404850006103516,0.003266239771619439,0.13282567262649536,2.7016220092773438
-2.562450408935547,-1.319006323814392,0.24901390075683594,6.208322525024414,1.1279741525650024,2.425602436065674
-2.1147533655166626,-1.2385586500167847,0.1201169490814209,1.438864827156067,1.1890097856521606,2.5109424591064453
-3.533505916595459,-0.8552587032318115,0.2684917449951172,4.936380863189697,1.6620054244995117,2.554699420928955
-1.8333301544189453,-0.7415006160736084,0.07814693450927734,2.262282371520996,1.7223267555236816,2.6357839107513428
-1.9095730781555176,-0.6326799392700195,0.18999481201171875,2.901266574859619,1.8335647583007812,3.1788997650146484
-3.1263527870178223,-0.4360058307647705,0.16333770751953125,4.421788692474365,2.086207151412964,3.0800461769104004
-6.872009873390198,-0.43454813957214355,0.08622288703918457,1.7589925527572632,2.0687243938446045,2.587815046310425
-3.7352724075317383,-4.893352746963501,0.1294240951538086,5.858368873596191,2.3489363193511963,2.3222451210021973
-0.15950918197631836,-4.100309610366821,0.030913829803466797,6.518251895904541,2.637596368789673,2.4558205604553223
-0.9997768402099609,-2.8993730545043945,0.0818336009979248,4.072892189025879,2.7280144691467285,2.7194571495056152
-3.120168685913086,-3.565497398376465,0.16292476654052734,8.934097290039062,3.1231894493103027,2.5280299186706543
-0.8908441066741943,-2.9473440647125244,0.2045433521270752,3.6355369091033936,3.157942056655884,2.9647216796875
-3.8155544996261597,-2.3462045192718506,0.05048727989196777,0.7991048097610474,3.0312716960906982,3.0076491832733154
-4.274523973464966,-1.9298839569091797,0.15970253944396973,1.7455942630767822,2.960496425628662,2.5958759784698486
-3.711148977279663,-0.24486422538757324,0.5765087604522705,3.0470564365386963,2.9588680267333984,3.6082065105438232
-4.72042940557003,1.1076767444610596,0.5103509426116943,0.22749902307987213,2.8344228267669678,3.3937931060791016
1.832486629486084,-0.3743879795074463,0.4768739268183708,6.643695831298828,3.0017991065979004,0.5690721273422241
-4.142589122056961,-2.303773909807205,-0.16014575958251953,0.19429060816764832,0.19429060816764832,2.645819664001465
-6.3472153805196285,-2.0807971730828285,0.02937150001525879,0.003925595432519913,0.10175111144781113,3.80726957321167
-4.0283462385996245,0.06933452689554542,0.009224414825439453,0.0007694382802583277,0.07032359391450882,2.809068441390991
-1.5096683502197266,0.4852655380964279,-0.017042875289916992,2.5519676208496094,0.6918607950210571,2.539081335067749
-5.72126690717414,0.35253365337848663,0.24793553352355957,0.00406344560906291,0.5445705652236938,3.839379072189331
-4.038494348526001,0.3379306197166443,-0.07701492309570312,3.0112359523773193,0.9492259621620178,2.0227880477905273
-3.4812522530555725,0.29664790630340576,-0.11192202568054199,0.4502093195915222,0.8824356198310852,2.2327468395233154
-5.977390244603157,0.27159005403518677,-0.0934998020529747,0.2393365353345871,0.8112233877182007,0.08040813356637955
-5.092307643964887,-1.9253106880933046,0.05257463455200195,0.023480338975787163,0.023480338975787163,2.954641819000244
-6.386769910575822,-1.8128009922802448,-0.05748343467712402,0.0021918814163655043,0.010185729712247849,3.8276000022888184
-4.882942152325995,-1.707513814792037,-0.05184054374694824,0.0006180283380672336,0.008095258846879005,2.932696580886841
-7.395209923386574,-1.591512717306614,-0.8643057346343994,0.16660819947719574,0.04804285615682602,2.692619800567627
-3.696289953077212,-1.517633754760027,-0.25521373748779297,0.003066126024350524,0.04227737709879875,3.032858371734619
-2.2534265518188477,-0.9316183924674988,0.06503582000732422,5.791668891906738,0.9959771037101746,2.9584319591522217
0.23563909530639648,-0.36027610301971436,0.08876204490661621,7.139526844024658,1.8713504076004028,2.8406975269317627
-4.2029900550842285,-0.3916018009185791,0.10581254959106445,0.8673567771911621,1.7474184036254883,3.250131607055664
-3.9242405891418457,-0.28336942195892334,0.2651667594909668,3.6652445793151855,1.9592336416244507,2.987064838409424
0.09840869903564453,-0.14693307876586914,0.2789459228515625,3.4740893840789795,2.1142261028289795,2.442107677459717
-3.481480121612549,-0.03591561317443848,0.2552502155303955,4.24595308303833,2.321275472640991,2.6534440517425537
-1.92008376121521,-1.3602066040039062,0.21113061904907227,3.97381329536438,2.4507250785827637,2.1187736988067627
-2.29110586643219,-0.3665187358856201,0.13096237182617188,1.1972895860671997,2.3514459133148193,1.9787514209747314
-2.841783046722412,-0.7575910091400146,-0.017387032508850098,5.73190450668335,2.590688943862915,1.9092966318130493
1.9453635215759277,-0.9274945259094238,-0.018545866012573242,6.2470784187316895,2.8593974113464355,2.277121067047119
-0.14481210708618164,-0.8752315044403076,0.00638580322265625,4.5436272621154785,3.016824722290039,2.369870662689209
-2.2434465885162354,-0.6728103160858154,-0.03646397590637207,2.389301061630249,2.97967267036438,2.7730066776275635
-3.417081832885742,-0.6296720504760742,0.027158498764038086,2.806490898132324,2.984469175338745,2.545907497406006
1.4715805053710938,-0.7691006660461426,0.023546457290649414,6.506399154663086,3.183562755584717,2.570539951324463
1.3795137405395508,-3.631375551223755,0.001199483871459961,13.449295043945312,3.7022368907928467,2.5552220344543457
-11.851198315620422,-0.12781167030334473,-0.005539894104003906,1.6260651350021362,3.591759443283081,2.4779739379882812
-10.341441333293915,0.8291831016540527,-0.02301645278930664,0.4894168972969055,3.4348769187927246,2.356860637664795
-1.5616836547851562,0.06131100654602051,0.04096412658691406,5.916993618011475,3.5393738746643066,2.6167359352111816
-7.086446762084961,0.3258650302886963,0.12401890754699707,2.162949562072754,3.469322919845581,3.2772865295410156
-4.971583753824234,0.7040290832519531,0.12154197692871094,0.06290444731712341,3.323347568511963,2.961514949798584
-1.2398395538330078,0.8032095432281494,0.0841829776763916,2.1949546337127686,3.2902021408081055,3.2552356719970703
-6.037169933319092,0.7354726791381836,0.11511087417602539,2.2664742469787598,3.2607569694519043,2.7461905479431152
-2.154115319252014,0.7728898525238037,0.0652015209197998,1.5382431745529175,3.2003092765808105,2.499589443206787
-3.61911940574646,0.7731003761291504,0.08540177345275879,2.4420273303985596,3.1703543663024902,2.944786787033081
-2.954045832157135,0.8742213249206543,0.08893322944641113,0.4813839793205261,3.08430552482605,2.7921218872070312
-0.33510398864746094,0.8585591316223145,-0.02839067578315735,4.293776035308838,3.11859393119812,0.40133801102638245
-1.5196372270584106,-0.8719321489334106,0.07186412811279297,1.3191810846328735,1.3191810846328735,2.6577372550964355
-5.241618573665619,-1.4974744319915771,0.09605550765991211,0.015458643436431885,0.6114881038665771,3.7731494903564453
-5.1969557331176475,-1.6124329268932343,0.07324028015136719,0.0010284854797646403,0.4183397591114044,2.9182639122009277
-4.762768864631653,-1.5733967125415802,-0.0787956714630127,0.5905436277389526,0.46352216601371765,2.754638671875
-4.214852169388905,-1.5935547351837158,0.05122208595275879,0.0027877537067979574,0.3742417097091675,3.600090742111206
-2.49908447265625,-0.7786240577697754,-0.06649899482727051,6.096081733703613,1.3267788887023926,2.16463303565979
-3.526391565799713,-0.8409878015518188,-0.034125447273254395,0.5162238478660583,1.2217966318130493,1.9920202493667603
-2.9420711994171143,-0.8168611526489258,-0.040413424372673035,1.0937058925628662,1.2132446765899658,0.1118801087141037
-2.894642651081085,-1.6995310187339783,-0.022729873657226562,0.17911499738693237,0.17911499738693237,2.8094727993011475
-6.574424133636057,-1.320468544960022,-0.10808634757995605,0.008201255463063717,0.0884866714477539,3.8042232990264893
-4.865185352158733,-1.058071542531252,-0.07431912422180176,0.000648883986286819,0.06053633615374565,2.896327495574951
-6.307120472192764,-0.9424713999032974,-0.2258753776550293,0.37290892004966736,0.14011190831661224,2.582695960998535
-5.835003851214424,-0.8203987926244736,-0.15596675872802734,0.003007890423759818,0.11400510370731354,2.720127582550049
-2.511218786239624,-0.7003747224807739,-0.09469723701477051,3.045067071914673,0.5995842218399048,2.3803794384002686
-3.2756848335266113,-0.7415612936019897,-0.02850794792175293,4.224096298217773,1.1087620258331299,2.821606397628784
0.5042543411254883,-5.0872790813446045,-0.015537261962890625,9.182751655578613,2.1155855655670166,2.7682223320007324
-2.482802391052246,-2.541281223297119,0.011562108993530273,4.644322395324707,2.404292583465576,2.654510974884033
-3.1674656867980957,-1.5321760177612305,-0.15230226516723633,1.8896026611328125,2.352522134780884,2.4560317993164062
-3.5885355472564697,-1.3138883113861084,-0.10289549827575684,1.8736011981964111,2.3158462047576904,2.6290483474731445
-0.41604137420654297,-1.006385087966919,-0.09674271941184998,5.396234512329102,2.571195602416992,0.1116025298833847
-3.133766621351242,-2.2949609458446503,0.12106680870056152,0.12688258290290833,0.12688258290290833,2.792374849319458
-2.1924838107079268,-2.296608902513981,0.22901201248168945,0.003971191123127937,0.07478620857000351,3.90885853767395
-5.956265917571727,-2.271290171891451,0.22215890884399414,0.0006775943911634386,0.054818522185087204,2.943240165710449
-5.125033318996429,-2.0600008368492126,0.17689037322998047,0.7978468537330627,0.23659735918045044,2.978102684020996
-2.5692095167469233,-2.0946044921875,-0.0188140869140625,0.001726209418848157,0.15971994400024414,3.7419018745422363
-2.4845190048217773,-1.116970181465149,-0.18063735961914062,6.591915130615234,1.235026478767395,2.080051898956299
-3.32736873626709,-0.8888181447982788,-0.18295243754982948,3.1444129943847656,1.4818183183670044,0.02490004524588585
-5.642209071666002,-2.1907608695328236,0.3464996814727783,0.04788587614893913,0.04788587614893913,3.1273369789123535
-5.648747561732307,-2.1300323754549026,0.030527591705322266,0.0032366530504077673,0.024405166506767273,3.8012871742248535
-4.516766715561971,-2.060892597772181,0.09079599380493164,0.0007570500019937754,0.013970359228551388,3.242868423461914
-5.166662231087685,-2.0021872259676456,-0.17501211166381836,0.08466623723506927,0.03279927000403404,2.7056074142456055
-3.4944441858679056,-1.9345722906291485,-0.13548779487609863,0.0031797345727682114,0.029912400990724564,3.4256420135498047
-1.0884931087493896,-1.4970690608024597,-0.15668511390686035,3.3102381229400635,0.57514888048172,2.930441379547119
-5.239001840353012,-1.4921630024909973,-0.27361583709716797,0.33198824524879456,0.534017026424408,2.474064826965332
-5.22514009475708,-1.3041102886199951,-0.1813819408416748,2.233891010284424,0.7481319904327393,2.620124578475952
-3.662632942199707,-1.147096872329712,-0.1873558759689331,2.554440498352051,0.9519340991973877,0.16738054156303406
-4.742626063525677,-4.625171057879925,0.15723371505737305,0.09363282471895218,0.09363282471895218,2.7668275833129883
-5.857603310141712,-3.7175647243857384,0.20672202110290527,0.004679442849010229,0.05085764080286026,3.8585286140441895
-4.220187070779502,-3.119512166827917,0.06856775283813477,0.0008488865569233894,0.03414097800850868,2.937030792236328
-4.5936554074287415,-2.7523445785045624,0.9648873805999756,0.6347729563713074,0.18724945187568665,3.778376817703247
-4.824134218739346,-2.4222148209810257,-0.05270099639892578,0.002284181071445346,0.1479908674955368,3.533264636993408
-2.2505109310150146,-2.5633214712142944,0.07931113243103027,2.4379966259002686,0.5408209562301636,2.9032490253448486
-1.069417953491211,-1.9092646837234497,0.07387924194335938,4.083476543426514,1.069787859916687,2.3207545280456543
-0.7117395401000977,-1.2199851274490356,-0.010190010070800781,2.8346943855285645,1.3098245859146118,1.9627854824066162
-4.331012666225433,-0.7920167446136475,0.012294352054595947,0.6746183037757874,1.228924036026001,0.09905023872852325
-4.683205559849739,-2.1054427176713943,-0.08693122863769531,0.08329252898693085,0.08329252898693085,2.7436904907226562
-4.6756141991354525,-1.9374837540090084,-0.031189441680908203,0.006297269370406866,0.046861205250024796,3.868701457977295
-6.928777096210979,0.033683378831483424,-0.15164923667907715,0.000842692912556231,0.03432440012693405,2.8049302101135254
-4.098348408937454,-0.2023015320301056,-0.7158851623535156,0.4351150691509247,0.13125371932983398,2.6445603370666504
-5.3447761735878885,-0.12137201428413391,-0.21924304962158203,0.004858473781496286,0.10588033497333527,2.7976653575897217
-3.711362838745117,-0.30883681774139404,-0.02518939971923828,5.821187973022461,1.0612457990646362,2.3577721118927
-0.33669543266296387,-0.6821796894073486,-0.12628698348999023,3.3974809646606445,1.383112907409668,2.6631994247436523
-0.4517536163330078,-0.5129477977752686,-0.22275447845458984,2.70277738571167,1.5633997917175293,2.76847767829895
-3.9849629402160645,-0.44542670249938965,-0.10976219177246094,2.874837875366211,1.7182354927062988,2.837188243865967
-8.21115731750615,-0.3870009183883667,-0.10583662986755371,0.0013775869738310575,1.5363913774490356,2.5957648754119873
-3.8354839086532593,-0.36298036575317383,-0.04880356788635254,1.8765383958816528,1.5636112689971924,2.6991443634033203
-2.2011046409606934,-0.3976268768310547,-0.15333247184753418,3.891735076904297,1.7459468841552734,2.796480655670166
-1.5081000328063965,-0.4415297508239746,-0.04030418395996094,5.097906112670898,2.0063607692718506,2.565274238586426
-1.0488708019256592,-0.4707975387573242,-0.014746904373168945,3.9105751514434814,2.1413090229034424,2.404111385345459
-4.600582122802734,-0.4889247417449951,-0.00486445426940918,2.981703758239746,2.204143524169922,2.512145519256592
-3.9626314640045166,-0.4330906867980957,-0.04877161979675293,3.0671045780181885,2.2617785930633545,2.7630038261413574
-4.314490033313632,-0.38433384895324707,-0.057416677474975586,0.02473573572933674,2.1286134719848633,2.883552312850952
-0.6429119110107422,-9.587485313415527,-0.018416166305541992,12.410945892333984,2.701565742492676,2.47355318069458
-2.2488776445388794,-4.601179122924805,0.01571941375732422,1.9729269742965698,2.6649999618530273,2.568786144256592
-1.5356764793395996,-3.3893001079559326,0.004762426018714905,4.768538951873779,2.7665164470672607,0.18124979734420776
-4.565448433160782,-0.8917362987995148,0.08813858032226562,0.13089784979820251,0.13089784979820251,2.8497061729431152
-6.393289937172085,-0.6865979060530663,0.08546066284179688,0.004631625022739172,0.06851200014352798,3.908489942550659
-5.806595155096147,-0.5713026113808155,-0.032976627349853516,0.0006119524477981031,0.04768459126353264,2.9473257064819336
-4.12676477432251,-0.7553471624851227,0.14127111434936523,0.7374234199523926,0.21824964880943298,2.788442373275757
-3.756528865080327,-0.658086821436882,0.38580894470214844,0.003936756867915392,0.1728573590517044,3.6699795722961426
-0.9563808441162109,-0.5145078301429749,0.17365026473999023,2.6536786556243896,0.5925113558769226,2.623980760574341
1.8378801345825195,-0.4288538694381714,0.07799723744392395,7.763071060180664,1.6102076768875122,0.19041672348976135
-4.6204210966825485,-1.6516225785017014,-0.09123444557189941,0.16005833446979523,0.16005833446979523,2.7559516429901123
-6.4011623011901975,-1.6786315813660622,-0.07089543342590332,0.005839194171130657,0.07848616689443588,3.7227489948272705
-4.173027785611339,-1.6471571177244186,-0.12151765823364258,0.0007350126979872584,0.05485089123249054,2.7348451614379883
-4.465357542037964,-0.22318951785564423,-0.7270240783691406,0.8227317333221436,0.24773727357387543,2.5389392375946045
-2.761197699699551,-0.060436397790908813,-0.26673030853271484,0.003589735832065344,0.19399181008338928,2.915351152420044
-2.547410488128662,-1.157521367073059,-0.028951644897460938,5.936243534088135,1.1468356847763062,2.8539443016052246
0.2777218818664551,-0.487826943397522,0.010750122368335724,5.9291887283325195,1.8277453184127808,0.09994521737098694
-4.075042560696602,-3.067929580807686,0.07032966613769531,0.1480809897184372,0.1480809897184372,2.8811445236206055
-3.529279090464115,-2.6210703998804092,0.20256662368774414,0.004598043859004974,0.08757613599300385,4.001892566680908
-5.056315459660254,-2.2707525938749313,-0.09099936485290527,0.0007428746903315187,0.05310685932636261,2.800257682800293
-9.42569500207901,-1.6315980106592178,1.2927186489105225,0.3936600089073181,0.13632892072200775,4.030130863189697
-6.167488835984841,-0.767631784081459,0.03963422775268555,0.003352381056174636,0.12116478383541107,3.4257965087890625
0.048897743225097656,-1.4249569177627563,-0.08690690994262695,6.96992826461792,1.2885719537734985,2.765650987625122
-8.141139982733876,-0.950650691986084,-0.062187910079956055,0.006633759941905737,1.0957376956939697,2.243274688720703
-4.917608737945557,-1.1287660598754883,-0.05641746520996094,2.3500399589538574,1.2561211585998535,2.3790388107299805
-2.168052911758423,-0.9558718204498291,-0.05479073524475098,3.229534864425659,1.4671623706817627,0.053720079362392426
-3.809780642390251,-2.5026596039533615,-0.01057577133178711,0.03637762367725372,0.03637762367725372,3.000314235687256
-7.3948092077625915,0.015240964479744434,0.046907663345336914,0.0017381097422912717,0.017648713663220406,3.8363795280456543
-6.39103617600631,0.009637091308832169,-0.10596108436584473,0.0007232195930555463,0.011083859018981457,3.0717384815216064
-5.09607470035553,-0.1971345916390419,-0.8334150314331055,0.25915658473968506,0.07361497730016708,3.323225498199463
-6.132055283058435,-0.13026542961597443,0.03844499588012695,0.0050230021588504314,0.06298904120922089,4.077112197875977
-0.2100076675415039,-0.3946951627731323,-0.12700414657592773,8.604545593261719,1.4774597883224487,2.6113533973693848
-3.3129124641418457,-0.41155409812927246,-0.16025669872760773,1.9184279441833496,1.5333913564682007,0.09101967513561249
-5.957343950867653,-2.001667633652687,0.2122354507446289,0.15221892297267914,0.15221892297267914,2.967536449432373
-7.44391865702346,-1.6676162034273148,0.11974906921386719,0.0022683623246848583,0.06688253581523895,3.9354255199432373
-4.796208228217438,-1.4047086462378502,-0.06188488006591797,0.0008041008841246367,0.037127234041690826,2.856351375579834
-3.314986675977707,-1.3400938808918,1.0988752841949463,0.3828895390033722,0.12727555632591248,4.175991535186768
-6.1944626269396394,-1.1394230276346207,-0.10951113700866699,0.0033008160535246134,0.14058564603328705,3.821744918823242
-1.0763111114501953,-2.7646049857139587,-0.12311673164367676,4.029299736022949,0.7738047242164612,2.352670907974243
0.28129005432128906,-2.8014053106307983,-0.11459112167358398,4.922971725463867,1.3480902910232544,2.141983985900879
-5.607899069786072,-1.5845881700515747,-0.18928329832851887,0.4233008623123169,1.2280346155166626,0.024714378640055656
-3.618600957095623,-1.0543973371386528,0.43662476539611816,0.07999289780855179,0.07999289780855179,3.2260348796844482
-5.855846033897251,-1.0737097673118114,0.12660813331604004,0.0045217410661280155,0.036546070128679276,3.882424831390381
-3.297537003119942,-1.053375206887722,0.2076399326324463,0.0007379907765425742,0.02256409078836441,3.2096431255340576
-8.37143175676465,-1.0246409140527248,-0.6356444358825684,0.03655106946825981,0.026787880808115005,2.878944158554077
-3.8742515607737005,-0.9975138418376446,-0.02083897590637207,0.006873889360576868,0.023566294461488724,2.935351610183716
0.011068344116210938,-0.2302456498146057,-0.28971433639526367,5.828958511352539,0.9917847514152527,2.471236228942871
-0.2024531364440918,0.29797399044036865,-0.14347457885742188,4.568070888519287,1.5129786729812622,2.4720959663391113
-5.280098736286163,0.1768789291381836,-0.22683598846197128,0.8518068194389343,1.4345197677612305,0.12128517776727676
-4.282381799072027,-3.465592171996832,0.11656785011291504,0.04423162713646889,0.04423162713646889,2.6551225185394287
-6.597567327087745,-3.4246637150645256,0.13154172897338867,0.002538912231102586,0.022365637123584747,3.909707546234131
-1.3033833264489658,-3.368308048695326,-0.07159590721130371,0.0008168459753505886,0.015613812953233719,2.752993106842041
-7.543271958827972,-3.1992060244083405,1.0828800201416016,0.5511713624000549,0.14946064352989197,3.950845241546631
-5.620722819818184,-3.181420922279358,0.15199971199035645,0.0035995945800095797,0.115714430809021,3.7670700550079346
0.7716526985168457,-2.50459885597229,-0.1984422206878662,4.059861183166504,0.7745966911315918,2.1932828426361084
-3.6065821647644043,-1.7295305728912354,-0.08318686485290527,2.3902525901794434,1.0041959285736084,2.733182191848755
-8.816360954311676,-0.4878050684928894,-0.05337834358215332,0.0016932449070736766,0.8824480175971985,2.4309027194976807
-4.839244902133942,-0.7203382253646851,-0.0690755844116211,0.6831120848655701,0.8616869449615479,2.4436700344085693
-3.1048402786254883,-1.023231029510498,-0.08316099643707275,2.633408546447754,1.0314316749572754,1.8964498043060303
-0.8886947631835938,-1.0429235696792603,-0.08793950080871582,4.767446517944336,1.3737365007400513,2.435370922088623
-1.7193646430969238,-0.965224027633667,0.004141807556152344,2.6169991493225098,1.4858331680297852,2.668828248977661
-4.0184391140937805,-0.7306324243545532,0.08479976654052734,0.8833648562431335,1.4395133256912231,2.506908893585205
-2.0407285690307617,-0.8351956605911255,0.1053612232208252,4.99982213973999,1.6920775175094604,2.5173354148864746
-1.4130973815917969,-0.6179563999176025,0.05790424346923828,2.7011356353759766,1.7595233917236328,2.54054594039917
-1.918323040008545,-1.6162246465682983,0.036357879638671875,5.226041316986084,1.9786769151687622,2.2313380241394043
1.8350725173950195,-3.3045032024383545,0.08308982849121094,10.924954414367676,2.4968678951263428,2.351985454559326
-2.25954532623291,-2.6360015869140625,0.09529638290405273,4.388070583343506,2.6043715476989746,3.743185043334961
-8.644395336508751,-1.7437877655029297,0.07802319526672363,0.11352206766605377,2.4718518257141113,2.608912944793701
0.9742770195007324,-1.613626480102539,0.11357235908508301,5.886022090911865,2.642643451690674,2.314913034439087
-4.378530025482178,-1.400646448135376,0.06519103050231934,2.267747402191162,2.6209380626678467,2.533036708831787
-1.7388036251068115,-1.1644964218139648,0.09272217750549316,2.6507303714752197,2.634889602661133,2.703836441040039
-5.934005260467529,-0.8610119819641113,0.17620229721069336,0.41639089584350586,2.5423707962036133,2.6466732025146484
-3.268320083618164,-0.8160607814788818,0.13884949684143066,2.8592700958251953,2.552395820617676,2.6017682552337646
0.004136562347412109,-0.78544020652771,0.1632823944091797,4.571995258331299,2.6381726264953613,3.1107442378997803
-6.817408859729767,0.6523258686065674,0.08548235893249512,0.7358395457267761,2.555532693862915,2.393855333328247
-3.7996277809143066,0.7088984251022339,0.16347742080688477,2.133087158203125,2.545200824737549,2.480560779571533
-0.7990741729736328,-0.5015778541564941,0.08376681804656982,5.725717544555664,2.669304132461548,2.0530123710632324
-0.055815696716308594,-0.8553602695465088,-0.011035561561584473,5.812280178070068,2.7750585079193115,1.9151790142059326
-0.9167342185974121,-0.6843936443328857,0.009881973266601562,2.1754512786865234,2.7463080883026123,2.212345600128174
-2.6351516246795654,-0.43283677101135254,0.08976316452026367,1.684875249862671,2.703782558441162,2.7124850749969482
-6.375615641474724,-0.08710622787475586,0.08870267868041992,0.166500523686409,2.626333475112915,2.3058857917785645
-3.305797576904297,-0.2583746910095215,0.02019643783569336,5.662302017211914,2.7189812660217285,3.0521814823150635
-9.417781114578247,-0.27451539039611816,0.023110389709472656,2.8647677898406982,2.7272136211395264,2.343085765838623
-2.7029824256896973,1.4564589262008667,0.025865793228149414,1.243131399154663,2.6862974166870117,2.0354318618774414
-2.9573769569396973,-0.7273039817810059,-0.013655424118041992,6.440257549285889,2.7936391830444336,2.0418689250946045
0.3294944763183594,-0.33429670333862305,-0.023578405380249023,3.5877833366394043,2.8139100074768066,2.373640537261963
1.3304834365844727,-1.6520841121673584,0.04767131805419922,9.958629608154297,3.002887010574341,2.492469072341919
-1.614025592803955,-1.842406988143921,0.045727476477622986,3.7213921546936035,3.0220654010772705,0.20700481534004211
-3.2464061975479126,-0.48137450218200684,0.010588884353637695,0.3297051191329956,0.3297051191329956,2.6374080181121826
-6.181327372789383,-0.4796602874994278,0.02663564682006836,0.014679402112960815,0.17554889619350433,3.6137022972106934
-4.602278367441613,-0.4338877275586128,-0.040116071701049805,0.0007127366843633354,0.11751537770032883,2.6278340816497803
-3.161481022834778,-0.25084322690963745,-0.17372345924377441,0.6548949480056763,0.2515585422515869,2.735748529434204
-5.05273295333609,-0.2167310118675232,-0.19581270217895508,0.003089419100433588,0.22722211480140686,2.963076114654541
-0.3968477249145508,0.21088182926177979,0.04115414619445801,8.37435531616211,1.584907054901123,2.4513449668884277
-2.3488595485687256,0.35928261280059814,0.01739972084760666,2.9912335872650146,1.775237798690796,0.10985706746578217
-6.21440365165472,-2.0011890158057213,0.02880239486694336,0.10844848304986954,0.10844848304986954,2.5331015586853027
-5.108307649381459,-1.6932797655463219,0.009092330932617188,0.01164932083338499,0.06344602257013321,3.7709155082702637
-4.335401338990778,-1.453793529421091,0.11670255661010742,0.0007493072189390659,0.03917038068175316,2.7349953651428223
-4.939273148775101,-1.2674975991249084,0.1986544132232666,0.34586307406425476,0.11787623167037964,2.8069896697998047
-4.872150585288182,-1.1416621580719948,0.33794283866882324,0.0025537756737321615,0.10299678891897202,3.513751983642578
0.6235179901123047,-0.6495020389556885,0.024640321731567383,5.069154739379883,0.9252359867095947,2.2604880332946777
-1.2129945755004883,-0.3735283613204956,-0.17917633056640625,5.425124168395996,1.5686904191970825,2.437138080596924
-5.664559364318848,-0.12632155418395996,-0.06382203102111816,7.916563987731934,2.35969877243042,2.58921480178833
-6.438247323036194,-0.2505984306335449,0.05981839448213577,1.5816320180892944,2.280876398086548,0.18408004939556122
-3.139822617173195,-1.578549638390541,-0.02948760986328125,0.06466709077358246,0.06466709077358246,2.738199234008789
-4.249326636083424,-1.196792345494032,0.0041964054107666016,0.0034304363653063774,0.03637077286839485,3.6866297721862793
-6.263858206162695,-0.9689341988414526,-0.13628578186035156,0.0007005859515629709,0.023614386096596718,2.8319478034973145
-2.892441987991333,-0.7956289798021317,-0.41922688484191895,0.6921217441558838,0.19187794625759125,2.624889373779297
-5.797835252480581,-0.6712734997272491,0.05028033256530762,0.003422357840463519,0.16333505511283875,3.4168307781219482
1.4503893852233887,-0.1173701286315918,-0.0704813003540039,6.5104475021362305,1.2228232622146606,2.5292441844940186
-4.027414441108704,-0.33770740032196045,-0.2404853254556656,1.7179712057113647,1.2870103120803833,0.11241893470287323
-5.144473789259791,-1.7720711212605238,0.1418752670288086,0.023592235520482063,0.023592235520482063,2.799760341644287
-9.1547983053606,-1.1974282944574952,-0.05266761779785156,0.0025503274518996477,0.012869409285485744,3.793241500854492
-5.517627374443691,-0.8999478286132216,-0.2223186492919922,0.000713213172275573,0.00882690493017435,2.8595447540283203
-5.01553076505661,-0.7424758225679398,0.4895753860473633,0.5195649266242981,0.13640980422496796,3.1373937129974365
-4.497783939819783,-0.6179107874631882,-0.05723977088928223,0.0029012751765549183,0.11223484575748444,3.3389878273010254
0.5020296573638916,-0.34552377462387085,-0.17550230026245117,4.224880695343018,0.7925712466239929,2.5500118732452393
-3.580007314682007,-0.7479670643806458,-0.25154881924390793,1.9288923740386963,0.9570097327232361,0.0316166952252388
-4.8933384492993355,-0.0002581477165222168,0.30104947090148926,0.033250562846660614,0.033250562846660614,3.161766767501831
-4.506433536531404,-0.002816271036863327,0.18332362174987793,0.001649330137297511,0.016914445906877518,3.8937504291534424
-4.2377228260738775,-0.001684192568063736,0.08435297012329102,0.0007873057620599866,0.011810542084276676,2.9979004859924316
-5.539646275341511,-0.023999180644750595,-0.8569116592407227,0.12303530424833298,0.0393187440931797,2.7548155784606934
-2.273568717762828,-0.020276136696338654,0.15292954444885254,0.002749355509877205,0.03109760209918022,3.469332456588745
0.7242312431335449,-0.21170949935913086,0.3543076515197754,6.854148864746094,1.16828453540802,2.8738579750061035
-3.4884748458862305,-0.27442479133605957,0.1725299209356308,2.453981876373291,1.3542653322219849,0.30221226811408997
-3.933332547545433,-2.3197594732046127,-0.017479896545410156,0.06460584700107574,0.06460584700107574,2.846383810043335
-5.029687742702663,-1.5671978779137135,-0.06314659118652344,0.0020028548315167427,0.0337166003882885,3.808393955230713
-5.264074455481023,-1.169869216158986,-0.008661270141601562,0.0008581769652664661,0.02243599109351635,2.9681830406188965
-2.3366754055023193,-0.6611048877239227,0.7162129878997803,1.4270944595336914,0.37349382042884827,3.3323090076446533
-4.423796163871884,-0.552241712808609,-0.06529688835144043,0.00490046851336956,0.2996605336666107,3.501821994781494
1.6853985786437988,-0.22743284702301025,-0.10563945770263672,8.207637786865234,1.6154214143753052,2.4430365562438965
1.5372262001037598,-5.81646203994751,-0.11697077751159668,8.962709426879883,2.66829252243042,2.4418282508850098
-1.760645866394043,-4.490230560302734,-0.10306444019079208,4.180224418640137,2.8592915534973145,0.03316418081521988
-4.932702161371708,-2.0153635516762733,0.1391465663909912,0.0429624542593956,0.0429624542593956,3.102513074874878
-6.2096787843620405,-1.6283817384392023,0.10714364051818848,0.0018347349250689149,0.02136038802564144,3.810580015182495
-2.622758873330895,-1.3636870412155986,-0.09049654006958008,0.000854961050208658,0.015315410681068897,2.840395450592041
-6.380352139472961,-1.1549795679748058,-0.9098467826843262,0.1294001340866089,0.04323996976017952,3.24888277053833
-4.5933389770798385,-1.005782213062048,0.29657769203186035,0.004114140290766954,0.035676393657922745,4.246682167053223
-0.49461984634399414,-0.608263373374939,-0.08604288101196289,5.608883380889893,0.9641776084899902,2.555943489074707
1.2626800537109375,-0.3193027973175049,0.11304187774658203,6.064720153808594,1.6884191036224365,2.5948405265808105
-5.128294736146927,-0.31884145736694336,0.22031667828559875,0.45337268710136414,1.5433000326156616,0.6223641633987427
-3.753658354282379,-3.1779540181159973,-0.013126134872436523,0.6069096922874451,0.6069096922874451,2.7870376110076904
-5.727876359364018,-3.0676946192979813,-0.00211334228515625,0.002822702983394265,0.1857495754957199,3.824549913406372
-4.171813210065011,-2.602684572339058,0.03290271759033203,0.0007975496700964868,0.2449747771024704,2.8396565914154053
-7.51776123046875,-1.9095107913017273,0.11923933029174805,2.245368003845215,0.7582734227180481,4.446077346801758
-5.833418088033795,-1.8309940099716187,0.007996320724487305,0.005268855020403862,0.5694140195846558,3.608091354370117
-1.5028619766235352,-1.2527886629104614,-0.07783913612365723,5.057330131530762,1.3338674306869507,2.374425172805786
-2.717402935028076,-1.0319050550460815,-0.0742330551147461,2.681802272796631,1.5119234323501587,2.832746744155884
-3.3025689125061035,-0.9383182525634766,-0.04575610160827637,3.3296217918395996,1.7058837413787842,2.250535726547241
-0.24727106094360352,-0.6163840293884277,-0.057514190673828125,7.5533342361450195,2.414743661880493,2.2588677406311035
-4.605772376060486,-0.6511259078979492,-0.01752367615699768,1.2231050729751587,2.2868027687072754,0.13378936052322388
-4.471583288162947,-3.8875934295356274,0.013559341430664062,0.03860243037343025,0.03860243037343025,3.185234546661377
-5.303663069149479,-3.660374144092202,0.09683918952941895,0.0011398254428058863,0.018822690472006798,3.8137593269348145
-3.2608175115892664,-3.431431159377098,0.008048772811889648,0.0006666345288977027,0.011128321290016174,2.881134271621704
-5.56145179271698,-3.059821203351021,-0.5153765678405762,0.7362796068191528,0.19306175410747528,2.600517511367798
-5.511288554407656,-2.896812528371811,-0.19455957412719727,0.0051690032705664635,0.1741117537021637,4.159274101257324
0.5161266326904297,-1.4650661945343018,-0.07233071327209473,10.140192031860352,1.82188081741333,2.320775270462036
-4.80132520198822,-1.6237355470657349,-0.02016042172908783,1.4225307703018188,1.768593430519104,0.15493445098400116
-5.699788894504309,-1.757231678813696,-0.018693208694458008,0.054972801357507706,0.054972801357507706,2.815870523452759
-8.101888095028698,-1.5555864907801151,0.03228759765625,0.003494824282824993,0.02606901153922081,3.865872859954834
-4.362339817686006,-1.3955976068973541,-0.032004594802856445,0.0008012421894818544,0.016614288091659546,2.7585155963897705
-6.1985297203063965,-1.1154188513755798,0.9046463966369629,0.7836942672729492,0.21032875776290894,3.4279696941375732
-4.973460440523922,-0.9980354011058807,0.3773047924041748,0.002291436307132244,0.20771721005439758,3.5848751068115234
-1.8705828189849854,-0.6285271644592285,-0.4383840560913086,3.1081507205963135,0.6657623052597046,2.0647265911102295
-4.308525085449219,-2.3727834820747375,-0.11869573593139648,1.6913118362426758,0.8124870657920837,2.539797782897949
-3.3319389820098877,-1.7426060438156128,-0.09835796058177948,2.70121169090271,1.0537797212600708,0.06272666156291962
-3.7436388842761517,-1.8998657576739788,0.0846552848815918,0.054545748978853226,0.054545748978853226,3.1337332725524902
-5.903612050693482,-1.8836816437542439,0.08434724807739258,0.0017786887474358082,0.02771664783358574,3.763603687286377
-4.37370907649165,0.018554793146904558,-0.1734764575958252,0.0006815256201662123,0.019291473552584648,2.72686767578125
-6.003775328397751,-0.12730864435434341,0.39122438430786133,0.26574066281318665,0.08100094646215439,3.883455276489258
-4.488712986232713,-0.08117403090000153,0.40030932426452637,0.003473560092970729,0.06487525999546051,4.14355993270874
-1.0692644119262695,-0.5353850722312927,0.3004491329193115,4.866926193237305,0.8679537177085876,2.5357508659362793
-1.7172226905822754,-0.32241034507751465,0.46283555030822754,1.2524747848510742,0.9215468168258667,2.8767383098602295
-4.9912824630737305,-0.19958001375198364,0.5288897156715393,0.6070032119750977,0.8809041380882263,0.6273435354232788
-1.4569518193602562,-0.8954869732260704,-0.15315771102905273,0.06537429243326187,0.06537429243326187,2.8468103408813477
-5.382934180437587,-0.8070769347250462,0.009469985961914062,0.0018734062323346734,0.032608505338430405,3.847606658935547
-1.1865189367672428,-0.728810565546155,0.13145804405212402,0.000731558189727366,0.022065145894885063,3.029057741165161
-2.4118099212646484,0.02614462375640869,0.5988476276397705,3.0373411178588867,0.7748727798461914,4.154397964477539
-6.3334044073708355,-0.06708657741546631,-0.03761792182922363,0.004387989174574614,0.613477885723114,3.0417685508728027
-1.9927992820739746,-4.154135584831238,0.05336880683898926,3.676849842071533,1.1281453371047974,2.4787559509277344
-2.8939647674560547,-5.133798599243164,-0.09301042556762695,8.555252075195312,2.186330795288086,2.3636369705200195
-3.302400588989258,-3.9969515800476074,-0.08069896697998047,5.762099266052246,2.643404006958008,2.9661660194396973
-6.8475261926651,-3.0052144527435303,-0.05255413055419922,1.3406213521957397,2.47735333442688,2.7208259105682373
-9.1144380569458,-2.411560535430908,-0.09316635131835938,2.83590030670166,2.5113682746887207,2.4253928661346436
-1.6027021408081055,-2.1766834259033203,-0.02690410614013672,5.675356864929199,2.791933536529541,2.3365654945373535
-2.4933865070343018,-1.870483636856079,0.11794042587280273,1.7723338603973389,2.695997476577759,2.444974422454834
-3.1274675130844116,-1.5840590000152588,0.17040586471557617,1.8178116083145142,2.6337645053863525,2.5576343536376953
-5.285041809082031,-3.433156967163086,0.001363992691040039,5.599417686462402,2.8234329223632812,2.4046270847320557
0.4150123596191406,-2.1578140258789062,0.04027104377746582,4.608632564544678,2.9591259956359863,2.24859619140625
-6.092254161834717,-2.122037172317505,-0.022553205490112305,2.6277260780334473,2.9227826595306396,2.264496088027954
-5.005263924598694,-1.1670267581939697,-0.02994084358215332,0.5484431982040405,2.789609670639038,2.1721649169921875
-4.325448751449585,-0.5465025901794434,0.00024765729904174805,0.9807751178741455,2.7002015113830566,0.08459894359111786
-5.120204083621502,-5.384929768741131,-0.0506136417388916,0.07206428796052933,0.07206428796052933,2.723238945007324
-4.658834672067314,-5.027457877993584,0.005681514739990234,0.005041861440986395,0.040244415402412415,3.765775203704834
-3.914147330506239,0.025810630177147686,-0.24562644958496094,0.0007887351675890386,0.02682732604444027,3.0968856811523438
-4.975253254175186,-0.19607552886009216,-0.37150001525878906,0.3071354329586029,0.0989500880241394,3.44830322265625
-5.664732082746923,-0.12127814441919327,0.040883541107177734,0.009299651719629765,0.07600440829992294,3.050771713256836
-1.5475425720214844,-1.0174311995506287,0.015766620635986328,5.457610130310059,0.970170795917511,3.0433740615844727
-12.74954191595316,-0.869533896446228,-0.00030732154846191406,0.06697496026754379,0.8436006307601929,2.511077880859375
-3.3490387201309204,-0.730262815952301,-0.44364452362060547,0.16606199741363525,0.7623714804649353,2.3471150398254395
-5.324369192123413,-0.5962778329849243,-0.5704968199133873,0.3017122745513916,0.7178294658660889,0.12200925499200821
-3.833326704800129,0.0002227500081062317,0.11521196365356445,0.07007872313261032,0.07007872313261032,2.8782992362976074
-4.559711582493037,0.0024312585592269897,0.04440951347351074,0.0021308590658009052,0.036621663719415665,3.7761588096618652
-3.995294885709882,0.0030546411871910095,-0.46393251419067383,0.0007933806627988815,0.022922372445464134,2.847771406173706
-5.495180249214172,-0.05018572509288788,0.35579442977905273,0.6359494924545288,0.17563143372535706,4.310774803161621
-4.026071277447045,-0.050817668437957764,-0.034125328063964844,0.004491123370826244,0.13965368270874023,2.929849147796631
-3.7610387802124023,-0.4418905973434448,-0.17541956901550293,5.433971405029297,1.0492331981658936,2.509530544281006
-0.9843997955322266,-0.5907235145568848,-0.13339662551879883,5.298692226409912,1.663966178894043,2.266331195831299
-1.1696465015411377,-0.5895824432373047,-0.06338191032409668,3.199535608291626,1.8451385498046875,2.635430335998535
-6.00715896487236,-0.5227149724960327,0.012402057647705078,0.4835083782672882,1.7031930685043335,2.5036017894744873
-3.150437355041504,-0.44368088245391846,-0.01952385902404785,4.260251522064209,1.9578481912612915,2.48907470703125
-3.2641234397888184,-0.4301636219024658,-0.10567593574523926,7.263920307159424,2.4424479007720947,2.263859272003174
0.786412239074707,-0.4699699878692627,-0.017032623291015625,4.696764945983887,2.6170644760131836,2.2026772499084473
-2.0190622806549072,-0.43798208236694336,0.009987592697143555,3.0795295238494873,2.6329259872436523,2.474926233291626
-3.408541440963745,-0.4079172611236572,0.07786774635314941,1.0044677257537842,2.5330426692962646,2.411372661590576
-2.913614869117737,-0.4034695625305176,0.06222867965698242,1.9043420553207397,2.486372232437134,2.3788185119628906
1.3096189498901367,-0.34986305236816406,0.04973030090332031,6.843667984008789,2.765726089477539,2.256998300552368
-5.1800535917282104,-0.31569409370422363,0.10793662071228027,0.9475113153457642,2.656407594680786,2.2329232692718506
-4.861660003662109,-0.3278231620788574,0.08281803131103516,1.3446221351623535,2.5791099071502686,2.3409645557403564
-1.5816869735717773,-0.29457950592041016,0.03364396095275879,3.7690773010253906,2.6490182876586914,2.641273260116577
-4.906313419342041,-0.27492213249206543,-0.04459357261657715,3.674527645111084,2.702256917953491,2.4042670726776123
-0.4547586441040039,-0.27222418785095215,-0.03928232192993164,8.076128959655762,2.9691309928894043,2.375962972640991
-2.0681333541870117,-0.27529072761535645,-0.06432914733886719,1.1714978218078613,2.886357307434082,2.175874710083008
-4.805595338344574,-0.24807071685791016,-0.06987757235765457,0.5505028367042542,2.7851903438568115,0.060697637498378754
-2.8322580233216286,-3.739145316183567,0.014290809631347656,0.07150264829397202,0.07150264829397202,2.8754525184631348
-6.420391682069749,-3.2903203815221786,0.07451057434082031,0.0025838580913841724,0.033337369561195374,3.838466167449951
-5.098429995821789,0.022587529267184436,0.14847016334533691,0.0006272017490118742,0.023539677262306213,3.1454856395721436
-5.250813335180283,-0.1771884635090828,-0.4985992908477783,0.25321832299232483,0.08211829513311386,2.9552996158599854
-5.511035366915166,-0.13590803742408752,-0.11612701416015625,0.004005030728876591,0.0644523948431015,2.95274019241333
-4.205525159835815,-0.19308030605316162,-0.048378944396972656,3.234079599380493,0.5873720645904541,2.6319689750671387
-3.0624215602874756,-0.20140916109085083,-0.06482768058776855,0.5254919528961182,0.5836821794509888,2.5246376991271973
-5.705957889556885,-0.5028878450393677,0.06910133361816406,4.119060039520264,1.0171854496002197,2.8048434257507324
-3.183041512966156,-0.41740620136260986,0.15246295928955078,0.4690166115760803,0.9409589767456055,2.7822372913360596
-0.06910014152526855,-2.6969871520996094,0.09947752952575684,2.8819656372070312,1.1188862323760986,2.6594078540802
-1.6241135597229004,-2.831241726875305,0.11908936500549316,7.199962139129639,1.6767605543136597,2.825839042663574
-3.934424877166748,-2.866748094558716,0.22230076789855957,5.594128131866455,2.0149595737457275,3.0810434818267822
-5.611419200897217,-2.485171318054199,0.3010692596435547,3.622642993927002,2.1337332725524902,3.0537545680999756
-2.3647756576538086,-2.2116148471832275,0.21725749969482422,4.085938930511475,2.2644336223602295,2.933763027191162
-1.514571189880371,-1.946385145187378,0.07127833366394043,2.756246566772461,2.297334909439087,2.7851157188415527
-5.4341957569122314,-2.0918307304382324,0.19257521629333496,2.5406296253204346,2.3124170303344727,2.931763172149658
-5.50413852930069,1.187791109085083,0.10273361206054688,0.36069244146347046,2.2005677223205566,3.736044406890869
-7.563581258058548,-0.1435563564300537,0.16441130638122559,0.186993807554245,2.1018569469451904,2.9733805656433105
-4.224369645118713,0.029520511627197266,0.18601202964782715,1.2811006307601929,2.0640246868133545,2.8904080390930176
0.3164510726928711,-0.768834114074707,0.28266334533691406,6.193595886230469,2.2564892768859863,2.167543649673462
-2.417394757270813,-0.4180417060852051,0.42361903190612793,1.107106328010559,2.1963679790496826,2.7189388275146484
-4.83247709274292,-0.42005038261413574,0.22604918479919434,3.7433619499206543,2.278593063354492,2.552380323410034
-2.558913230895996,-0.41759443283081055,0.04894733428955078,7.801896095275879,2.5131912231445312,2.3245863914489746
-2.5915160179138184,-0.6287062168121338,0.21451997756958008,4.66636848449707,2.6051199436187744,3.225142240524292
-0.7326741218566895,-0.4640064239501953,0.04733538627624512,2.7710530757904053,2.6202032566070557,2.805798053741455
-6.643397092819214,-0.33741140365600586,0.014409303665161133,2.3154966831207275,2.60512638092041,2.8822832107543945
-5.675206780433655,-0.40824222564697266,0.025577783584594727,0.7887099981307983,2.553570508956909,2.5583484172821045
-0.04231452941894531,-0.7223203182220459,0.07829892635345459,9.114380836486816,2.769946575164795,1.984165906906128
-2.1226794719696045,-0.7094340324401855,0.0367741584777832,3.355774164199829,2.785656690597534,2.44419002532959
-3.069979190826416,-0.7302646636962891,0.042474985122680664,4.944289684295654,2.854088306427002,3.228750705718994
-3.887930393218994,-0.7623364925384521,0.1653594970703125,4.822205066680908,2.9234585762023926,3.2528655529022217
-9.584349155426025,-1.2443046569824219,0.26222729682922363,4.011070728302002,2.951228618621826,2.794680595397949
-1.8122591972351074,0.07625842094421387,0.20306992530822754,2.2498483657836914,2.9341657161712646,2.847989797592163
1.1464967727661133,-2.7157511711120605,0.0706789493560791,11.547801971435547,3.1865310668945312,2.1921310424804688
-6.208819389343262,-2.470954179763794,0.13317584991455078,4.937570571899414,3.232276678085327,2.5100181102752686
-7.7115936279296875,-1.9159812927246094,0.16615819931030273,3.0476198196411133,3.2299180030822754,2.933777332305908
-9.407930970191956,-1.3354027271270752,0.2073836326599121,1.5768626928329468,3.1879379749298096,2.6730434894561768
1.129723072052002,-1.6937193870544434,0.17200398445129395,7.374594211578369,3.293252944946289,3.028049945831299
-4.7394421100616455,-1.4165539741516113,0.14420175552368164,2.9234001636505127,3.285579204559326,2.7796759605407715
-2.0717382431030273,1.1536476612091064,0.16035032272338867,3.232213020324707,3.288630247116089,2.7456471920013428
-2.0566978454589844,0.7515974044799805,0.12178897857666016,2.8653512001037598,3.2771732807159424,2.7778754234313965
-5.698665618896484,-0.42488527297973633,0.24756097793579102,6.344876289367676,3.347733736038208,2.518050193786621
-0.01658344268798828,-0.8782627582550049,0.15695619583129883,5.481383323669434,3.399009943008423,2.0095906257629395
-8.898331642150879,-0.6954371929168701,0.33639025688171387,3.1194381713867188,3.389782190322876,2.7892093658447266
-2.688750743865967,-0.5318794250488281,0.33299776911735535,2.928610324859619,3.3763113021850586,0.5506279468536377
-3.4871684908866882,-2.3583123087882996,-0.033899784088134766,0.33529263734817505,0.33529263734817505,2.400620937347412
-6.513596715405583,-2.341156765818596,-0.06777167320251465,0.01405554823577404,0.18480677902698517,3.773799419403076
-5.048099029285368,-2.2589422166347504,0.07407069206237793,0.0006733057671226561,0.11848559975624084,2.8699793815612793
-2.621263027191162,-1.6234076619148254,-0.009625434875488281,2.4841675758361816,0.7049400210380554,2.770873546600342
-3.799583772663027,-1.6163306832313538,0.3186988830566406,0.0036462745629251003,0.5895673632621765,4.240215301513672
-3.3828024864196777,-1.2057899236679077,-0.04526185989379883,4.5677266120910645,1.2351890802383423,2.5287997722625732
-3.443673014640808,0.2816314697265625,0.023919343948364258,0.24836766719818115,1.0739179849624634,2.242587089538574
-4.025110185146332,0.34320735931396484,-0.03390127047896385,0.583829939365387,1.0372105836868286,0.04563691094517708
-5.787296377122402,-2.0007654055953026,0.11181831359863281,0.07728377729654312,0.07728377729654312,3.0383529663085938
-7.476908270269632,-1.6853958666324615,0.04847526550292969,0.0041555725038051605,0.041933029890060425,3.9542148113250732
-5.407110891013872,-1.450200019404292,-0.009565353393554688,0.0004017737810499966,0.02586275525391102,2.973207473754883
-5.1470827460289,-1.326724499464035,-1.0397300720214844,0.11720377206802368,0.04659274220466614,2.887540340423584
-5.295336019713432,0.039837711257860065,0.1338951587677002,0.006899106781929731,0.04239457845687866,3.3639938831329346
-2.6676106452941895,-2.410762846469879,-0.06984496116638184,3.575504779815674,0.6288174986839294,2.7223448753356934
-4.11943256855011,-2.235617935657501,-0.08262825012207031,1.1427072286605835,0.7070607542991638,2.7836050987243652
-6.114637136459351,-2.590909242630005,-0.10297012329101562,1.8829891681671143,0.8527693748474121,3.0405869483947754
-8.34507817029953,-2.944433808326721,-0.11624717712402344,0.7234223484992981,0.8456381559371948,3.109957218170166
-10.645780622959137,-3.324370265007019,-0.048163414001464844,0.4124831557273865,0.8051372766494751,2.2934958934783936
-1.75046706199646,-2.8963664770126343,0.011728525161743164,1.2824912071228027,0.847957968711853,2.473977565765381
-5.58457139134407,-2.4869444370269775,0.010336033999919891,0.3829188048839569,0.813319206237793,0.06846536695957184
-4.791744604706764,-2.712510958313942,0.1176900863647461,0.05000554025173187,0.05000554025173187,3.0086894035339355
-5.315103577915579,-2.388583702966571,0.1075282096862793,0.0023097521625459194,0.027409033849835396,4.063179016113281
-6.9343288107193075,0.016763428109697998,-0.0690157413482666,0.0007135705673135817,0.01780608482658863,3.0118000507354736
-4.252537310123444,-0.5714587792754173,1.5253090858459473,0.2707800269126892,0.0809551253914833,4.854025363922119
-5.9714405331760645,-0.35213014483451843,0.378584623336792,0.011582156643271446,0.06290414929389954,3.901528835296631
-4.42779541015625,-1.0531097054481506,-0.07876229286193848,4.31146240234375,0.7724331021308899,2.753093957901001
-3.3481315970420837,-1.1032007336616516,-0.12953639030456543,0.5009456276893616,0.7345017790794373,2.565324544906616
-5.244340658187866,-0.8393443822860718,-0.22347815334796906,0.6702687740325928,0.7244607210159302,0.07635746896266937
-4.2714287750422955,-3.2954725734889507,0.17191362380981445,0.04149990156292915,0.04149990156292915,3.124540328979492
-8.565369819523767,-2.8337441701442003,-0.036157846450805664,0.0018127213697880507,0.022287486121058464,3.9087891578674316
-4.239624831767287,-2.4786640675738454,-0.09753012657165527,0.0006515049026347697,0.014546486549079418,2.9363903999328613
-4.61504003405571,-2.188584551215172,-0.8531455993652344,0.3449266254901886,0.0970773845911026,3.6749157905578613
-4.8063700795173645,-1.987855613231659,-0.008426666259765625,0.007625281810760498,0.07793718576431274,3.3887076377868652
-1.9434432983398438,-1.1787843704223633,-0.10001206398010254,7.431308746337891,1.305487871170044,2.6508984565734863
1.5225205421447754,-5.086102247238159,0.028625965118408203,8.084976196289062,2.2706634998321533,2.99104380607605
-5.369520500302315,-2.0663232803344727,-0.043515920639038086,0.17056529223918915,2.0116829872131348,2.7888712882995605
-4.912316083908081,-1.3553695678710938,0.009918689727783203,1.0365750789642334,1.905545949935913,2.3519325256347656
-0.5945820808410645,-1.4787237644195557,-0.09380912780761719,4.249814033508301,2.128584623336792,2.7822134494781494
-4.167422652244568,-1.3298399448394775,-0.12143826484680176,1.553977131843567,2.0791101455688477,2.7364590167999268
-2.311288595199585,-1.418165683746338,0.032419681549072266,3.2560179233551025,2.159688711166382,3.176262378692627
-6.169182777404785,-1.5743834972381592,-0.011379480361938477,3.5981550216674805,2.287379026412964,2.510068655014038
-0.2342987060546875,-1.5318670272827148,0.09759712219238281,5.055474758148193,2.478088855743408,2.9410881996154785
-6.268243670463562,-1.2931790351867676,0.061231374740600586,0.7392970323562622,2.364232301712036,2.685823678970337
-2.380277633666992,-1.2938055992126465,0.05009889602661133,1.2440292835235596,2.3021202087402344,2.756587266921997
0.4211540222167969,-1.3623552322387695,0.08227372169494629,6.945355415344238,2.5749471187591553,2.837270498275757
-3.62538143992424,-1.322160243988037,0.04729413986206055,0.3924541771411896,2.4551444053649902,2.93007230758667
-7.26419734954834,-1.4929265975952148,0.024387836456298828,6.269961357116699,2.6579275131225586,2.0940515995025635
-0.36206984519958496,-1.3339416980743408,0.038007497787475586,3.4301083087921143,2.701510190963745,2.271918535232544
-4.986750453710556,2.340338557958603,-0.018760815262794495,0.33419767022132874,2.5859081745147705,0.135173037648201
-5.299969870597124,-1.5363117046654224,0.13492941856384277,0.058761876076459885,0.058761876076459885,2.813112497329712
-5.813124132575467,-1.0392827913165092,0.08257746696472168,0.0033669944386929274,0.031040437519550323,3.9809679985046387
-4.32527129520895,-0.7862049732357264,0.0036742687225341797,0.0007546676206402481,0.01976056955754757,2.941997528076172
-4.142415285110474,-0.7655277252197266,0.9303171634674072,0.6600797176361084,0.17997229099273682,3.467191219329834
-3.117024968378246,-0.6353573501110077,0.32657337188720703,0.011141468770802021,0.14314183592796326,3.2225074768066406
-4.0673298835754395,-0.6100282669067383,-0.02779412269592285,2.5511088371276855,0.545028805732727,2.568004846572876
-3.7796116173267365,-0.5686439275741577,-0.0578005313873291,0.3448915183544159,0.5148745775222778,2.579472303390503
-6.012107610702515,-0.5221720039844513,-0.184825100004673,0.2615959644317627,0.48052892088890076,0.036001838743686676
-6.318834576755762,-2.085090670734644,0.26909923553466797,0.031857218593358994,0.031857218593358994,3.1851487159729004
-4.4596736977109686,-1.6752501092851162,-0.08331966400146484,0.001790707348845899,0.01616603508591652,3.849001407623291
-1.827569586224854,-1.3967630984261632,-0.062225341796875,0.0006643710657954216,0.010000335983932018,3.065479040145874
-7.910327188670635,-1.3175663780421019,-1.1389143466949463,0.07929254323244095,0.028001921251416206,3.3051459789276123
-6.293211564887315,-1.1559353861957788,-0.03612089157104492,0.0076931859366595745,0.020017405971884727,3.162543535232544
-2.4300026893615723,-4.13800710439682,-0.10818052291870117,5.831191539764404,0.9913387894630432,2.5895466804504395
-1.880235195159912,-3.1668341159820557,0.019130706787109375,4.762670040130615,1.5238878726959229,2.843266010284424
-5.247915744781494,-2.041436195373535,-0.10919570922851562,2.5352883338928223,1.666564702987671,2.6885809898376465
-2.480356216430664,-1.7666010856628418,-0.013058662414550781,3.4528541564941406,1.8616828918457031,2.9853110313415527
-2.2054176330566406,-1.9020931720733643,-0.07429027557373047,4.928008079528809,2.16620135307312,2.9627363681793213
-3.866987705230713,-1.7750921249389648,-0.27561259269714355,1.0434913635253906,2.0651237964630127,2.8116326332092285
-6.886738657951355,-1.6164031028747559,-0.13098526000976562,1.3057061433792114,2.0112688541412354,2.9389455318450928
0.5696992874145508,-1.1987440586090088,-0.08625984191894531,5.494311809539795,2.271652936935425,2.6898255348205566
-4.254873752593994,-1.013336420059204,-0.05266928672790527,3.313570499420166,2.3500277996063232,2.5854687690734863
-1.173193097114563,-0.905735969543457,-0.05821704864501953,1.5042306184768677,2.291578769683838,2.7080225944519043
-2.2403817176818848,-0.6567959785461426,-0.07140469551086426,5.6715264320373535,2.5033695697784424,2.4707584381103516
-1.494532823562622,-0.6032929420471191,-0.09864258766174316,3.1775786876678467,2.546170711517334,2.837796211242676
-4.466112375259399,-0.5133304595947266,-0.12954139709472656,0.3391740322113037,2.4208474159240723,2.495774984359741
-3.01969313621521,-0.4648571014404297,-0.044386863708496094,1.705244779586792,2.3779308795928955,2.7093565464019775
-0.9850568771362305,-0.656137228012085,-0.06213998794555664,11.670527458190918,2.84222149848938,2.968531847000122
-9.034016132354736,-0.7186024188995361,-0.13952994346618652,1.9571490287780762,2.797947883605957,2.513353109359741
-1.6950829029083252,-0.6695144176483154,-0.14906978607177734,3.0788466930389404,2.8156797885894775,3.0574421882629395
-2.382124900817871,-0.6385402679443359,-0.09314346313476562,5.094019889831543,2.9083049297332764,2.378840923309326
-1.6086747646331787,-0.5928981304168701,0.06415319442749023,1.200875997543335,2.8438799381256104,2.480830430984497
-5.2060253620147705,-0.5415143966674805,0.07741856575012207,3.996141195297241,2.8951544761657715,2.817504405975342
-0.2688143253326416,-0.5297396183013916,-0.17017865180969238,3.315089464187622,2.9093000888824463,2.8365845680236816
-4.183899283409119,-0.45696592330932617,-0.010979175567626953,1.7039648294448853,2.863856792449951,2.726360321044922
-2.954060196876526,-0.4059278964996338,-0.036963701248168945,1.803076148033142,2.8206725120544434,2.698751926422119
-2.059352397918701,-0.3675401210784912,-0.095001220703125,1.699235200881958,2.7852041721343994,2.665062427520752
-3.120380163192749,-0.3591315746307373,-0.012267112731933594,2.343815565109253,2.7697346210479736,3.022021770477295
-8.573993519879878,-0.3266937732696533,-0.03111433982849121,0.0006238659843802452,2.6804347038269043,2.7010087966918945
-1.7875325679779053,-0.2917017936706543,-0.04618549346923828,2.8997690677642822,2.6884968280792236,2.804694652557373
-3.567775011062622,-0.2865715026855469,-0.13335061073303223,1.7351467609405518,2.6535849571228027,3.072575092315674
-3.4251599311828613,-0.2931487560272217,-0.10675597190856934,4.118083477020264,2.7029836177825928,3.2611327171325684
-6.710755109786987,-0.29375791549682617,0.014627933502197266,0.7930681705474854,2.6420559883117676,3.2490150928497314
-0.7476520538330078,-0.32634854316711426,-0.06167316436767578,11.936017990112305,2.9035146236419678,2.3350930213928223
0.009801864624023438,-0.3279445171356201,-0.10662174224853516,7.283620834350586,3.0265891551971436,2.7516674995422363
-3.039394497871399,-0.31903839111328125,-0.1594986915588379,0.9894217252731323,2.968508005142212,2.8545572757720947
-3.230241298675537,-0.32622551918029785,-0.11253094673156738,5.687309741973877,3.0376996994018555,2.8887343406677246
-6.081641674041748,-0.3704996109008789,-0.06798052787780762,4.995240688323975,3.081045150756836,3.1979832649230957
-5.360411465167999,-0.35318946838378906,-0.06673312187194824,0.7890684008598328,3.0265188217163086,2.7973437309265137
-1.1832356452941895,-0.3619263172149658,-0.04982948303222656,5.759509563446045,3.089386463165283,3.3040122985839844
-1.7587051391601562,-0.345247745513916,-0.007573366165161133,11.17335033416748,3.2802445888519287,2.9687068462371826
-9.991657853126526,-0.32445192337036133,-0.12885546684265137,0.7995151281356812,3.2246477603912354,2.59475040435791
-2.792884349822998,-0.3218703269958496,-0.04687619209289551,1.430614948272705,3.1862401962280273,2.358105421066284
-4.36485481262207,-0.31318044662475586,-0.07713855803012848,0.8260302543640137,3.1321942806243896,0.1366802603006363
-4.113230869174004,0.14213275536894798,0.1010890007019043,0.19153769314289093,0.19153769314289093,2.5305335521698
-5.358896005898714,0.07035296596586704,0.04507899284362793,0.014391671866178513,0.09606026858091354,3.8686320781707764
-6.457347569579724,0.06020406633615494,-0.10201907157897949,0.0007689617923460901,0.07612331211566925,2.7366435527801514
-4.153559327125549,-0.2043701559305191,0.36692333221435547,0.461145281791687,0.1801566332578659,2.9338154792785645
-5.041005949024111,-0.20099306106567383,0.1014547348022461,0.00441374396905303,0.14368495345115662,3.0839438438415527
-3.534041166305542,-0.3165223300457001,-0.0719144344329834,2.054966688156128,0.44626864790916443,2.5415682792663574
-3.6921654045581818,-0.32643452286720276,-0.12802791595458984,0.3703565299510956,0.43883827328681946,2.4164161682128906
-5.1693084836006165,-0.21729415655136108,-0.22334024868905544,0.495003879070282,0.46085530519485474,0.020922774448990822
-4.235216062515974,-1.168934267014265,0.4029874801635742,0.0407610721886158,0.0407610721886158,3.142832040786743
-7.079572896240279,-1.1091287657618523,0.04597973823547363,0.0037429530639201403,0.02357584983110428,3.8226611614227295
-3.2504532858147286,-1.0580061040818691,0.15176844596862793,0.0005852655158378184,0.016023103147745132,3.021754741668701
-6.059541404247284,-1.020683255046606,-0.8886871337890625,0.0634186863899231,0.029023680835962296,2.9081599712371826
-3.8196561308577657,-0.9705830030143261,-0.07985925674438477,0.0049026040360331535,0.025513071566820145,3.11417293548584
-4.5966477394104,-0.5293051600456238,-0.0325472354888916,3.8853354454040527,0.6690012812614441,2.864877939224243
-1.1469149589538574,-0.014369010925292969,-0.006814718246459961,5.904144287109375,1.4188891649246216,3.0287394523620605
-3.225025177001953,-0.03561580181121826,-0.07675671577453613,2.088913917541504,1.4970781803131104,2.882274866104126
-3.5085911750793457,0.35541272163391113,-0.10138845443725586,7.281050205230713,2.1371734142303467,2.828674077987671
-2.085332989692688,0.4454686641693115,-0.06911659240722656,1.770443320274353,2.0959057807922363,2.7371153831481934
-3.015916109085083,-0.012318134307861328,-0.03748345375061035,2.724454641342163,2.1525373458862305,2.8203470706939697
-1.0692236423492432,-0.29021453857421875,0.040238380432128906,2.3445231914520264,2.173257827758789,2.559648036956787
-3.2650744915008545,-0.3639075756072998,0.02332162857055664,3.6956675052642822,2.291966676712036,2.969240665435791
-1.7649109363555908,-0.4859964847564697,-0.019779443740844727,3.2748830318450928,2.361267328262329,2.830728530883789
-10.793654680252075,-0.31869029998779297,-0.06482148170471191,1.7856700420379639,2.3197402954101562,2.858855724334717
-2.2854676246643066,-0.2144002914428711,-0.054288387298583984,1.463733196258545,2.2682697772979736,2.777214527130127
-1.9544198513031006,-0.19362759590148926,-0.03265523910522461,2.558519124984741,2.2858896255493164,2.82533597946167
-1.292980432510376,-0.2195727825164795,0.0023081302642822266,2.1270036697387695,2.273704767227173,2.8398776054382324
-0.011852264404296875,-0.29200005531311035,-0.14046311378479004,3.6923305988311768,2.3451192378997803,2.885852098464966
-2.5059165954589844,-0.2542276382446289,-0.04078841209411621,2.475576400756836,2.351931095123291,2.7525811195373535
-5.623971939086914,-0.530219554901123,0.012025833129882812,8.341455459594727,2.64487624168396,3.167558193206787
-16.54281112551689,-0.42140746116638184,-0.17795538902282715,0.26659324765205383,2.533299446105957,2.5483946800231934
-1.8682770729064941,-0.39792513847351074,-0.08925843238830566,2.8711652755737305,2.5453438758850098,2.9521734714508057
-2.4688940048217773,-0.43769335746765137,-0.12494707107543945,6.588068962097168,2.7047793865203857,2.408219814300537
-0.23128890991210938,-0.7112252712249756,-0.10015320777893066,13.505725860595703,3.1423592567443848,2.162905216217041
-8.24658489227295,-0.6879367828369141,-0.13399195671081543,5.786352157592773,3.2453091144561768,2.524487018585205
0.8870706558227539,-0.6270525455474854,-0.06758332252502441,8.648294448852539,3.443645715713501,2.4528517723083496
-3.741842269897461,-0.6568214893341064,-0.11079001426696777,6.530195236206055,3.5445382595062256,2.7815158367156982
-3.684997797012329,-0.6088371276855469,-0.12178635597229004,3.1195151805877686,3.5414528846740723,3.3416950702667236
-6.561229148646817,-0.5530402660369873,-0.015017509460449219,0.0030213205609470606,3.421025514602661,2.9105594158172607
-7.774073600769043,-0.5748257637023926,-0.06620478630065918,3.213613510131836,3.416227340698242,2.6168904304504395
-4.582205772399902,-0.5421569347381592,-0.037548065185546875,2.1609249114990234,3.3666982650756836,2.866403102874756
-5.84377384185791,-0.5152723789215088,-0.05438566207885742,2.3839406967163086,3.3321356773376465,3.177812337875366
-7.693947196006775,-0.5875511169433594,-0.031227588653564453,1.6897932291030884,3.288724184036255,2.765190601348877
-0.7135283946990967,-0.5475857257843018,-0.02166295051574707,2.4663727283477783,3.2662746906280518,2.663088321685791
-3.0117106437683105,-0.5152885913848877,-0.00018358230590820312,2.7009806632995605,3.2494187355041504,2.804919719696045
-1.3516693115234375,-0.47644829750061035,-0.09124773740768433,5.074151992797852,3.2972030639648438,0.2148503065109253
-3.930549204349518,0.39693501964211464,0.07831835746765137,0.4373173117637634,0.4373173117637634,2.63218355178833
-3.7476784181781113,0.177513824775815,-0.049590349197387695,0.004632811527699232,0.20093625783920288,3.6598644256591797
-4.919016626547091,0.11974221467971802,-0.05731058120727539,0.0007283418672159314,0.13539087772369385,2.8897008895874023
-5.0936630964279175,0.11565700173377991,-0.01990675926208496,0.578985333442688,0.24039003252983093,2.550244092941284
-7.08848337829113,0.1096949502825737,0.29789066314697266,0.010924294590950012,0.20967023074626923,3.961552143096924
-0.6081671714782715,0.07636916637420654,-0.07302141189575195,6.472650527954102,1.2501747608184814,2.509443759918213
-11.707962036132812,0.06878125667572021,-0.026031494140625,0.3687572479248047,1.1248416900634766,2.4044299125671387
-2.213464468717575,0.06942164897918701,0.039797306060791016,0.3135071098804474,1.0230036973953247,2.604527473449707
-5.023644343018532,0.048461735248565674,0.003203168511390686,0.23492537438869476,0.9343563914299011,0.10766226053237915
-2.961280606687069,-3.0163281187415123,0.23651456832885742,0.06195495277643204,0.06195495277643204,3.0434670448303223
-6.409225075272843,-2.2484309896826744,0.044922828674316406,0.002917678328230977,0.032712437212467194,3.8236289024353027
-3.296477749827318,-1.8104553874582052,-0.09134650230407715,0.0007908792467787862,0.021038586273789406,2.77889084815979
-5.026655554771423,-1.4490154683589935,-0.5835063457489014,0.4705578088760376,0.13418641686439514,3.1254451274871826
-2.136881093494594,-1.2460667490959167,-0.01474761962890625,0.006980200298130512,0.1138259768486023,3.2462430000305176
-1.5571274757385254,-1.0877179205417633,0.4144155979156494,2.419464588165283,0.49680647253990173,3.109377384185791
-3.0768418312072754,-2.907498300075531,0.09763717651367188,3.059020519256592,0.8630004525184631,3.221112012863159
-1.3501472473144531,-6.662879943847656,-0.1292104721069336,8.838147163391113,1.872462272644043,2.6601271629333496
-5.318451881408691,-4.901088714599609,-0.07515406608581543,3.460911750793457,2.046276092529297,2.8892104625701904
-2.462463855743408,-3.8403784036636353,-0.10754013061523438,1.580965518951416,1.999742865562439,3.0907015800476074
-11.036616444587708,-4.041419744491577,-0.08104825019836426,1.07243812084198,1.9115536212921143,3.0273187160491943
-4.1535749435424805,-3.6636157035827637,-0.10024023056030273,3.1342568397521973,2.007622241973877,2.6711549758911133
-3.8903181552886963,-3.091856837272644,-0.04176831245422363,0.9459879398345947,1.9203616380691528,2.755138874053955
-4.7625837326049805,-3.3286004066467285,-0.07338666915893555,8.926980018615723,2.440377712249756,3.110288143157959
-9.706648588180542,-2.8656556606292725,-0.10737872123718262,1.259089708328247,2.368975877761841,2.4879062175750732
-4.7122485637664795,-2.562431812286377,-0.13179945945739746,2.074986696243286,2.3504185676574707,2.733944892883301
-0.5103230476379395,-2.209167718887329,-0.2837243005633354,5.381650924682617,2.527292490005493,0.09377039223909378
-3.970879554748535,-0.5432048439979553,0.18405675888061523,0.22734737396240234,0.22734737396240234,2.9300994873046875
-4.683474395889789,-0.5260112136602402,-0.0009307861328125,0.002572681289166212,0.1363781839609146,3.842972993850708
-5.162762649473734,-0.5007461309432983,-0.04866933822631836,0.0008544846205040812,0.07892560958862305,2.8096134662628174
-4.81544041633606,-0.4570975825190544,0.5634267330169678,0.24135375022888184,0.10880614072084427,3.2652008533477783
-4.972608468960971,-0.43185167014598846,0.09236812591552734,0.0063444157131016254,0.09435106813907623,3.933764934539795
-4.274594306945801,-2.070578634738922,-0.23348236083984375,3.7488269805908203,0.718033492565155,2.644103527069092
-2.8036544024944305,-0.9755048155784607,-0.2524404525756836,0.25002506375312805,0.6451863646507263,2.6799166202545166
-5.1770234405994415,-0.5807482004165649,-0.39586118422448635,0.247801274061203,0.5889697074890137,0.015108698979020119
-4.567960433661938,-1.4643688723444939,0.6154441833496094,0.036758728325366974,0.036758728325366974,3.5049827098846436
-6.256340422551148,-1.4479208905249834,0.05082249641418457,0.0017133570509031415,0.01906612329185009,3.861006498336792
-4.031320128066,-1.427487009204924,0.14629554748535156,0.0007366804056800902,0.013497359119355679,3.189077138900757
-6.703788090497255,-1.3964948449283838,0.3254101276397705,0.030095767229795456,0.01733698509633541,2.98599910736084
-4.5740058263763785,-1.370868505910039,0.2848794460296631,0.008841768838465214,0.015395460650324821,3.529127597808838
-0.6155271530151367,-4.144490003585815,0.48059892654418945,4.027947425842285,0.6846086978912354,3.84470796585083
-7.548934623599052,-2.654314875602722,0.2337954044342041,0.22562773525714874,0.6165076494216919,3.185568332672119
-1.7383536100387573,-1.9246171116828918,0.17481255531311035,1.6848713159561157,0.7445949912071228,3.103502035140991
0.9323949813842773,-3.089245080947876,-0.10860180854797363,12.258767127990723,2.0257623195648193,2.3140926361083984
-1.0405941009521484,-2.8965930938720703,-0.20067644119262695,7.527624130249023,2.5777587890625,2.1038966178894043
-4.7667131423950195,-2.5062289237976074,-0.26454854011535645,6.409512519836426,2.920687675476074,2.675363063812256
-3.3270506858825684,-2.081627130508423,-0.22118926048278809,2.2369132041931152,2.8698575496673584,3.575883388519287
-10.651682794094086,2.256736546754837,-0.20581746101379395,0.34191614389419556,2.6711034774780273,2.7403149604797363
-1.9981553554534912,1.1731549501419067,-0.21222329139709473,3.041651964187622,2.6904361248016357,2.9135944843292236
-5.103431224822998,0.16509628295898438,-0.2559621334075928,4.431886196136475,2.8050014972686768,2.5178871154785156
-1.1304763555526733,0.2979011535644531,-0.22223305702209473,1.936341404914856,2.754448890686035,2.574481964111328
-3.0081076622009277,-0.04347991943359375,-0.1603550910949707,3.713773250579834,2.820530414581299,2.7692596912384033
-3.7870706915855408,0.1789395809173584,-0.16030621528625488,0.5200620293617249,2.6862268447875977,2.7087996006011963
-5.4742841720581055,0.0758814811706543,-0.17410063743591309,3.154147148132324,2.715153455734253,3.1152377128601074
-1.1481337547302246,-0.14821767807006836,-0.19540667533874512,5.442501068115234,2.8496146202087402,3.1628551483154297
-2.176175117492676,-0.05611157417297363,-0.2081310749053955,2.0666418075561523,2.81670880317688,3.024061918258667
-4.3241353034973145,0.04008936882019043,-0.13637804985046387,1.219245433807373,2.7394583225250244,2.7530980110168457
-0.23285722732543945,-0.23154306411743164,-0.15435123443603516,6.142388820648193,2.8820817470550537,2.9561767578125
-3.746069550514221,-0.19280171394348145,-0.04526185989379883,0.6414035558700562,2.7880170345306396,3.06496262550354
-6.091967344284058,-0.14353108406066895,-0.04158759117126465,1.8854200839996338,2.7555887699127197,3.1213555335998535
-3.930419921875,-0.1610708236694336,-0.22218084335327148,1.6592483520507812,2.712930202484131,2.649080276489258
-4.731377840042114,-0.10429978370666504,-0.11036562919616699,1.4576590061187744,2.6634678840637207,3.3234314918518066
-7.80292946472764,-0.04267144203186035,-0.16245055198669434,0.018481668084859848,2.562688112258911,2.5470447540283203
-3.5900166630744934,0.01721930503845215,-0.22137761116027832,0.5192834734916687,2.513252019882202,2.481064558029175
-4.25288200378418,-0.11996078491210938,-0.07420539855957031,3.2080936431884766,2.53951096534729,2.338399887084961
-4.947329998016357,-0.4692814350128174,-0.04723715782165527,3.5604958534240723,2.5630979537963867,2.924172878265381
-1.495478630065918,-0.5868394374847412,0.005064964294433594,4.13532829284668,2.610175848007202,2.964989185333252
0.6486830711364746,-2.995051145553589,0.013127565383911133,5.542837619781494,2.695587396621704,2.7368969917297363
-2.839315176010132,-2.3259408473968506,-0.01796746253967285,2.738253355026245,2.6966049671173096,2.922755002975464
-0.761993408203125,-2.030611515045166,0.14740324020385742,3.6852355003356934,2.72749662399292,3.0265183448791504
-0.2775087356567383,-2.1262381076812744,0.06848335266113281,5.59418249130249,2.8060142993927,2.9372572898864746
-2.738952875137329,-1.5781784057617188,0.0591578483581543,2.1685683727264404,2.796358108520508,2.9111526012420654
-2.2664175033569336,-2.220616102218628,0.004403114318847656,10.998971939086914,3.0177061557769775,2.5747528076171875
-1.8753514289855957,-1.8329622745513916,0.0025877952575683594,2.804032802581787,3.0117294788360596,2.5842809677124023
-5.5274693965911865,-1.7390656471252441,-0.02013683319091797,3.659914255142212,3.0321707725524902,2.651745319366455
-5.295828342437744,1.1544773578643799,0.005002021789550781,1.68898344039917,2.9987025260925293,2.695949077606201
-2.9385461807250977,0.836207389831543,0.05170249938964844,2.103975296020508,2.977890968322754,2.742727279663086
-0.008382797241210938,0.1785280704498291,0.04623770713806152,3.9413461685180664,2.9992353916168213,2.7248520851135254
-2.0690224170684814,0.20198678970336914,0.009478330612182617,2.2567241191864014,2.984255790710449,2.9604249000549316
-2.057973861694336,-0.47606372833251953,-0.01679515838623047,6.11440372467041,3.054321050643921,3.1194796562194824
-4.0666711032390594,-0.003468751907348633,0.0024178028106689453,0.3456175625324249,2.9966354370117188,3.2084476947784424
5.700050592422485,-0.7872276306152344,0.024364233016967773,9.469535827636719,3.12992525100708,2.56133770942688
-0.7185935974121094,-1.3183252811431885,-0.013033628463745117,9.129810333251953,3.256417989730835,2.8179683685302734
-2.9094018936157227,-1.48862624168396,-0.030878782272338867,6.15084171295166,3.313852071762085,2.7512106895446777
-3.761298894882202,-1.2451202869415283,-0.010241031646728516,1.9132492542266846,3.2819554805755615,2.6952316761016846
-2.9748445749282837,-1.0451173782348633,0.052831411361694336,1.7708905935287476,3.251235008239746,2.980421304702759
1.631943702697754,-1.0674662590026855,-0.10632580518722534,6.325497627258301,3.3086581230163574,0.32270851731300354
-4.644507050514221,-0.06305408477783203,0.007380008697509766,0.8332093954086304,0.8332093954086304,2.431386947631836
-4.993907051160932,-0.29205307364463806,-0.10761904716491699,0.01755802147090435,0.43665066361427307,3.589174270629883
-7.251409555901773,-0.27679890394210815,-0.008316278457641602,0.0008749709231778979,0.3276464343070984,2.7336370944976807
-5.327898144721985,-0.23762142658233643,0.03953981399536133,0.5596665143966675,0.3626798987388611,2.5700314044952393
-3.561710528563708,-0.23868659138679504,0.2734966278076172,0.002362795639783144,0.29836228489875793,3.762958526611328
0.7583274841308594,0.7840876579284668,0.10162115097045898,13.879928588867188,2.6023309230804443,2.5340237617492676
0.802497386932373,0.9530560970306396,0.17641836404800415,5.611621379852295,3.0128133296966553,0.33868494629859924
-2.2583683133125305,-0.5228713154792786,-0.5138907432556152,0.6654838919639587,0.6654838919639587,2.556117296218872
-4.8502880949527025,-0.6157396733760834,-0.232954740524292,0.009282408282160759,0.4100210964679718,3.6387813091278076
-2.9534853043733165,-0.6485053598880768,-0.24043560028076172,0.0010301527800038457,0.2555272877216339,2.9210915565490723
-6.55551153421402,0.04128037393093109,-0.12717700004577637,0.42531055212020874,0.28159111738204956,2.450639247894287
-5.680694710928947,0.11399854719638824,-0.24337220191955566,0.0033844592981040478,0.24303987622261047,2.870164394378662
-1.5715932846069336,-1.3875999450683594,0.047882795333862305,6.559754371643066,1.317500352859497,2.866656541824341
0.3903770446777344,-2.0127198696136475,-0.09949731826782227,9.383748054504395,2.4456846714019775,2.4473423957824707
-1.8361034393310547,-1.8613829612731934,-0.13306403160095215,3.814136505126953,2.6229114532470703,2.7595574855804443
-2.979787826538086,-1.523270606994629,-0.12579894065856934,2.271996021270752,2.610255241394043,2.710920572280884
-1.5328187942504883,-1.6929912567138672,-0.21550846099853516,8.609612464904785,3.246772289276123,2.90820574760437
-2.4375877380371094,-1.4526617527008057,-0.2138972282409668,4.785684585571289,3.381528615951538,2.484372138977051
-2.2817564010620117,-1.3257267475128174,-0.24188828468322754,2.778986930847168,3.317150831222534,2.6666860580444336
-1.4420297145843506,1.06378173828125,-0.16648101806640625,2.0793633460998535,3.235640525817871,2.796962022781372
-2.6210553646087646,0.6555953025817871,-0.2531776428222656,3.5764219760894775,3.259854793548584,2.417701482772827
-3.2530544996261597,0.8270962238311768,-0.17697525024414062,1.7112780809402466,3.1764979362487793,2.6127257347106934
-1.3649852275848389,0.718327522277832,-0.07359504699707031,2.332421064376831,3.104856014251709,2.8529486656188965
-5.324070930480957,0.6641731262207031,-0.11052942276000977,2.251904010772705,3.0527923107147217,2.4794046878814697
-3.233090400695801,0.13343501091003418,-0.0700693130493164,6.232421875,3.2219772338867188,2.6860337257385254
-2.1080679893493652,0.14579081535339355,0.0988621711730957,2.4331016540527344,3.176894187927246,2.703991413116455
-2.0752334594726562,0.1417675018310547,-0.02023148536682129,4.227503776550293,3.236591339111328,0.2681056559085846
-4.464805133640766,-0.7306237891316414,0.04350566864013672,0.1151890680193901,0.1151890680193901,2.559276819229126
-5.971965676639229,-0.6807414144277573,-0.03553891181945801,0.004904383327811956,0.0588768869638443,3.7037391662597656
-6.241841524315532,-0.6387940049171448,0.13804984092712402,0.0008089845650829375,0.03531229496002197,2.809239149093628
-5.515897154808044,-0.4080946147441864,0.09321975708007812,1.1948643922805786,0.32783588767051697,2.78499436378479
-4.619224270340055,-0.44110007584095,-0.12822842597961426,0.0029147067107260227,0.24090509116649628,3.3516578674316406
1.2960801124572754,0.16443324089050293,-0.05816817283630371,6.963421821594238,1.3373359441757202,2.3700075149536133
-0.40863513946533203,0.36107027530670166,-0.04775547981262207,2.6955957412719727,1.5396487712860107,2.3376495838165283
-6.093674451112747,0.2809971570968628,-0.04826550930738449,0.3266083896160126,1.390904188156128,0.10397259145975113
-4.675075240433216,-2.018104024231434,-0.0019845962524414062,0.0629618689417839,0.0629618689417839,2.7826409339904785
-8.576381765538827,-1.635289665311575,-0.05207371711730957,0.00373832113109529,0.03765178099274635,3.7604784965515137
-5.103515008522663,-1.3705071732401848,0.033539772033691406,0.0009552444680593908,0.02148730307817459,2.877004623413086
-4.653044551610947,-1.1411494687199593,-0.6468963623046875,0.4195782244205475,0.11799030750989914,2.413550853729248
-4.376166616100818,-1.008725218474865,-0.18445849418640137,0.006232942920178175,0.08544296771287918,2.7192702293395996
-2.4881296157836914,-3.5726584792137146,-0.056540727615356445,2.6800289154052734,0.5056257843971252,2.589270830154419
-2.876355290412903,-2.4148985147476196,0.09343576431274414,1.9016441106796265,0.710591197013855,2.8863351345062256
-5.410943984985352,-1.732033133506775,0.09065771102905273,4.127109527587891,1.1384319067001343,2.902090072631836
-4.042922019958496,-1.8637335300445557,0.03763556480407715,4.235757827758789,1.4843099117279053,3.017270565032959
-2.700033664703369,-1.765636920928955,-0.022229671478271484,2.1210551261901855,1.5475378036499023,2.4836511611938477
-1.9596879482269287,-1.5700117349624634,-0.1162259578704834,3.4464380741119385,1.7173253297805786,2.505955219268799
-1.5836114883422852,-1.4456415176391602,0.1163330078125,2.84462308883667,1.8106179237365723,3.799708843231201
-6.657498300075531,-1.2226613759994507,-0.09428262710571289,0.17181402444839478,1.689062237739563,2.4671967029571533
-3.2459418773651123,-1.0486150979995728,-0.2155439853668213,3.525888681411743,1.8271735906600952,1.965724229812622
-4.045551300048828,-1.072860598564148,-0.21436452865600586,4.3081769943237305,1.9873679876327515,2.5512263774871826
-2.9156734943389893,-1.1158167123794556,-0.2524533271789551,1.85880446434021,1.9805668592453003,2.6944541931152344
-2.2448043823242188,-1.9076080322265625,-0.2410602569580078,3.9626412391662598,2.0934557914733887,2.796372890472412
0.026857376098632812,-2.8856923580169678,-0.21763324737548828,6.592235565185547,2.3412716388702393,2.765144109725952
-2.810698986053467,-2.311483144760132,-0.3263845443725586,3.9957480430603027,2.4291374683380127,3.1558210849761963
-4.57674101088196,-1.2482047080993652,-0.27318596839904785,0.0049335649237036705,2.3078665733337402,2.9719300270080566
-1.4605660438537598,-1.4876017570495605,-0.3249814510345459,4.966845512390137,2.4345791339874268,2.7334401607513428
-2.3499066829681396,-1.1899476051330566,-0.3257718086242676,3.2290070056915283,2.4707915782928467,2.5633349418640137
0.7260708808898926,-1.2860107421875,-0.13256430625915527,5.816549777984619,2.6122093200683594,2.8036437034606934
-3.5563685297966003,2.02816641330719,-0.03816843032836914,0.49933797121047974,2.526824474334717,2.6748392581939697
0.6516032218933105,-0.19683265686035156,-0.058173179626464844,5.286436080932617,2.630523681640625,2.4693400859832764
-0.8286428451538086,-2.958085775375366,-0.06603074073791504,11.523367881774902,2.9768693447113037,2.6894943714141846
-6.684037208557129,-3.2081003189086914,-0.045835256576538086,6.25982666015625,3.0987629890441895,2.53961443901062
-7.6116989850997925,-2.1818158626556396,-0.07938957214355469,0.6739264726638794,3.0141899585723877,2.2932169437408447
-0.5874042510986328,-2.7458248138427734,-0.11648821830749512,9.926862716674805,3.253202438354492,2.5143091678619385
-3.822852611541748,-2.27117657661438,-0.13841962814331055,2.306295871734619,3.21950364112854,2.84869384765625
-0.23848533630371094,-2.1747920513153076,-0.1875232458114624,5.634274482727051,3.2914111614227295,1.9305633306503296
-4.387150168418884,2.4839694499969482,-0.3482201471924782,0.9682294130325317,3.222951650619507,0.08895006030797958
-2.9511984027922153,-3.0784757770597935,0.23905372619628906,0.05832069739699364,0.05832069739699364,2.691802501678467
-3.986852278932929,-2.9237942844629288,-0.014455795288085938,0.0062450263649225235,0.029638513922691345,3.6689066886901855
-4.674677603703458,-2.768216224387288,-0.23775076866149902,0.000680691737215966,0.020727304741740227,2.5889859199523926
-4.527425974607468,-2.576159730553627,-0.02483081817626953,0.3607509434223175,0.10456536710262299,2.440598964691162
-4.8395785158500075,-2.456529214978218,0.10679078102111816,0.003812902607023716,0.08748690783977509,2.7344861030578613
-7.368314266204834,-2.1506177186965942,-0.009160995483398438,2.1239848136901855,0.42962491512298584,2.4734787940979004
-1.3223176002502441,-1.6341161727905273,-0.05567999929189682,4.590862274169922,1.0266444683074951,0.051402442157268524
-5.22421658039093,-0.8771212697029114,0.035079002380371094,0.027889609336853027,0.027889609336853027,3.0594677925109863
-4.7987982265185565,-0.755214175209403,-0.08471846580505371,0.0018390186596661806,0.014910915866494179,3.719081401824951
-4.8142259189044125,-0.6662615332752466,0.007579326629638672,0.0007002285565249622,0.010236283764243126,2.9722113609313965
-5.779433339834213,-0.5594000816345215,-0.21527862548828125,0.24022570252418518,0.06790298223495483,2.454026222229004
-4.454998520668596,-0.5108869150280952,-0.35968542098999023,0.004424544516950846,0.056903235614299774,2.721613645553589
-3.9697561264038086,0.007999539375305176,-0.1368122100830078,5.429730415344238,0.9480177760124207,2.5749783515930176
-2.785482883453369,-0.004076123237609863,-0.13344144821166992,0.4350619316101074,0.8798158764839172,2.552973747253418
-5.1092473566532135,0.37193724513053894,0.16452868282794952,0.3260086476802826,0.8042604327201843,0.37689343094825745
-4.284390199929476,-3.1579975970089436,0.06775283813476562,0.062394868582487106,0.062394868582487106,2.890535831451416
-4.859130192664452,-2.7910734489560127,0.059777021408081055,0.0017873755423352122,0.033615224063396454,3.9468002319335938
-1.7432998073054478,-2.4882214069366455,0.020175695419311523,0.0006384003208950162,0.02014756202697754,2.863474130630493
-4.151447534561157,-1.8867549896240234,0.16578245162963867,2.00325608253479,0.5144314765930176,2.871788740158081
-4.788794012740254,-1.7243191301822662,0.10381221771240234,0.007979420945048332,0.46084555983543396,2.824711799621582
-0.913844108581543,-1.3829955458641052,-0.13583016395568848,2.4016687870025635,0.8310359120368958,2.4466872215270996
-5.772228479385376,-1.3584982752799988,-0.09056973457336426,1.5120909214019775,0.9010785222053528,2.4384098052978516
-9.95155668258667,-1.391191303730011,-0.09121847152709961,1.7135910987854004,0.9964002966880798,2.402245283126831
-2.105384111404419,-1.204475998878479,-0.08890366554260254,2.424982786178589,1.1687449216842651,2.7223377227783203
-4.91049861907959,-0.9865790605545044,-0.10734057426452637,4.106133460998535,1.4565666913986206,2.486586332321167
-1.6009546518325806,-0.9209192991256714,-0.06633782386779785,1.940773844718933,1.4993606805801392,2.319539785385132
-0.9622147083282471,-0.793696403503418,0.0016629695892333984,3.2851083278656006,1.63916015625,2.838824987411499
-1.1188178062438965,-0.6421406269073486,0.10745048522949219,5.846949577331543,1.930605411529541,2.991708993911743
4.0624799728393555,-0.38167905807495117,0.005778074264526367,11.408256530761719,2.611335039138794,2.4191396236419678
-2.3162741661071777,-0.40781545639038086,0.004789829254150391,2.0893893241882324,2.562404155731201,2.602888822555542
-6.510624885559082,0.5345538854598999,0.07731509208679199,1.398397445678711,2.5005645751953125,2.6791369915008545
-2.8100814819335938,-1.8027260303497314,0.10824894905090332,7.517937660217285,2.7959182262420654,2.684140682220459
-7.082668304443359,-0.9189550876617432,0.16206789016723633,2.514301300048828,2.79121470451355,2.978672981262207
-4.533652693033218,-0.22598767280578613,0.09232831001281738,0.2997952401638031,2.6554367542266846,3.405245304107666
-7.733437776565552,0.11532998085021973,0.11774587631225586,0.523583173751831,2.5514655113220215,3.1410391330718994
-3.4798665642738342,0.3355228900909424,0.11951422691345215,0.5106870532035828,2.4698688983917236,2.802919626235962
1.7403254508972168,-0.21028542518615723,0.012624979019165039,6.347662448883057,2.6549508571624756,2.6961703300476074
-1.9113564491271973,-0.20408391952514648,0.03320145606994629,2.8762011528015137,2.6559200286865234,2.888376474380493
-5.677013397216797,-3.642688274383545,0.021312713623046875,6.33500862121582,2.804798126220703,3.402866840362549
-11.912246629595757,-0.5398070812225342,-0.025210142135620117,0.014238432049751282,2.6950345039367676,3.1911048889160156
-5.265648365020752,-0.183854341506958,0.054669857025146484,2.1726431846618652,2.6758065223693848,2.7719972133636475
-5.039045058190823,0.4192037582397461,-0.004498958587646484,0.10251358896493912,2.5806546211242676,2.9421193599700928
-8.222921371459961,0.542893648147583,0.05341601371765137,2.412904739379883,2.5696141719818115,2.4901413917541504
-1.461557388305664,0.4560844898223877,0.17738890647888184,3.158909797668457,2.570645809173584,3.026320695877075
-2.234741687774658,0.06215071678161621,0.16719412803649902,5.456440448760986,2.666192054748535,3.0135715007781982
0.8772459030151367,-2.6558327674865723,0.24149192869663239,6.513082504272461,2.7838220596313477,0.31448522210121155
-5.939228802919388,-1.9899111092090607,-0.32387661933898926,0.23760339617729187,0.23760339617729187,2.6631526947021484
-7.1264159278944135,-2.063465192914009,-0.051201581954956055,0.0028317375108599663,0.1097506731748581,3.549847364425659
-4.804835232789628,-2.0546252578496933,-0.08404541015625,0.0008831891464069486,0.06752349436283112,2.948599338531494
-4.176929473876953,-1.6703965663909912,-0.34104108810424805,1.4264535903930664,0.41428422927856445,2.4166934490203857
-4.636486870702356,-1.7825583815574646,-0.29519176483154297,0.004875319544225931,0.2534402012825012,4.219836235046387
-2.418874740600586,-0.40758800506591797,0.09971237182617188,8.953922271728516,1.7124252319335938,2.614691734313965
-7.385486602783203,-0.11579203605651855,-0.006150484085083008,3.442521095275879,1.9578704833984375,2.3493595123291016
-2.3221504390239716,-0.25296103954315186,-0.1258091926574707,0.4654565155506134,1.7792009115219116,2.6459736824035645
-5.635092854499817,-0.38656020164489746,-0.08512160181999207,0.22886693477630615,1.6097369194030762,0.16828027367591858
-11.085541360080242,-1.4476416036486626,0.1277308464050293,0.03240717202425003,0.03240717202425003,2.8072423934936523
-4.24579571117647,-1.363897355273366,0.014965057373046875,0.0031953013967722654,0.01877698116004467,3.765815258026123
-5.815725165826734,0.011729900783393532,-0.059825897216796875,0.0007950482540763915,0.012302537448704243,2.804849863052368
-4.094083189964294,-0.21219277381896973,0.17422866821289062,0.7247596979141235,0.19125831127166748,2.74312686920166
-6.539841526653618,-0.11321835219860077,-0.02506279945373535,0.006414538715034723,0.16171984374523163,3.053332805633545
-0.17544984817504883,-0.5446420907974243,0.0627443790435791,4.644927501678467,0.9027755260467529,2.9477219581604004
-1.296642780303955,-0.553337812423706,0.03737950325012207,4.282571315765381,1.3907854557037354,3.032494068145752
-6.970232725143433,-0.37086617946624756,0.028287649154663086,2.717512369155884,1.555619478225708,2.6499884128570557
-1.314089298248291,-0.32128310203552246,0.11166787147521973,3.9082283973693848,1.8108556270599365,3.1426665782928467
4.54918098449707,-5.3770751953125,0.00977623462677002,9.45690631866455,2.579470157623291,0.36092323064804077
-2.7226895093917847,-1.145290493965149,-0.10329675674438477,1.1896189451217651,1.1896189451217651,2.8057398796081543
-3.5392930053640157,-1.6231606006622314,-0.02676534652709961,0.003539846045896411,0.6629574298858643,3.7756054401397705
-3.867048119311221,-1.8839886486530304,-0.11494946479797363,0.0006531727267429233,0.3837527930736542,2.7096502780914307
-6.51371157169342,-1.8231956660747528,-0.10911345481872559,0.44328057765960693,0.4167185127735138,2.5385584831237793
-5.511793268844485,0.39088250836357474,-0.05563235282897949,0.0038145650178194046,0.39355066418647766,3.32403302192688
-1.5176901817321777,-1.2585426568984985,-0.062378644943237305,6.827963352203369,1.453163981437683,2.596129894256592
-4.10895773768425,-0.8430330753326416,-0.04851722717285156,0.3231854736804962,1.257429838180542,2.441112756729126
-5.867251738905907,-0.49356627464294434,0.040357425808906555,0.24734748899936676,1.1788585186004639,0.10883903503417969
-6.16041125357151,-0.27860747277736664,0.013618946075439453,0.03941689431667328,0.03941689431667328,2.8968873023986816
-4.870488367509097,-0.2207795698195696,0.08159828186035156,0.0020525832660496235,0.020889712497591972,3.9990234375
-3.684993731265422,-0.17616376280784607,-0.010301828384399414,0.0006718761869706213,0.01447969675064087,2.924243211746216
-5.65132075548172,-0.15312860906124115,0.6736252307891846,0.5031949877738953,0.13625650107860565,3.1737313270568848
-4.494587524794042,-0.16493961960077286,0.06307697296142578,0.009760276414453983,0.10591056197881699,3.0105197429656982
0.6896529197692871,-4.208146035671234,0.10346794128417969,5.087219715118408,0.9377642273902893,2.8107025623321533
-0.839594841003418,-3.6783047914505005,0.07556986808776855,5.190143585205078,1.547080397605896,3.039191484451294
1.6530754566192627,-3.0239219665527344,0.12159872055053711,5.307170391082764,2.0214171409606934,2.712280035018921
-1.1583423614501953,-2.5018434524536133,0.09013962745666504,2.641019344329834,2.085951805114746,2.6177523136138916
-5.505645036697388,-1.726820945739746,0.11851906776428223,1.322023630142212,2.00801682472229,2.7988381385803223
-1.1857481002807617,-1.743091106414795,0.09032464027404785,5.688324928283691,2.349262237548828,2.7847797870635986
-3.287851095199585,-1.4932198524475098,0.18159699440002441,2.5493052005767822,2.363208770751953,2.9933905601501465
-3.502439022064209,-1.3732104301452637,0.19386768341064453,4.049665927886963,2.493870735168457,2.8461999893188477
-4.604050159454346,-0.5152897834777832,0.1622166633605957,1.3304457664489746,2.410379648208618,2.808072090148926
-2.0564212799072266,-1.9256808757781982,0.19192838668823242,8.560394287109375,2.823338270187378,2.6381492614746094
-2.983816623687744,-1.603156328201294,0.12758970260620117,2.971095561981201,2.826192617416382,2.5097789764404297
-1.4183833599090576,-1.3369605541229248,0.05087876319885254,3.080817461013794,2.8331921100616455,3.032799243927002
-1.0121948719024658,-1.128140926361084,0.09483814239501953,2.780740976333618,2.8344619274139404,2.924257278442383
-7.571382761001587,-0.7679095268249512,0.09443020820617676,0.5043017864227295,2.7163796424865723,2.835397720336914
-3.782649040222168,-1.0942373275756836,0.09970784187316895,4.79463005065918,2.817284107208252,2.9301974773406982
-0.332503080368042,-0.7107980251312256,0.2007477805018425,3.873427152633667,2.8678441047668457,0.28928831219673157
-3.502435937523842,-3.1849255710840225,-0.30092930793762207,0.13666556775569916,0.13666556775569916,2.4396214485168457
-7.024667053949088,-3.1114720329642296,-0.07672309875488281,0.004557341802865267,0.06656274944543839,3.5957465171813965
-6.481473500723951,-2.9874780513346195,-0.07802009582519531,0.0007657456444576383,0.04176446422934532,2.730839729309082
-4.383288383483887,-2.5193816423416138,-0.11354637145996094,1.4330434799194336,0.39173829555511475,2.345034599304199
-2.512259195558727,-2.5232156813144684,-0.34894227981567383,0.002516557462513447,0.2672658860683441,2.591160535812378
-3.8338756561279297,-1.8758236169815063,-0.12340247631072998,4.6132001876831055,1.011290431022644,1.7759631872177124
-2.953725755214691,-1.8253390192985535,-0.278369665145874,0.8002720475196838,0.9802592396736145,2.3426125049591064
-5.8622603714466095,-1.8084256649017334,-0.21947728097438812,0.22649618983268738,0.9001610279083252,0.08328621089458466
-3.8939588516950607,0.025312691926956177,0.14732885360717773,0.041592076420784,0.041592076420784,2.800391674041748
-5.73580993199721,0.012965096160769463,0.04478120803833008,0.0020173690281808376,0.021517956629395485,3.836533784866333
-3.3306932270061225,0.008111714851111174,0.004143953323364258,0.0006640136707574129,0.013923837803304195,2.84222674369812
-6.2318150997161865,-0.06875259429216385,-0.033083200454711914,0.32384562492370605,0.09162331372499466,2.4557182788848877
-4.153997971210629,-0.06148562580347061,0.13200950622558594,0.005926535930484533,0.07071191817522049,2.8200721740722656
-0.927180290222168,-0.04048871994018555,0.014787554740905762,6.174018859863281,1.0987170934677124,1.9952446222305298
-3.1188807487487793,-0.12655842304229736,0.059775352478027344,4.3338942527771,1.563946008682251,2.9236598014831543
-6.244176387786865,-0.2476329803466797,0.08208560943603516,4.655848026275635,1.9497969150543213,2.9585204124450684
-1.7226152420043945,0.8483501672744751,0.06735897064208984,3.702293872833252,2.149958610534668,0.21293823421001434
-5.230341613292694,-2.9360312819480896,-0.13669919967651367,0.5047419667243958,0.5047419667243958,2.736030101776123
-7.403869210975245,-3.0543745160102844,-0.07431411743164062,0.0031055815052241087,0.24215811491012573,3.774188280105591
-4.8808176316088066,-3.0001067966222763,0.05303764343261719,0.0006606780225411057,0.1556713730096817,2.7014737129211426
-4.0014291405677795,-2.7876316905021667,-0.2060401439666748,0.6084508299827576,0.26711708307266235,2.3390955924987793
-5.387204297352582,-2.723867177963257,-0.42316222190856934,0.004681460093706846,0.2165672779083252,3.1799159049987793
-1.5645627975463867,-1.6547695398330688,-0.26463770866394043,6.918780326843262,1.3379982709884644,2.719978094100952
-2.739192008972168,-1.1042139530181885,-0.1513015478849411,5.247734069824219,1.8846826553344727,0.17654894292354584
-7.448955774307251,-1.3058390617370605,0.11252260208129883,0.06049323081970215,0.06049323081970215,2.8059799671173096
-4.044746899046004,-1.1955586075782776,0.07758712768554688,0.0028953319415450096,0.033041417598724365,3.788158416748047
-3.3701317254453897,-1.078758081421256,-0.053183555603027344,0.0008390005677938461,0.024940887466073036,2.8239827156066895
-5.758816719055176,-0.8919864743947983,0.06087994575500488,0.8395414352416992,0.22687555849552155,2.555030584335327
-7.372132265474647,0.17604002566076815,0.003657102584838867,0.0046720863319933414,0.17857109010219574,2.9401354789733887
-1.3986167907714844,-3.4528939723968506,-0.09869813919067383,4.884547233581543,0.9704244136810303,2.396590232849121
-2.7026641368865967,-2.889672636985779,-0.16237521171569824,3.42887806892395,1.3424330949783325,2.5132875442504883
-0.5181913375854492,-3.1172633171081543,-0.2186204195022583,8.491730690002441,2.2256503105163574,1.9010406732559204
-2.3111348152160645,-2.687263011932373,-0.040825843811035156,3.576413631439209,2.370518207550049,2.2217764854431152
-2.6979246139526367,-2.6671788692474365,-0.1197662353515625,8.159339904785156,2.9586408138275146,2.09946346282959
-1.1688611507415771,-2.197916269302368,-0.06384825706481934,2.2633614540100098,2.8863470554351807,2.2083520889282227
0.11194491386413574,-0.2564115524291992,-0.04961247742176056,3.463378429412842,2.93501877784729,0.23064668476581573
-3.9883534908294678,-2.336071014404297,-0.002268075942993164,0.6619946956634521,0.6619946956634521,2.489415168762207
-5.784420415293425,-2.5494482219219208,0.04823160171508789,0.007465914357453585,0.28696969151496887,3.7033004760742188
-4.824262682697736,-2.501955211162567,0.017965078353881836,0.0007771808886900544,0.19695144891738892,2.7060482501983643
-5.379213035106659,-2.2807523012161255,-0.7652311325073242,0.5961640477180481,0.28836023807525635,2.468634605407715
-5.263631710316986,-2.2402962744235992,-0.08912253379821777,0.003966441843658686,0.2197783887386322,2.88930606842041
-3.2153539657592773,-1.0302363634109497,-0.19211173057556152,9.022310256958008,1.6894322633743286,2.257467031478882
-6.097337603569031,-1.036634087562561,-0.1922624111175537,0.9463196992874146,1.5817333459854126,2.217721462249756
-5.649232655763626,-1.0930936336517334,-0.2872776463627815,0.2918507754802704,1.4301884174346924,0.10346891731023788
-5.168045740574598,-0.25304846093058586,0.2498924732208252,0.059717435389757156,0.059717435389757156,2.6962382793426514
-6.042997653596103,-0.12883155047893524,0.06443405151367188,0.004403774626553059,0.03273388743400574,3.853537082672119
-2.474615386687219,-0.08301257342100143,-0.010991573333740234,0.0007609808817505836,0.020921558141708374,2.7735824584960938
-5.074209541082382,-0.28252124786376953,0.35608601570129395,0.44169488549232483,0.1258716881275177,2.908921003341675
-5.3628694247454405,-0.24673228710889816,-0.08893036842346191,0.00940735824406147,0.10043052583932877,2.663513422012329
-2.3519654273986816,-0.5427767634391785,-0.0049555301666259766,3.2268528938293457,0.621142566204071,2.4087343215942383
-2.530947685241699,-0.40531373023986816,-0.1933206543326378,2.281193733215332,0.859449028968811,0.04188542813062668
-4.193207750096917,-3.1101703736931086,0.27494287490844727,0.016398420557379723,0.016398420557379723,3.0260257720947266
-6.59421355673112,-3.0257781771942973,-0.06817841529846191,0.0020474677439779043,0.009263870306313038,3.802539110183716
-4.636113631131593,-2.9417231041006744,0.1378173828125,0.0008306628442369401,0.006627802271395922,3.0492072105407715
-4.826186850667,-2.8150878325104713,-0.941392183303833,0.18726567924022675,0.051602803170681,2.5074832439422607
-6.757735690101981,-2.7475996538996696,-0.09645271301269531,0.005269566550850868,0.0416528657078743,2.7940831184387207
-6.874481201171875,-2.247501015663147,-0.06582403182983398,3.4153995513916016,0.6026700735092163,2.626843214035034
-3.1051418781280518,-0.4673924446105957,-0.17175531387329102,1.9528892040252686,0.7995108366012573,2.5952534675598145
-1.5763206481933594,-1.5409250259399414,-0.13027161359786987,3.5960617065429688,1.1492276191711426,0.1751042604446411
-4.185185998678207,-2.718392699956894,0.27611732482910156,0.2714962065219879,0.2714962065219879,2.648829936981201
-3.650662842672318,-2.6810280084609985,0.22515106201171875,0.004405554849654436,0.13171041011810303,3.8814926147460938
-3.765616152784787,0.0868930391734466,0.14774584770202637,0.0006521005416288972,0.08797987550497055,2.9114315509796143
-4.5447850823402405,0.007433980703353882,0.4834926128387451,0.8411020636558533,0.26936060190200806,2.9355931282043457
-3.588729575276375,0.05213569104671478,-0.16348958015441895,0.004215046763420105,0.22841456532478333,2.867779016494751
-2.050574779510498,-0.10107064247131348,0.03347301483154297,3.783271312713623,0.8140191435813904,2.6854872703552246
-2.5109071731567383,-0.6031081676483154,0.019414663314819336,4.1967315673828125,1.29393470287323,2.797795534133911
-6.329611778259277,-0.5878901481628418,0.03581047058105469,0.6775875091552734,1.2202600240707397,2.406796932220459
-2.9626376628875732,-0.6284663677215576,0.005501508712768555,1.7816355228424072,1.271634578704834,2.482731819152832
-0.5216364860534668,-0.4382011890411377,0.015858978033065796,4.2715277671813965,1.5774147510528564,0.13244816660881042
-3.620617836713791,-1.3753041923046112,-0.023681163787841797,0.15371444821357727,0.15371444821357727,2.4431469440460205
-4.437314447015524,-1.293690264225006,0.03858447074890137,0.010561052709817886,0.08247119188308716,3.848886013031006
-5.562025072053075,-1.2034832499921322,0.18745708465576172,0.000847814604640007,0.05252978578209877,2.7891058921813965
-5.449431151151657,-1.0638926178216934,-0.08953166007995605,0.49696996808052063,0.16391180455684662,2.5332412719726562
-6.398469388484955,-1.000833660364151,-0.35169339179992676,0.0031438469886779785,0.13279113173484802,3.0820846557617188
-0.3250598907470703,-0.44468754529953003,-0.19140100479125977,4.179714202880859,0.8104925751686096,2.7769663333892822
-0.1301741600036621,0.12381887435913086,-0.12475229799747467,5.999122619628906,1.5461559295654297,0.16442780196666718
-4.627831358462572,-4.459362883120775,0.19739580154418945,0.059868913143873215,0.059868913143873215,2.37801194190979
-5.193400270771235,-3.844507358968258,0.09119987487792969,0.004526250530034304,0.03423605114221573,3.8192169666290283
-7.619615518138744,-3.3669176641851664,0.06797361373901367,0.0008011230966076255,0.023031895980238914,2.934785842895508
-6.012057304382324,-2.880820780992508,0.5220723152160645,0.7214498519897461,0.19710823893547058,2.9859888553619385
-7.070137965492904,-2.6065725088119507,0.006314277648925781,0.004050266928970814,0.1581209897994995,2.7986245155334473
0.5590953826904297,-2.0842531323432922,-0.025154590606689453,4.927411079406738,0.947746217250824,2.588728427886963
0.047086238861083984,-3.402891755104065,-0.08312787115573883,5.146145343780518,1.5422710180282593,0.1622636616230011
-3.595963805913925,0.06481388211250305,0.12308120727539062,0.46458306908607483,0.46458306908607483,2.687502861022949
-7.067110919393599,-0.04466147720813751,0.016208887100219727,0.005958176217973232,0.22799743711948395,3.9430689811706543
-4.543502653366886,-0.05691330134868622,0.10398674011230469,0.0008031480247154832,0.1454664170742035,2.9080023765563965
-5.45833146572113,0.008035436272621155,-0.12918996810913086,0.3795052766799927,0.20993174612522125,2.5378432273864746
-3.355931584723294,-0.008253544569015503,-0.13421201705932617,0.0040397001430392265,0.1645263135433197,2.777604341506958
-2.3371315002441406,-0.4511004090309143,0.021341800689697266,4.5751447677612305,0.8994885087013245,2.9904580116271973
-3.145885467529297,-0.18110477924346924,0.12395009398460388,3.095646858215332,1.2118768692016602,0.257260262966156
-4.7826630137860775,-1.385587003082037,0.033358097076416016,0.018581721931695938,0.018581721931695938,2.3560893535614014
-5.769274953287095,-1.3452806705608964,0.02949666976928711,0.004999872762709856,0.01215276774019003,3.8426647186279297
-4.954154986364301,-1.3038897700607777,0.04016566276550293,0.0007161913090385497,0.00847659632563591,2.821786403656006
-2.7349048852920532,-0.9700289070606232,1.293755054473877,1.3373864889144897,0.3408491313457489,4.543442249298096
-3.9578979718498886,-0.9907495379447937,0.149824857711792,0.004643846768885851,0.27903515100479126,3.3871054649353027
-0.035119056701660156,0.5405780076980591,-0.08486819267272949,11.999833106994629,2.238586187362671,2.3441052436828613
-4.963003396987915,0.39199817180633545,-0.17995934188365936,1.2122876644134521,2.10109543800354,0.0354415625333786
-6.786753378808498,-1.5316242799162865,0.3937373161315918,0.07095269113779068,0.07095269113779068,3.1250321865081787
-7.715114321094006,-1.4907864145934582,0.054340362548828125,0.0027048927731812,0.036197442561388016,3.866598606109619
-2.8339563409099355,-1.4319629669189453,0.1805887222290039,0.0008217295398935676,0.025658369064331055,2.8637986183166504
-5.997547626495361,-1.3672313317656517,-1.4066593647003174,0.10682868957519531,0.04608849436044693,2.6132009029388428
-2.868131523253396,-1.3175310418009758,-0.7358276844024658,0.0038124273996800184,0.036963410675525665,2.8932738304138184
1.6067476272583008,-0.28526127338409424,-0.07451033592224121,7.717344760894775,1.3182989358901978,2.498326539993286
-3.071787118911743,-0.27294647693634033,0.06567955017089844,1.8061163425445557,1.3916435241699219,2.5714359283447266
-2.261800527572632,-0.07327389717102051,-0.21992778778076172,3.2352616786956787,1.6185193061828613,2.5818800926208496
-2.555576801300049,0.14603912830352783,-0.2273796796798706,3.575068950653076,1.8379607200622559,0.271819144487381
-6.076053246855736,-1.7247596830129623,0.17919111251831055,0.11995019018650055,0.11995019018650055,2.524836301803589
-4.111680838745087,-1.631713505834341,0.0918893814086914,0.004303124267607927,0.06067705526947975,3.7808823585510254
-5.36020678456407,0.04183341539464891,-0.1426255702972412,0.0007742029847577214,0.042700525373220444,2.7086188793182373
-5.098104476928711,-0.25167444348335266,-0.15195465087890625,1.2021675109863281,0.32991471886634827,4.3614654541015625
-5.820379183627665,-0.11811438202857971,0.19985413551330566,0.004534794948995113,0.2637828588485718,3.7201621532440186
-0.6353340148925781,-1.331471562385559,-0.07219862937927246,6.018972396850586,1.2181676626205444,2.3741085529327393
-4.379567980766296,-0.9654644727706909,-0.12686473317444324,1.1398335695266724,1.2166284322738647,0.021531684324145317
-6.1115222573280334,-2.225680887699127,0.5099685192108154,0.06725353002548218,0.06725353002548218,3.097663402557373
-6.1117463684640825,-2.1294205710291862,-0.048629045486450195,0.00294775003567338,0.03939337283372879,3.8078296184539795
-5.242319768178277,-2.039292700588703,0.37451887130737305,0.0007789676310494542,0.03086172789335251,3.1621484756469727
-5.635223148390651,-1.9638595059514046,-1.4480669498443604,0.027150394394993782,0.03839951008558273,2.8737733364105225
-6.322144847828895,-1.8935231324285269,-0.4866516590118408,0.004494327586144209,0.03051813878118992,3.1874237060546875
-0.5953807830810547,-1.2571869492530823,-0.25457239151000977,4.350053787231445,0.755100429058075,2.364534378051758
-1.8457245826721191,-0.8184939622879028,0.0812687873840332,4.273834705352783,1.254620909690857,2.5231006145477295
-5.06822144985199,-0.8404546976089478,0.06855550408363342,1.2673956155776978,1.2540863752365112,0.25244298577308655
-3.7851917520165443,0.028871148824691772,0.027332067489624023,0.10904791206121445,0.10904791206121445,2.328005790710449
-6.601089497562498,0.017593692988157272,-0.002658843994140625,0.004173735622316599,0.05629474297165871,3.784628391265869
-4.522393238497898,0.014800909906625748,0.0069713592529296875,0.0009884715545922518,0.03835456445813179,2.9466397762298584
-5.969300746917725,0.18651966005563736,1.2159602642059326,1.0275077819824219,0.2849629819393158,3.729937791824341
-5.555693448986858,0.1616797223687172,0.3497920036315918,0.003919302020221949,0.2276739776134491,3.5840182304382324
-1.79671049118042,-0.08241868019104004,-0.0818631649017334,3.0042195320129395,0.6785021424293518,2.4033031463623047
-2.789933681488037,0.0521388053894043,-0.052898406982421875,5.277255535125732,1.3250629901885986,2.520900249481201
-1.61326265335083,-0.13000869750976562,-0.0435231514275074,3.7732090950012207,1.6421172618865967,0.06133304163813591
-4.342451393604279,-2.017905294895172,0.11360001564025879,0.13480204343795776,0.13480204343795776,2.9578635692596436
-5.975302202627063,-1.5502730011940002,0.00040411949157714844,0.0030422378331422806,0.07205134630203247,3.731299638748169
-5.134667773381807,-1.2386012636125088,0.06748557090759277,0.00121174321975559,0.054057542234659195,2.7719855308532715
-4.771428257226944,-1.096234180033207,-1.7547571659088135,0.12666258215904236,0.06867041438817978,2.564038038253784
-5.924007873982191,-0.9365511126816273,-0.8381986618041992,0.004801291972398758,0.052585285156965256,3.845754623413086
-2.0094799995422363,-0.7833541035652161,-0.08112049102783203,4.23046875,0.7484609484672546,2.7816829681396484
-3.223946213722229,-2.6162546277046204,-0.02281394600868225,1.940386176109314,0.9150211215019226,0.2396719753742218
-3.748111844062805,0.033807530999183655,0.06668543815612793,0.10512149333953857,0.10512149333953857,2.520965099334717
-5.82726653246209,0.01670137420296669,-0.07663798332214355,0.00448910566046834,0.054745472967624664,3.7934882640838623
-5.8541073182132095,0.01055949367582798,0.014632225036621094,0.0007692000363022089,0.03676321357488632,2.783233165740967
-6.186998188495636,0.08592429757118225,1.4837000370025635,0.9655429720878601,0.26847267150878906,4.557773113250732
-6.770111761055887,0.05113758146762848,0.03670167922973633,0.004300394095480442,0.2028951197862625,4.156186580657959
-2.241992473602295,-0.1684190034866333,0.015812397003173828,7.2922492027282715,1.3821334838867188,2.5783281326293945
-5.308085799217224,-0.32375168800354004,0.0016053840517997742,1.1057392358779907,1.3453890085220337,0.09746693074703217
-3.4497198052704334,-1.825552124530077,-0.0560154914855957,0.06116638705134392,0.06116638705134392,2.712918758392334
-4.86652072891593,0.025470298249274492,0.03426957130432129,0.004074249416589737,0.03240373730659485,3.81776762008667
-6.746989876439329,0.01891935314051807,-0.07175278663635254,0.000880568812135607,0.022804977372288704,2.821906566619873
-7.570580750703812,-0.051961541175842285,-1.7794146537780762,0.42119714617729187,0.12162555754184723,3.0124964714050293
-4.8608256434090436,-0.03704671561717987,-0.6648674011230469,0.0051602269522845745,0.09364545345306396,3.496601104736328
-1.1126878261566162,-0.2552797794342041,-0.0820152759552002,3.293849229812622,0.6365927457809448,2.8175203800201416
-2.410611629486084,-0.25420355796813965,-0.2246251106262207,3.7885632514953613,1.087470293045044,2.5806992053985596
-3.5137217044830322,-0.3574199676513672,-0.2965042293071747,2.2057855129241943,1.2250410318374634,0.15329554677009583
-4.911328047513962,-3.5236603915691376,0.13124942779541016,0.25723960995674133,0.25723960995674133,2.633221387863159
-6.838661369401962,-2.7098462879657745,0.00480961799621582,0.0050104293040931225,0.1403946578502655,3.7627856731414795
-5.94437691924395,-2.19877839833498,-0.013808727264404297,0.0008139872807078063,0.08966469019651413,2.7362077236175537
-6.816597104072571,-1.875869169831276,1.0702753067016602,0.5345019102096558,0.19469915330410004,4.672488212585449
-5.961279701441526,-1.6314038783311844,0.03787517547607422,0.003258872777223587,0.14961950480937958,4.204589366912842
0.8514304161071777,-1.0275954008102417,-0.12959980964660645,5.546076774597168,1.0381194353103638,2.6116108894348145
-5.664683818817139,-1.1982303261756897,-0.21746718510985374,0.7404208183288574,0.999483048915863,0.0411531962454319
-5.6959274634718895,-2.3730443343520164,0.3552546501159668,0.07198254019021988,0.07198254019021988,2.9047842025756836
-6.445560462540016,-2.329850494861603,0.03928852081298828,0.0030889438930898905,0.039320409297943115,3.796748638153076
-4.3475116743939,-2.282140316441655,0.11377406120300293,0.00100192881654948,0.027417359873652458,2.7040865421295166
-6.22199934720993,-2.1965373158454895,-1.9588263034820557,0.1274002194404602,0.051043689250946045,3.0039069652557373
-5.8626540643163025,-2.1529698222875595,-0.8227968215942383,0.003578807692974806,0.040571942925453186,4.115096092224121
-2.2577285766601562,-1.163810133934021,0.2967698574066162,6.847665786743164,1.1725424528121948,3.0325913429260254
-5.3193754851818085,-1.2529901266098022,0.18153002858161926,0.36630871891975403,1.057987093925476,0.3627014756202698
-5.85207549482584,-2.420918859541416,0.01849198341369629,0.049059949815273285,0.049059949815273285,2.5050244331359863
-7.013188711134717,-1.8593611661344767,-0.08084297180175781,0.0035835590679198503,0.026328450068831444,3.796696901321411
-3.128911284788046,-1.48235684633255,0.10503005981445312,0.0008780676289461553,0.01771634817123413,2.9044032096862793
-5.891798257827759,-0.97347691655159,1.1733176708221436,1.6362330913543701,0.4218944013118744,5.046191692352295
-6.381420390680432,-0.8738377392292023,0.03434133529663086,0.004173023626208305,0.33913740515708923,4.401482582092285
0.46887826919555664,-0.6400558948516846,-0.008290290832519531,4.355403900146484,1.005728840827942,3.0012803077697754
-7.0660587549209595,-0.6389129161834717,-0.08699607849121094,0.7899974584579468,0.9727979898452759,2.261159658432007
1.5857915878295898,-0.4543466567993164,-0.09905624389648438,9.46189022064209,2.0349786281585693,1.6181201934814453
-5.180128574371338,-0.35788965225219727,-0.07981634140014648,3.1901450157165527,2.1667137145996094,2.089977264404297
-3.205337345600128,-0.39766621589660645,-0.02510857582092285,0.7119130492210388,2.022507905960083,2.038482427597046
-8.51060438156128,-0.3831164836883545,-0.08497810363769531,2.5603623390197754,2.0747079849243164,2.2747769355773926
3.6147994995117188,-0.2389833927154541,-0.12865197658538818,9.06281566619873,2.65669846534729,1.9430090188980103
-5.491297721862793,-0.27916526794433594,-0.02740192413330078,9.103351593017578,3.150371789932251,2.1424407958984375
-1.3871104717254639,-0.2604796886444092,0.04854607582092285,2.452347755432129,3.0974087715148926,2.2043111324310303
-5.057474583387375,-0.25924134254455566,0.0267866812646389,0.3125958740711212,2.9143593311309814,0.08927784115076065
-4.233691208064556,-2.2662875577807426,-0.02898406982421875,0.1242227628827095,0.1242227628827095,2.7028117179870605
-2.452094353735447,-1.8751224391162395,0.05896282196044922,0.006039820611476898,0.03991316631436348,3.8207526206970215
-5.521202260977589,-1.5756051167845726,-0.01207876205444336,0.0007651500636711717,0.021358884871006012,2.8374204635620117
-5.921788662672043,-1.378904826939106,-0.12957215309143066,0.29567673802375793,0.08990895003080368,2.6777400970458984
-4.907039312180132,0.07251405948773026,0.10779309272766113,0.0058988058008253574,0.07556746900081635,2.680659055709839
-6.418993949890137,-3.034599721431732,0.08693647384643555,4.169132232666016,0.7607322335243225,2.22808575630188
-3.5513930320739746,-2.524450898170471,-0.17775559425354004,0.3804168701171875,0.7131561040878296,2.307436227798462
-6.072138220071793,-1.83102148771286,-0.14396966993808746,0.2919631898403168,0.6597827076911926,0.13401491940021515
-4.8441126476973295,-4.500138057395816,0.03159141540527344,0.023082958534359932,0.023082958534359932,2.846163272857666
-6.875148848630488,-3.734500652179122,-0.08785367012023926,0.0022701462730765343,0.013196462765336037,3.831782102584839
-2.0062301410362124,-3.2041665567085147,-0.05913853645324707,0.0007259594276547432,0.008564327843487263,2.899932861328125
-2.058046340942383,-0.43613335490226746,1.0861530303955078,0.5831105709075928,0.15227630734443665,3.7602992057800293
-6.882460676599294,-0.21535324305295944,-0.06543159484863281,0.005224622320383787,0.12129727751016617,2.529735565185547
-2.876265048980713,-2.0160858035087585,-0.025214195251464844,5.183353900909424,0.9652534127235413,2.394883632659912
-0.5428972244262695,-2.067682385444641,-0.24076461791992188,4.464959144592285,1.4729002714157104,2.6022515296936035
-5.280210733413696,-1.5838875770568848,-0.17130470275878906,2.169727087020874,1.5560789108276367,2.449916124343872
-3.0403919219970703,-1.3687748908996582,-0.08662629127502441,2.4515275955200195,1.6585288047790527,2.4806745052337646
-1.9680805206298828,-1.1629183292388916,-0.20691726356744766,2.51450777053833,1.7403714656829834,0.035909272730350494
-5.446810491383076,-1.2943373993039131,0.3210620880126953,0.10393690317869186,0.10393690317869186,3.0983145236968994
-4.890330199850723,-1.101107906550169,0.026512861251831055,0.00271904026158154,0.05437426641583443,3.83331561088562
-4.546486583887599,-0.9481303803622723,0.09055709838867188,0.0006420934805646539,0.03609757497906685,2.999767541885376
-4.343436166644096,-0.8849850669503212,-1.4762887954711914,0.07097156345844269,0.045220933854579926,2.863445281982422
-5.319039064459503,-0.7927984818816185,-0.4552903175354004,0.0049908580258488655,0.036964692175388336,4.0743255615234375
-0.8478012084960938,-3.0879827737808228,-0.2773246765136719,6.378827095031738,1.0940650701522827,2.3970608711242676
-3.7994160652160645,-2.3232672214508057,-0.2769313231110573,2.7151284217834473,1.3287508487701416,0.11653169244527817
-5.726410273462534,-1.1511089839041233,0.14873027801513672,0.05308162793517113,0.05308162793517113,2.6511359214782715
-7.460911578033119,-1.0027236584573984,-0.05562162399291992,0.0032936870120465755,0.029388463124632835,3.8146023750305176
-5.696475437551271,-0.8963735718280077,-0.06818771362304688,0.0007606235449202359,0.020216284319758415,2.887573719024658
-5.583740681409836,-0.7524408996105194,0.8048553466796875,0.4949221909046173,0.1375918686389923,5.4854044914245605
-5.125382226426154,-0.7014421969652176,0.2754397392272949,0.005418020766228437,0.0933450311422348,5.104097366333008
-0.21952199935913086,-0.41513949632644653,-0.03130984306335449,4.385537624359131,0.7969065308570862,2.2068517208099365
-3.2842302322387695,0.22642874717712402,-0.06489968299865723,9.9149808883667,2.103355884552002,2.181426763534546
-1.1306767463684082,0.19976544380187988,0.07395768165588379,1.840515375137329,2.076392650604248,2.268807888031006
-3.2676777839660645,0.2604851722717285,-0.0069866180419921875,4.062429904937744,2.294255256652832,2.451974391937256
-2.252849578857422,0.3718860149383545,-0.013082265853881836,4.175675392150879,2.486057758331299,2.4722981452941895
-3.6749162673950195,-1.630744457244873,-0.11512052267789841,2.8553290367126465,2.5118985176086426,0.07095792144536972
-4.411752533167601,-1.2824298851191998,0.14992952346801758,0.03457944467663765,0.03457944467663765,2.913618326187134
-5.832492081914097,-1.2125179953873158,0.007219076156616211,0.004103930201381445,0.020739298313856125,3.819427967071533
-5.691599449433852,-1.1715252296999097,0.15854597091674805,0.0006317288498394191,0.01394177507609129,2.9172897338867188
-8.75054694712162,-1.1335956901311874,-0.09085202217102051,0.23617218434810638,0.06964506208896637,2.635357141494751
-2.7088941666297615,-1.1008341014385223,-0.26498913764953613,0.006058779079467058,0.05395415425300598,3.4658260345458984
-3.3970541954040527,-0.38950908184051514,0.04407691955566406,5.697523593902588,1.0006102323532104,2.0351107120513916
-3.0971814692020416,-0.43216776847839355,-0.28522205352783203,0.34911593794822693,0.9198613166809082,2.1467387676239014
-5.4564483761787415,-0.5000649690628052,-0.2878648601472378,0.2754804491996765,0.8331019878387451,0.03841808810830116
-4.020459501072764,-1.9607550781220198,0.19565272331237793,0.024362238124012947,0.024362238124012947,2.833372116088867
-6.869099523173645,-1.8773962957784534,-0.043045997619628906,0.0030947669874876738,0.013539006002247334,3.8277955055236816
-6.356110655295197,-1.7954431334510446,-0.11419057846069336,0.0006350646144710481,0.009596510790288448,2.8111748695373535
-9.195146888494492,-2.0151201747357845,0.6202263832092285,0.1731812059879303,0.05017242208123207,5.013856410980225
-6.126758920261636,-1.9428399726748466,0.3824779987335205,0.0031587013509124517,0.038283951580524445,3.3806090354919434
-0.6585330963134766,-1.1371294260025024,-0.23452448844909668,6.079608917236328,1.0443536043167114,2.389072895050049
-9.017224133014679,-1.2064777612686157,-0.03861880302429199,0.8447515368461609,1.0125902891159058,2.3770580291748047
-0.048758506774902344,-0.8207545280456543,-0.10105776786804199,5.109715461730957,1.5263605117797852,2.399728775024414
-0.7063720226287842,-0.7066059112548828,-0.14772391319274902,2.965023994445801,1.6944966316223145,2.3792049884796143
-0.7041816711425781,-0.4308924674987793,-0.2499864101409912,5.924417495727539,2.116417407989502,2.8081212043762207
-0.7056550979614258,-0.2616579532623291,-0.18729853630065918,3.6103515625,2.2498397827148438,2.7487151622772217
-4.619510173797607,-0.9845573902130127,-0.15951180458068848,2.9808030128479004,2.3137764930725098,2.329246759414673
-0.05239295959472656,-2.307645320892334,-0.17006874084472656,5.904930114746094,2.5901646614074707,2.3659825325012207
1.7703227996826172,-3.3612747192382812,-0.14160609245300293,10.093355178833008,3.1295056343078613,2.229387044906616
-5.71488618850708,-3.319322109222412,-0.206831693649292,5.514205455780029,3.2892227172851562,2.4101102352142334
-2.0942955017089844,-2.8837573528289795,-0.16666126251220703,4.320041656494141,3.345651388168335,2.1061739921569824
-1.6861250400543213,-2.454399347305298,-0.1456592082977295,2.830822229385376,3.312476873397827,2.0722134113311768
-3.006409168243408,-2.306936740875244,-0.15834569931030273,5.111871242523193,3.4128661155700684,2.272542953491211
-5.672636985778809,-2.5569417476654053,-0.07861590385437012,8.044218063354492,3.6576783657073975,2.4880173206329346
-5.046276569366455,-2.75584077835083,-0.09754228591918945,6.1863694190979,3.7859387397766113,2.3565452098846436
5.176673889160156,-6.066641807556152,-0.06274378299713135,15.276843070983887,4.335516929626465,1.9707094430923462
3.0380020141601562,-3.9015860557556152,-0.19696259498596191,4.982914924621582,4.378406047821045,2.406301736831665
-3.0818986892700195,-4.376130104064941,-0.08981037139892578,8.991925239562988,4.576046943664551,2.9292120933532715
-5.310551643371582,-3.836355686187744,-0.09083414077758789,4.802006721496582,4.58583402633667,2.2818591594696045
-2.87323534488678,-2.904122829437256,-0.024329662322998047,1.2835978269577026,4.436511993408203,2.0980794429779053
-3.217312812805176,-2.5963892936706543,0.050496578216552734,3.9388909339904785,4.4466753005981445,2.326770544052124
-2.25915789604187,-2.1763815879821777,-0.05056500434875488,2.8400790691375732,4.3855156898498535,2.711866617202759
-3.952883720397949,1.584970474243164,-0.04988265037536621,2.2986879348754883,4.3180437088012695,2.6439216136932373
-3.718803882598877,0.9076328277587891,-0.144566398113966,2.3939566612243652,4.241657733917236,0.02899136021733284
-4.579550802707672,-2.2172663807868958,0.46485447883605957,0.03221315145492554,0.03221315145492554,3.0391268730163574
-4.5372579344548285,-1.8984168786555529,0.2749152183532715,0.006691192742437124,0.021394608542323112,3.9215636253356934
-4.390825799840968,-1.6559546096250415,0.16738295555114746,0.0005840741214342415,0.013251890428364277,2.7877907752990723
-5.832738973200321,-1.4675374254584312,-0.7563841342926025,0.10394754260778427,0.0361386314034462,2.4169657230377197
-5.334436180070043,-1.3265911638736725,-0.7683579921722412,0.003310440108180046,0.029128164052963257,3.6077582836151123
-2.5778746604919434,-4.597077131271362,-0.16840362548828125,6.4037957191467285,1.0942070484161377,2.437680721282959
-2.470015287399292,-2.5179392099380493,-0.044421106576919556,3.5333406925201416,1.4581125974655151,0.29883626103401184
-4.91064165532589,-0.9407784193754196,0.07721567153930664,0.017626777291297913,0.017626777291297913,2.6838538646698
-5.498701016884297,-0.8820994449779391,0.06281590461730957,0.004063208121806383,0.010973756201565266,3.9055213928222656
-6.325988618016709,-0.834545886144042,0.02015972137451172,0.000641974329482764,0.006788337603211403,2.9436631202697754
-4.34940505027771,-0.43841835856437683,1.3235628604888916,1.6053698062896729,0.407497376203537,4.2161784172058105
-4.6169228493236005,-0.4197772443294525,0.5525069236755371,0.005953317973762751,0.3853560984134674,3.7120864391326904
-3.0798072814941406,-0.09180247783660889,-0.35270214080810547,4.661530494689941,1.1011985540390015,2.556908130645752
-2.856727123260498,0.016527771949768066,-0.2967100143432617,2.2603373527526855,1.2657901048660278,2.617889642715454
-9.58056640625,-0.021671056747436523,-0.32291078567504883,1.669306755065918,1.3206862211227417,2.065845489501953
-3.4539849758148193,0.09158062934875488,-0.28193982131779194,2.434222459793091,1.447914481163025,0.01263059489428997
-3.2883874513208866,-1.0601449348032475,0.6990470886230469,0.041720714420080185,0.041720714420080185,3.31575345993042
-5.86238501034677,-0.9582829587161541,0.12747883796691895,0.002878928557038307,0.021754015237092972,3.8625781536102295
-5.201199810195249,-0.8571039838716388,0.3061344623565674,0.000746448349673301,0.01489164400845766,3.0812785625457764
-5.409408484585583,-0.8582159616053104,-1.5970051288604736,0.013521279208362103,0.01421746239066124,2.777567148208618
-4.336052548140287,-0.7694092793390155,-0.7215564250946045,0.005412448197603226,0.012679954059422016,3.137054920196533
-2.9314699172973633,-0.3082360029220581,-0.38100123405456543,6.022933006286621,1.0147335529327393,2.090156078338623
-4.504372239112854,-0.19022369384765625,-0.2463725209236145,1.4323152303695679,1.0805975198745728,0.14100414514541626
-3.8092680694535375,-0.012196828611195087,0.17150640487670898,0.013365435414016247,0.013365435414016247,2.763699531555176
-6.800495888106525,-0.00606190599501133,-0.054138898849487305,0.0025923000648617744,0.008220179006457329,3.88171124458313
-3.900484738056548,-0.003948662430047989,-0.039080142974853516,0.0007684853626415133,0.005948983132839203,2.956052541732788
-4.265039265155792,0.0824093222618103,0.7816905975341797,0.6181136965751648,0.15862300992012024,4.889952659606934
-6.151631054468453,0.055453069508075714,0.16617465019226074,0.006819072179496288,0.11706401407718658,3.3016209602355957
-1.389817237854004,-0.3847428560256958,-0.22983026504516602,7.5937700271606445,1.3504328727722168,2.6154398918151855
-0.19752216339111328,-0.3248751163482666,-0.2078230381011963,4.817291259765625,1.8539135456085205,2.2145280838012695
1.1735186576843262,-0.10085058212280273,-0.1475621461868286,6.666295528411865,2.4562225341796875,1.892083764076233
-3.6551625728607178,0.23697614669799805,-0.1862192489206791,2.041003465652466,2.3981237411499023,0.01769348606467247
-3.6616167817264795,-2.010485151782632,0.29984354972839355,0.019641896709799767,0.019641896709799767,3.1225926876068115
-6.0362216958310455,-1.944242144934833,0.02296137809753418,0.0024211874697357416,0.01064834464341402,3.737990617752075
-4.981382662779652,-1.8767837327905,0.15032196044921875,0.0009076051646843553,0.007445927243679762,2.960134267807007
-5.666479650884867,-1.8143328968435526,-1.4955663681030273,0.039367612451314926,0.016020124778151512,3.5113730430603027
-5.161174679873511,-1.7582983085885644,-0.4452381134033203,0.002812479855492711,0.012474982999265194,3.4780707359313965
-3.516282081604004,-1.115807831287384,-0.25589513778686523,4.124987602233887,0.6982094645500183,2.2286367416381836
-2.920854330062866,-0.9699535965919495,-0.36890530586242676,1.4260408878326416,0.8014646172523499,2.3639817237854004
-6.038669526576996,-1.0036782026290894,-0.33038947731256485,0.2666240334510803,0.7323377132415771,0.07296045869588852
-4.053338184952736,-3.363359346985817,0.17310118675231934,0.022702082991600037,0.022702082991600037,2.9268648624420166
-7.899730081669986,-2.9262113608419895,-0.11788296699523926,0.0024868296459317207,0.011969562619924545,3.872396469116211
-5.491049457457848,-2.6138549530878663,-0.1636183261871338,0.0005791893927380443,0.008197716437280178,2.8556387424468994
-5.010671079158783,-2.3830852061510086,0.7614560127258301,0.33182674646377563,0.08881406486034393,4.740276336669922
-5.602805296424776,0.06813160423189402,0.013520240783691406,0.0057581267319619656,0.07095145434141159,2.8405327796936035
-1.1020317077636719,-3.266258478164673,-0.3495199680328369,12.573094367980957,2.153043031692505,2.0424768924713135
-4.581221580505371,-4.101473331451416,-0.3717203140258789,10.8306303024292,3.395671844482422,1.4234123229980469
0.47822046279907227,-3.2596702575683594,-0.3346976041793823,5.157891273498535,3.6119346618652344,1.6472724676132202
-7.6925458908081055,-2.0264382362365723,-0.3671804666519165,2.6602182388305664,3.5077853202819824,1.9730676412582397
-0.6071391105651855,-1.7508578300476074,-0.34577512741088867,3.891148567199707,3.5426506996154785,2.459360361099243
-0.4239065647125244,-1.3523716926574707,-0.3513062000274658,3.7676455974578857,3.5630760192871094,2.3923068046569824
-2.0399227142333984,-0.5217459201812744,-0.44423437118530273,4.172304630279541,3.6183969974517822,2.4716877937316895
-4.880044937133789,0.6283977031707764,-0.359708309173584,1.6430273056030273,3.451014518737793,2.069908618927002
0.7889928817749023,-0.7681732177734375,-0.3649747371673584,7.8111467361450195,3.7587037086486816,2.211156129837036
4.012825965881348,-1.9382100105285645,-0.12477982044219971,11.3451509475708,4.272297382354736,1.4512745141983032
-4.456546068191528,-1.2656960487365723,-0.18195814825594425,2.534868001937866,4.164506912231445,0.019632985815405846
-4.912996893748641,-4.235057955607772,0.3833768367767334,0.03010212816298008,0.03010212816298008,3.1753363609313965
-4.753764260560274,-3.718002211302519,0.1962730884552002,0.003582846373319626,0.01585637405514717,3.9523918628692627
-4.99339254014194,-3.30813692510128,0.17330670356750488,0.0006193388253450394,0.010974898934364319,3.084205389022827
-5.516093153506517,-3.201614174991846,-1.301560401916504,0.05842505022883415,0.022803034633398056,3.354645252227783
-6.003348993137479,-2.9123312532901764,-0.6692728996276855,0.004984689876437187,0.019178718328475952,3.3596177101135254
-4.3251752853393555,-2.631067931652069,-0.32222437858581543,3.1279258728027344,0.5366261601448059,2.1437690258026123
-3.3700512647628784,-2.4535542726516724,-0.4061858654022217,1.0636011362075806,0.6189392805099487,2.491576910018921
-4.873394638299942,-2.3417056798934937,-0.32769254222512245,0.11011061072349548,0.5417393445968628,0.04077255353331566
-2.7855767123401165,-0.9207711331546307,0.19814109802246094,0.014376748353242874,0.014376748353242874,2.9892630577087402
-5.987402979517356,-0.8279067818075418,-0.1447911262512207,0.002316888188943267,0.00830257497727871,3.8844361305236816
-3.899030293978285,-0.7496129074133933,-0.1578836441040039,0.0006395916570909321,0.005923946853727102,2.9062390327453613
-5.92671163380146,-1.6881647557020187,0.45354223251342773,0.175105020403862,0.04815228283405304,5.130019664764404
-5.937353909946978,-0.6004699133336544,-0.0171811580657959,0.004768072627484798,0.03887537494301796,3.3756651878356934
-0.3556480407714844,-1.452500343322754,-0.35655999183654785,5.151700019836426,0.8905653953552246,2.0723884105682373
-3.537112236022949,-1.41733717918396,-0.5410475730895996,10.115518569946289,2.207662582397461,2.307069778442383
-0.595447301864624,-1.1794488430023193,-0.25418925285339355,2.7148609161376953,2.264434576034546,2.3393142223358154
-6.237717032432556,-0.8400485515594482,-0.35988542437553406,0.4029613733291626,2.0573904514312744,0.014397472143173218
-4.963582064956427,-1.5466121695935726,0.5741627216339111,0.03606364503502846,0.03606364503502846,3.3019566535949707
-5.416244421619922,0.01664073090068996,0.12474370002746582,0.00240525184199214,0.018764333799481392,3.8568923473358154
-4.757573384442367,0.011320673627778888,0.22268915176391602,0.0009949024533852935,0.012801103293895721,3.155273675918579
-4.179436143487692,-0.3991153948009014,-1.6059954166412354,0.03211456909775734,0.017598409205675125,3.553332567214966
-4.766021069139242,-0.2754642339423299,-0.40621185302734375,0.00400799885392189,0.0153695372864604,3.041067600250244
-7.316546440124512,-0.8516305685043335,-0.10915398597717285,4.178020477294922,0.7089436054229736,2.465724468231201
-4.099531576037407,-0.7708996534347534,-0.31531715393066406,0.2077999860048294,0.636201024055481,2.2670340538024902
-5.867968440055847,-0.6589378118515015,-0.41042681969702244,0.2163487672805786,0.5878673791885376,0.020601218566298485
-3.051293073222041,-0.9310682397335768,0.31687498092651367,0.024481596425175667,0.024481596425175667,3.14078688621521
-7.05541077372618,-0.8924736622720957,-0.04048442840576172,0.0020857739727944136,0.012637889012694359,3.9756884574890137
-5.608434036723338,-0.864183715544641,-0.022725343704223633,0.0006229128921404481,0.008236655034124851,3.064300775527954
-7.263119034469128,-0.8324909415096045,1.0589568614959717,0.08357591181993484,0.027055183425545692,4.786489009857178
-5.636172722093761,-0.8166788965463638,0.06263232231140137,0.00753264594823122,0.02365003526210785,2.9278881549835205
-2.934877634048462,-0.3400363326072693,-0.21293973922729492,3.5532166957855225,0.6120909452438354,2.3335399627685547
-4.726625621318817,-0.27680063247680664,-0.20434188842773438,0.8995521664619446,0.6562437415122986,2.342013120651245
-3.025693655014038,-0.12191915512084961,-0.20859813690185547,2.5495951175689697,0.8849977254867554,2.3770651817321777
-4.316199779510498,0.2511470317840576,-0.14647650718688965,5.485499858856201,1.400593638420105,2.5127882957458496
-3.320959448814392,0.27150630950927734,-0.28822804521769285,1.8392287492752075,1.446576714515686,0.013622988946735859
-4.087856877595186,-3.3695469982922077,0.5280323028564453,0.026170622557401657,0.026170622557401657,3.3515002727508545
-4.197658290853724,-2.959234786219895,0.016173601150512695,0.0014579391572624445,0.01414577942341566,3.7333221435546875
-5.796484256570693,0.007208721828646958,0.08681035041809082,0.0008742563077248633,0.00839915219694376,3.1966335773468018
-4.773008717224002,-0.2402540873736143,-1.6421046257019043,0.027818309143185616,0.014122860506176949,3.1941747665405273
-7.510362495668232,-0.15896404720842838,-0.5324854850769043,0.0047532422468066216,0.011248057708144188,3.832091808319092
-4.126972436904907,-1.008903056383133,-0.13044476509094238,2.1293647289276123,0.36413535475730896,2.562279224395752
-4.864471733570099,-0.8870157599449158,0.14200878143310547,0.25496262311935425,0.34981709718704224,2.4919776916503906
-2.1932754516601562,-0.6323491334915161,0.1908433437347412,3.9723448753356934,0.8019016981124878,2.67857027053833
0.2129991054534912,-0.6570339202880859,-0.03687405586242676,2.5183115005493164,0.9926921129226685,2.43992280960083
-0.6756587028503418,-0.5929776430130005,0.22218775749206543,5.625621318817139,1.4570163488388062,2.6404917240142822
-5.14612603187561,-0.4960888624191284,0.3193929195404053,1.0827252864837646,1.421724796295166,2.782362461090088
-5.155925273895264,-0.4797927141189575,0.2615267187356949,2.250814914703369,1.4923454523086548,0.367679238319397
-4.981900557875633,-1.8002683967351913,-0.1701047420501709,0.10805191099643707,0.10805191099643707,2.5098602771759033
-6.888442488387227,-1.3595826663076878,-0.17880463600158691,0.004438905045390129,0.05476855859160423,3.6532680988311768
-3.2530728508136235,-1.1053180433809757,0.09738349914550781,0.0008372138836421072,0.03553786501288414,2.8652215003967285
-4.40208899974823,-0.5878539383411407,-0.23462176322937012,1.7060681581497192,0.4529179036617279,3.581693649291992
-5.6260532713495195,-0.5643619894981384,-0.11461234092712402,0.0059037827886641026,0.36194127798080444,3.9690754413604736
-0.949310302734375,-11.129657745361328,-0.36043715476989746,11.990245819091797,2.296182632446289,2.153898239135742
-1.3419098854064941,-5.495259761810303,-0.3294098377227783,2.8191847801208496,2.36268949508667,2.222177743911743
-3.7765650749206543,-3.966844320297241,-0.4070374183356762,2.278130054473877,2.352966070175171,0.025137413293123245
-4.550452642142773,0.046535879373550415,0.6579580307006836,0.10827691107988358,0.10827691107988358,3.147321939468384
-6.477656001690775,0.018833208829164505,0.10313296318054199,0.0038098148070275784,0.05081035941839218,3.6840438842773438
-3.5571160506806336,0.0067441463470458984,0.23660492897033691,0.0008678245940245688,0.030839556828141212,3.147963523864746
-3.3097051978111267,-0.08695785701274872,-0.907057523727417,0.03332263231277466,0.034423619508743286,3.8046061992645264
-4.148848581360653,-0.07253251411020756,-0.08583211898803711,0.0026463984977453947,0.030074438080191612,3.832672119140625
0.053833961486816406,-0.38730061054229736,0.22958755493164062,7.012102127075195,1.1937373876571655,2.4300341606140137
-3.9749724864959717,-0.23842835426330566,0.2329261302947998,1.944702386856079,1.2988580465316772,2.974339723587036
-3.5289775133132935,-0.21380305290222168,0.37671875953674316,0.8704451322555542,1.245229959487915,3.1123058795928955
-4.816241264343262,-0.17348134517669678,0.5781621932983398,4.562082290649414,1.620436191558838,2.9357733726501465
-2.7675187587738037,-0.6215627193450928,0.5023462511599064,1.0185213088989258,1.5628893375396729,0.5291458368301392
-4.2107651345431805,-0.8565684072673321,-0.3788137435913086,0.042259443551301956,0.042259443551301956,2.664095163345337
-5.673156077973545,-0.8212832137942314,-0.17367291450500488,0.003634159453213215,0.02532488852739334,3.711030960083008
-5.546718530938961,-0.7877391930669546,-0.027131080627441406,0.0007630059262737632,0.016120338812470436,2.915523052215576
-3.697964668273926,-0.05351346731185913,1.164586067199707,2.8825745582580566,0.7335882782936096,3.7598202228546143
-6.567275094334036,-0.16629767417907715,0.46448707580566406,0.003915739711374044,0.5796787142753601,5.016294002532959
2.223860740661621,1.0156683921813965,-0.2097320556640625,10.743535995483398,2.2687082290649414,2.49719500541687
-1.9199204444885254,-4.6426918506622314,-0.28736400604248047,7.405440807342529,3.0027120113372803,2.05954647064209
-4.702637791633606,-1.6641912460327148,-0.40274538192898035,1.6810396909713745,2.8469886779785156,0.0094137629494071
-5.432589568197727,-3.3825884237885475,0.9269983768463135,0.030413590371608734,0.030413590371608734,3.5082550048828125
-4.091889038681984,-2.9097704496234655,0.38437509536743164,0.0036882013082504272,0.016651669517159462,4.054699897766113
-6.134094267326873,-2.5489439284428954,0.36364006996154785,0.0008792586741037667,0.011789628304541111,3.4059815406799316
-4.8829206796363,-0.18997361697256565,0.4924740791320801,0.006922784261405468,0.01057114265859127,4.127041816711426
-5.0119623015634716,-0.09298175759613514,-0.047344207763671875,0.004255407024174929,0.008997878059744835,3.5351154804229736
-1.140359878540039,-2.4898136854171753,0.6075959205627441,11.103415489196777,1.858303189277649,2.7824316024780273
-2.5598130226135254,-2.057723045349121,0.45490431785583496,2.0365405082702637,1.8880345821380615,2.81010365486145
-1.380971908569336,-1.4612021446228027,0.5846550464630127,4.561023712158203,2.2269253730773926,2.9340016841888428
-5.235216379165649,-1.3193504810333252,0.6258437633514404,3.8242604732513428,2.4017043113708496,3.020941734313965
-3.705043077468872,-1.168696641921997,0.7035775184631348,3.8318030834198,2.5417253971099854,3.324028730392456
-6.8133628368377686,-0.9231700897216797,0.6472213268280029,1.9985439777374268,2.497433662414551,3.1625311374664307
-1.4585649967193604,0.5111452341079712,0.689347505569458,1.5609591007232666,2.4185304641723633,2.8812317848205566
0.7362143993377686,-1.222837209701538,0.4963340759277344,4.03094482421875,2.554642915725708,2.9155473709106445
-6.343976050615311,-0.19115757942199707,0.23124271631240845,0.28134772181510925,2.393209457397461,0.38840338587760925
-4.6221560053527355,-0.21029536053538322,-0.026493310928344727,0.04514612630009651,0.04514612630009651,2.5562002658843994
-5.313765732105821,-0.08160388469696045,-0.185103178024292,0.0035770260728895664,0.025120459496974945,3.6818509101867676
-3.819018951326143,-0.056047748774290085,0.005243778228759766,0.0008353081648238003,0.014689650386571884,2.8387887477874756
-4.711272835731506,0.20018470287322998,0.543175220489502,1.8578675985336304,0.474690318107605,4.5781474113464355
-5.462162702577189,0.1621553748846054,-0.09224319458007812,0.0037401027511805296,0.38470810651779175,3.8306725025177
0.4250364303588867,0.26401758193969727,-0.2209162712097168,13.63553237915039,2.5879147052764893,2.2298765182495117
-9.83191692829132,0.10064053535461426,-0.1973963975906372,0.26627910137176514,2.2385082244873047,1.9860366582870483
-2.342731475830078,-0.05467486381530762,-0.19870246946811676,1.679788589477539,2.161454677581787,0.028882399201393127
-5.124649792909622,-3.710788995027542,0.45471668243408203,0.09168455004692078,0.09168455004692078,3.090761661529541
-7.694865878205746,-3.607741843909025,0.1483156681060791,0.0028651398606598377,0.03773711994290352,3.7814414501190186
-5.418788569164462,-3.4771707635372877,0.047316789627075195,0.0008653233526274562,0.022533120587468147,3.4958674907684326
-8.880203776061535,-3.327179215848446,-1.2051632404327393,0.07701439410448074,0.038524605333805084,3.1314399242401123
-3.703773848246783,-3.2010151892900467,-0.3162379264831543,0.0037142117507755756,0.04016117751598358,2.7778444290161133
-2.6355295181274414,-2.4301307797431946,0.20187830924987793,5.7779693603515625,0.9925491213798523,2.7693276405334473
-3.148230791091919,-2.228545904159546,0.24724125862121582,2.172837972640991,1.163132667541504,3.0063703060150146
-1.0579979419708252,-2.014089584350586,0.1718132495880127,2.6666951179504395,1.3543369770050049,2.5837807655334473
-4.336523413658142,-1.934453010559082,-0.0010623931884765625,1.603991150856018,1.3704118728637695,2.362861156463623
-5.725798204541206,-1.9597508907318115,-0.03799797594547272,0.12517397105693817,1.2505080699920654,0.2253677099943161
-3.4851551353931427,-2.258456736803055,0.06785130500793457,0.024296969175338745,0.024296969175338745,2.6249823570251465
-5.736136946827173,-1.8888038182631135,-0.011904478073120117,0.0032839439809322357,0.014099380932748318,3.752487897872925
-6.299266558198724,-1.6217594062909484,0.017803668975830078,0.0006630606367252767,0.009458907879889011,2.8184475898742676
-3.749986171722412,-1.165425032377243,0.6560792922973633,1.4898066520690918,0.3801354467868805,3.8351619243621826
-5.217758154962212,-1.0995320081710815,-0.06685733795166016,0.00501825800165534,0.2745155096054077,2.8421521186828613
-0.6833019256591797,-11.847467422485352,-0.2556478977203369,11.077766418457031,2.072477340698242,2.1138830184936523
-0.8284173011779785,-7.369678974151611,-0.29016780853271484,4.759974479675293,2.4413294792175293,1.8311431407928467
-0.18760085105895996,-4.863623857498169,-0.23999238014221191,3.4571282863616943,2.574547529220581,2.1231415271759033
-4.874843001365662,-3.5494277477264404,-0.3676181770861149,0.5327602624893188,2.3440563678741455,0.017065908759832382
-3.5546256862580776,-1.0535833202302456,0.4906494617462158,0.05021745339035988,0.05021745339035988,3.273080348968506
-7.159721389645711,-0.9695517048239708,0.04572463035583496,0.0024947968777269125,0.028397895395755768,3.8148529529571533
-4.4610298637417145,-0.8780971337109804,0.2519717216491699,0.0008174415561370552,0.02012769691646099,3.189124584197998
-3.4703029692173004,-0.8387831673026085,-0.9406721591949463,0.023593515157699585,0.020341970026493073,3.6193835735321045
-5.24183758161962,-0.773004125803709,-0.2040572166442871,0.0034393463283777237,0.017109204083681107,3.8690333366394043
-5.326725006103516,-0.42450958490371704,-0.374835729598999,3.774446487426758,0.643767774105072,2.2558703422546387
-3.3563942313194275,-0.392764687538147,-0.6809546947479248,0.8147187829017639,0.6681090593338013,2.5350093841552734
-5.904419168829918,-0.40745115280151367,-0.7097677905112505,0.1069352775812149,0.606552243232727,0.014548150822520256
-5.869529791176319,-2.095728226006031,0.37995195388793945,0.013988427817821503,0.013988427817821503,3.1285133361816406
-6.545137882465497,-1.4004635997116566,0.003397703170776367,0.001890659099444747,0.00794265791773796,3.8922061920166016
-5.063653265940957,-1.0396483023650944,-0.17054224014282227,0.0007397775771096349,0.005290977191179991,2.9458584785461426
-6.731820609420538,-0.9397952780127525,-0.02681875228881836,0.05223986878991127,0.017338015139102936,4.544982433319092
-6.106488166376948,-0.7848651306703687,0.11704158782958984,0.004767479375004768,0.014530728571116924,3.313964366912842
1.97918701171875,-0.23446249961853027,-0.059276580810546875,12.122489929199219,2.033085823059082,2.6395201683044434
1.66441011428833,-0.0005123615264892578,-0.0943603515625,9.424020767211914,3.096705198287964,2.124939441680908
-1.1490801572799683,0.08958292007446289,-0.025050640106201172,1.497444748878479,2.899383544921875,2.292766809463501
-2.1434779167175293,-0.8148951530456543,-0.10470414161682129,6.872400760650635,3.3370718955993652,2.050386428833008
-5.515720725059509,0.04475212097167969,-0.08102631568908691,0.7509742975234985,3.06563663482666,2.4324913024902344
0.7867469787597656,-0.40713000297546387,-0.12168192863464355,6.058488845825195,3.3365464210510254,2.163205862045288
-1.9899873733520508,-0.21329903602600098,-0.11142969131469727,4.615973472595215,3.4440653324127197,2.328458786010742
-1.8113923072814941,-0.3269052505493164,-0.15283441543579102,4.884666919708252,3.5513012409210205,2.3025989532470703
-4.8533936738967896,-0.35390663146972656,-0.09030856192111969,1.7493947744369507,3.4202628135681152,0.12976844608783722
-4.351199286058545,-2.678645269945264,0.2606370449066162,0.02651105634868145,0.02651105634868145,2.8127357959747314
-9.720417539356276,-2.2951581589877605,0.06884074211120605,0.0030607779044657946,0.014377344399690628,3.8502228260040283
-4.386728051817045,-2.0185358421877027,0.13689684867858887,0.000695463502779603,0.010335694067180157,3.041428804397583
-5.154157817363739,-1.7025465220212936,-0.7298007011413574,0.5884755253791809,0.1546994000673294,2.77073335647583
-4.709254200104624,-1.5473830997943878,-0.46099853515625,0.004349296446889639,0.12917658686637878,3.4165730476379395
-1.907503366470337,-2.2832508087158203,-0.2816433906555176,3.8101065158843994,0.7426128387451172,2.379852294921875
-3.4177452325820923,-1.0237034559249878,-0.46067142486572266,0.5002149343490601,0.6983489990234375,2.5089993476867676
-5.186496660113335,-0.6840119361877441,-0.3412462342530489,0.13967712223529816,0.6413801908493042,0.011665834113955498
-4.363469557836652,-2.349704222753644,0.40431666374206543,0.016052765771746635,0.016052765771746635,3.1183133125305176
-8.130451493430883,-2.169879478402436,-0.07479476928710938,0.002152151893824339,0.009707885794341564,3.860119581222534
-3.166086299868766,-2.011360103264451,-0.022991180419921875,0.0006665153778158128,0.006866758689284325,2.8978402614593506
-4.738797854632139,-1.952391529455781,1.0446314811706543,0.0433834083378315,0.01625511609017849,4.874398708343506
-6.585806176066399,-1.833569535985589,0.08997106552124023,0.002902701497077942,0.014170875772833824,3.7242355346679688
-1.684260368347168,-7.838317155838013,-0.28153514862060547,5.798005104064941,0.9781720638275146,2.1729817390441895
-2.132077217102051,-4.624472260475159,-0.09324312210083008,2.2122678756713867,1.1600040197372437,2.608121395111084
-4.492668151855469,-3.7587344646453857,0.06761336326599121,5.0148468017578125,1.624241590499878,2.279370069503784
-3.8504845798015594,-2.7392687797546387,0.20267701148986816,0.36024120450019836,1.4913668632507324,2.602144956588745
-6.344868302345276,-2.076549530029297,0.5190800055861473,0.3862241506576538,1.3850910663604736,0.564205527305603
-5.359608065336943,-2.3361677043139935,-0.22974205017089844,0.041767705231904984,0.041767705231904984,2.640314817428589
-5.941572814248502,-2.2186116240918636,-0.030669689178466797,0.0031341025605797768,0.023974750190973282,3.7174434661865234
-4.396334316465072,-2.1032452154904604,-0.15359258651733398,0.0010026433737948537,0.016268057748675346,2.8498902320861816
-3.1479907035827637,-1.3212323188781738,-1.4776225090026855,2.7339940071105957,0.6959939002990723,3.3166422843933105
-4.623527322430164,-1.3812622427940369,-0.43529319763183594,0.004261698108166456,0.5674578547477722,3.2343475818634033
0.8207836151123047,-0.4783743619918823,0.13445758819580078,7.056424140930176,1.6562057733535767,2.2629146575927734
-12.043006181716919,-0.12707889080047607,0.13893580436706543,3.6543548107147217,1.9377139806747437,2.244281053543091
-3.2973225116729736,-0.18312489986419678,0.20746968686580658,2.6068198680877686,1.9951671361923218,0.38192522525787354
-5.585131971165538,-0.12317670695483685,-0.012752056121826172,0.02449718303978443,0.02449718303978443,2.7413456439971924
-8.621903701452538,-0.08512344770133495,-0.08210062980651855,0.0033585589844733477,0.01553683914244175,3.723125457763672
-3.356470722006634,-0.06356327887624502,0.20780205726623535,0.0008665143977850676,0.010779515840113163,3.193603038787842
-2.625758409500122,0.34142830967903137,1.2290606498718262,2.21291184425354,0.5615124106407166,4.354438304901123
-3.6473146760836244,0.2851247936487198,0.065673828125,0.00289022084325552,0.47030091285705566,3.0039942264556885
-4.193750381469727,0.3309152126312256,-0.052268028259277344,4.008975982666016,1.0411406755447388,2.4824202060699463
-3.182860851287842,0.5995548963546753,-0.016494035720825195,6.0790181159973145,1.7626104354858398,1.9173202514648438
-4.55945211648941,0.20066440105438232,-0.06570059433579445,0.8510679602622986,1.6508897542953491,0.0532752089202404
-3.1460730005055666,-0.27548383362591267,0.21309590339660645,0.016319377347826958,0.016319377347826958,3.1509969234466553
-6.518014167202637,-0.1717649893835187,0.04133486747741699,0.002572800265625119,0.010061721317470074,3.8723621368408203
-2.5069801454083063,-0.08867208706215024,-0.11141204833984375,0.0008027906878851354,0.006562903057783842,2.805776834487915
-4.830390214920044,-0.09111243486404419,-1.5729877948760986,0.3244192600250244,0.08637988567352295,3.1676900386810303
-4.654659847263247,-0.09584453701972961,-0.8277156352996826,0.0045203170739114285,0.0708184689283371,3.2950751781463623
-2.1570043563842773,-0.40530723333358765,-0.583683967590332,4.408331871032715,0.7947606444358826,2.3603153228759766
-1.7898374199867249,-0.9541750550270081,-0.38675132393836975,0.9310993552207947,0.8151283860206604,0.12669184803962708
-4.407457370311022,-0.9777037091553211,0.1642162799835205,0.012883167713880539,0.012883167713880539,2.8814988136291504
-4.626985983457416,-0.4840832371264696,0.13026833534240723,0.0017352537252008915,0.006808040663599968,3.8392252922058105
-3.045778520521708,-0.28191310027614236,-0.11652541160583496,0.0008544846205040812,0.0050297691486775875,2.817918539047241
-5.839282810688019,-0.2574181854724884,1.3587744235992432,0.5582916140556335,0.1433454155921936,4.144312381744385
-7.640311472583562,-0.22480018436908722,0.30577921867370605,0.0054528783075511456,0.11374713480472565,3.1697518825531006
-2.3993349075317383,-0.16179496049880981,0.12432408332824707,4.12408447265625,0.7794288992881775,2.511369466781616
-0.5253052711486816,-0.035585641860961914,-0.03967881202697754,4.441993236541748,1.2917840480804443,2.4648566246032715
-4.028942108154297,0.003982067108154297,-0.06352353096008301,0.7665939331054688,1.236345887184143,2.3683876991271973
-4.743808150291443,-0.6296983957290649,-0.12695960700511932,1.2147585153579712,1.2202534675598145,0.08693383634090424
-4.153474450111389,-3.58346951007843,0.2162773609161377,0.08713662624359131,0.08713662624359131,2.8597939014434814
-6.251173452939838,-3.005309075117111,-0.024719715118408203,0.002954049501568079,0.044891148805618286,3.7523250579833984
-3.2808836456388235,-2.585080163553357,-0.030511140823364258,0.001069212332367897,0.030867798253893852,2.9851949214935303
-6.127242386341095,-2.2441980838775635,-0.8860197067260742,0.4051315188407898,0.12593936920166016,4.045289993286133
-4.339483421761543,-2.0065116807818413,-0.3621361255645752,0.004178840201348066,0.09512544423341751,3.5155093669891357
-2.564657688140869,-1.5914614796638489,-0.3423478603363037,4.297249794006348,0.7882973551750183,2.456420660018921
0.018969058990478516,-1.2970219850540161,-0.26909589767456055,2.5724127292633057,1.0361741781234741,2.501246452331543
-5.463048338890076,-1.331285834312439,-0.2807408347725868,0.6586261987686157,0.9798954725265503,0.0931447371840477
-4.433110520243645,-1.7578459233045578,0.1909186840057373,0.08116121590137482,0.08116121590137482,2.827909469604492
-5.376964194700122,-1.691172745078802,0.03389692306518555,0.0025295186787843704,0.041600797325372696,3.7918944358825684
-3.455170319415629,-1.6129475608468056,-0.006688594818115234,0.000897957943379879,0.030611298978328705,2.876110792160034
-5.453351944684982,-1.5115130618214607,1.113602638244629,0.3353624641895294,0.10788386315107346,4.557448387145996
-5.708865175489336,-1.474332109093666,-0.05133509635925293,0.0041427514515817165,0.07931719720363617,3.535261631011963
-1.605285882949829,-1.0734412670135498,-0.11251640319824219,2.866534948348999,0.54218590259552,2.49049711227417
-5.401417374610901,-1.0160847902297974,-0.21809840202331543,0.6233266592025757,0.5455389022827148,2.390683889389038
-1.6574077606201172,-0.6678885817527771,-0.2788677215576172,4.167842864990234,0.9916839003562927,2.602766752243042
-7.372627250850201,-0.7138302326202393,-0.3056516647338867,0.08741236478090286,0.898054838180542,2.809458017349243
-1.4440045356750488,-0.3647841215133667,-0.3291194438934326,5.816229343414307,1.3840135335922241,2.3711938858032227
-0.46695971488952637,-0.21211934089660645,-0.17322802543640137,3.1845624446868896,1.5447165966033936,2.408973455429077
-0.9597327709197998,-0.08709049224853516,-0.13275718688964844,3.3009750843048096,1.6995048522949219,2.459653377532959
0.5598611831665039,0.02365279197692871,-0.022806882858276367,3.611898422241211,1.839766025543213,2.510350227355957
-1.8674883842468262,0.15246379375457764,-0.08019185066223145,4.921502590179443,2.0532069206237793,2.6191046237945557
-4.084387302398682,0.1697322130203247,-0.0236053466796875,2.320779323577881,2.0676369667053223,2.393803119659424
0.3306307792663574,0.3298921585083008,-0.06487560272216797,6.361016750335693,2.346104621887207,2.221275568008423
-1.9684300422668457,0.3460235595703125,-0.24310970306396484,2.7964377403259277,2.3753421306610107,2.530646800994873
-4.50384521484375,-6.301394462585449,-0.20474815368652344,7.940343856811523,2.682795524597168,2.2961277961730957
-10.050769329071045,-4.974741697311401,-0.08707475662231445,6.18528413772583,2.8604514598846436,2.1719815731048584
-4.253270149230957,-3.385451078414917,-0.15106526017189026,2.0005722045898438,2.822273015975952,0.08439268171787262
-4.686774522066116,-1.9420833885669708,0.3356657028198242,0.284377783536911,0.284377783536911,3.237368106842041
-4.617665738100186,-1.9818504601716995,0.1247711181640625,0.002276450162753463,0.14700309932231903,3.770092725753784
-2.6985052319942042,-1.9272311255335808,0.22720742225646973,0.0010444429935887456,0.10694713145494461,3.5346522331237793
-5.533665604889393,-1.8699645176529884,-0.5455975532531738,0.08157353848218918,0.09266289323568344,3.4746155738830566
-4.314347388688475,-1.810884140431881,-0.3935694694519043,0.004577515181154013,0.07480070739984512,4.00169563293457
-5.6110334396362305,-1.3413333892822266,-0.3051483631134033,3.9639625549316406,0.7269589900970459,2.62353515625
-2.6228489875793457,-1.353170394897461,-0.5752255916595459,0.3467438220977783,0.670623779296875,2.523822546005249
-4.545872628688812,-1.3423187732696533,-0.7346002161502838,0.3575964570045471,0.632716178894043,0.03251597285270691
-4.111012682318687,-1.3956633657217026,0.3066592216491699,0.030198827385902405,0.030198827385902405,3.1537108421325684
-6.122624408104457,-1.2496085111051798,-0.053478240966796875,0.0015506636118516326,0.016358619555830956,3.860710620880127
-6.378867311403155,-1.125559632666409,-0.3022029399871826,0.0007499027997255325,0.01034205686300993,2.880826473236084
-7.024300009012222,-1.1078541539609432,1.1333611011505127,0.11820659041404724,0.03845522180199623,4.345251560211182
-3.2665831823833287,-1.020080454647541,0.10171294212341309,0.004220507573336363,0.034984342753887177,3.020630359649658
1.720524787902832,-0.24610722064971924,-0.17746949195861816,6.874551773071289,1.1771734952926636,2.470031499862671
-1.7091498374938965,0.14523530006408691,-0.2440929412841797,7.311071872711182,2.0484910011291504,2.503139019012451
-6.183930397033691,0.16123676300048828,-0.3558964729309082,1.5948429107666016,1.9988425970077515,2.4024643898010254
-1.7133541107177734,-2.686460494995117,-0.3026275634765625,9.740472793579102,2.8559608459472656,2.4483482837677
-3.150973916053772,-2.064584732055664,-0.23747730255126953,0.8278990983963013,2.6542916297912598,4.215085506439209
8.543002843856812,-1.6413826942443848,-0.2217595987021923,12.423916816711426,3.5482940673828125,0.058940786868333817
-4.526419147849083,-1.713298425078392,0.18294668197631836,0.13994599878787994,0.13994599878787994,3.178473949432373
-6.113935571629554,0.05217391112819314,0.05188632011413574,0.0011805477552115917,0.05939865484833717,3.7454802989959717
-3.288644489948638,0.032019955571740866,0.012834310531616211,0.0007684853626415133,0.036138128489255905,3.1930782794952393
-5.6247071623802185,-0.06581972539424896,-0.8389308452606201,0.21276146173477173,0.08355462551116943,3.4215595722198486
-3.891703027766198,-0.03254992514848709,-0.2687830924987793,0.004502397496253252,0.07892939448356628,4.438058376312256
-1.360971450805664,-0.4116394519805908,0.24809503555297852,8.724189758300781,1.517580509185791,2.4760966300964355
-3.330465793609619,-0.7741278409957886,0.23880740255117416,2.999481678009033,1.7260774374008179,0.34082090854644775
-3.7226493060588837,-3.72488209605217,-0.06343531608581543,0.04598715901374817,0.04598715901374817,2.833277463912964
-2.890890636947006,-3.0054864175617695,-0.10017180442810059,0.002145728562027216,0.021576475352048874,3.7579963207244873
-5.351689337927382,-2.500625434331596,-0.02663588523864746,0.0009756095823831856,0.013310608454048634,2.975276231765747
-3.3514877557754517,-1.8095808923244476,1.1839051246643066,1.637656569480896,0.4204007685184479,3.70353364944458
-4.474830339197069,0.4090236355550587,0.3148996829986572,0.00448732590302825,0.41163793206214905,3.655773878097534
-3.0196495056152344,-4.714559435844421,-0.11104786396026611,8.822232246398926,1.776659607887268,1.9647973775863647
-1.5564327239990234,-4.105634927749634,-0.27668285369873047,5.294349670410156,2.2999765872955322,2.251969814300537
-2.500901222229004,-3.332552433013916,-0.3538041524589062,2.11287784576416,2.2373690605163574,0.04386662319302559
-2.9673912525177,-1.5368887186050415,0.5469379425048828,0.14624285697937012,0.14624285697937012,3.32615327835083
-5.755827817833051,-1.2913513630628586,0.18248867988586426,0.0026856327895075083,0.06653471291065216,3.802027463912964
-5.94017672346672,-1.085859764367342,0.1855916976928711,0.0009744186536408961,0.044899117201566696,3.1718297004699707
-8.340986348688602,-0.9554414302110672,-1.3432998657226562,0.09957971423864365,0.060146138072013855,3.022209644317627
-7.271042154869065,-0.8114105090498924,-0.4736039638519287,0.0036317838821560144,0.06438390165567398,3.322617292404175
0.07325458526611328,-4.243728041648865,-0.043868303298950195,6.371372222900391,1.1117430925369263,2.3934547901153564
0.13775110244750977,-3.5434982776641846,-0.23334026336669922,2.989542245864868,1.3829009532928467,2.543496608734131
-4.097637832164764,-2.1544195413589478,-0.48550980910658836,0.4431679844856262,1.260475754737854,0.04077136889100075
-5.644993854686618,-0.8116799127310514,0.2256927490234375,0.018392490223050117,0.018392490223050117,2.96122407913208
-6.767397947376594,-0.5420605260878801,-0.12717938423156738,0.002318315440788865,0.010046271607279778,3.6666171550750732
-1.976652112789452,-0.416927482932806,-0.29968953132629395,0.0012661544606089592,0.007568482309579849,2.7193551063537598
-5.421112433075905,-0.297664999961853,0.8626089096069336,0.18910370767116547,0.052385807037353516,4.551586627960205
-4.271855680737644,-0.24819401651620865,0.23205924034118652,0.004896791186183691,0.042218469083309174,3.48563814163208
-1.6279716491699219,-0.13102209568023682,-0.2124924659729004,9.490397453308105,1.6169639825820923,2.261725902557373
-1.4691698551177979,-0.06905937194824219,-0.33241963386535645,2.6282575130462646,1.7715669870376587,2.260227680206299
0.7288761138916016,0.0437777042388916,-0.2779409885406494,5.7430524826049805,2.275067090988159,2.006324529647827
-4.009677410125732,-0.19104719161987305,-0.2764154374599457,1.852473258972168,2.219299793243408,0.06586295366287231
-4.3706652745604515,-3.130689822137356,0.30915379524230957,0.11690930277109146,0.11690930277109146,3.1090822219848633
-5.744192957645282,-3.0151717625558376,0.06397843360900879,0.0032736065331846476,0.05666685476899147,3.7742793560028076
-4.332474522350822,-2.8192804269492626,0.061644554138183594,0.0009052231325767934,0.042673785239458084,2.905555248260498
-2.508368968963623,-2.6099403128027916,-1.1283082962036133,0.2855188846588135,0.10620663315057755,2.7571611404418945
-6.745037731947377,-2.4777714610099792,-0.23529863357543945,0.002738299546763301,0.09847003221511841,3.6066455841064453
-5.72144079208374,-1.6504195928573608,-0.42259693145751953,5.802963733673096,1.0502077341079712,2.5932726860046387
-5.0296244621276855,-1.4036593437194824,-0.40347957611083984,2.3150219917297363,1.2330420017242432,2.3567404747009277
-2.473853588104248,-1.8922507762908936,-0.6153156831860542,1.9387836456298828,1.3282041549682617,0.035769812762737274
-3.9496491700410843,-2.090538337826729,0.2720813751220703,0.055382415652275085,0.055382415652275085,3.2008368968963623
-4.624423873261549,-1.9633468613028526,-0.0028662681579589844,0.0015512587269768119,0.028205610811710358,3.863492965698242
-4.993783577228896,-1.8248268067836761,-0.11557579040527344,0.0006669919239357114,0.021909266710281372,2.9201693534851074
-5.578645646572113,-1.735801313072443,1.247473955154419,0.15879493951797485,0.05497315153479576,4.6695332527160645
-5.626906726043671,-1.6486709341406822,0.24239611625671387,0.0038353470154106617,0.040050722658634186,3.7134318351745605
-3.5262012481689453,-0.8000693321228027,-0.33144569396972656,8.023946762084961,1.3719019889831543,2.8505730628967285
-6.578162670135498,-0.8873239755630493,-0.30100536346435547,2.483093738555908,1.5318762063980103,2.211336374282837
-4.059507369995117,-0.8366080522537231,-0.4838330429047346,1.4282503128051758,1.5061248540878296,0.01400393433868885
-4.881197180598974,-0.7759389542043209,0.7020447254180908,0.03591564670205116,0.03591564670205116,3.5012519359588623
-5.0138703535776585,-0.7046276330947876,0.19121289253234863,0.002438430907204747,0.021032512187957764,3.8276844024658203
-5.11476933141239,-0.6490186797454953,0.38068294525146484,0.001374848885461688,0.012878264300525188,3.725822925567627
-4.593410052359104,-0.6239180937409401,0.7096042633056641,0.03239770978689194,0.01843883842229843,4.203824520111084
-4.0293767370749265,-0.5812743976712227,0.37781763076782227,0.003583677811548114,0.01673053950071335,3.7494583129882812
0.645106315612793,0.03044790029525757,0.00923466682434082,5.049432277679443,0.8549099564552307,2.6406068801879883
-3.0501439571380615,-0.035988688468933105,0.09688687324523926,0.6598203182220459,0.8247710466384888,2.661464214324951
-3.8138818740844727,0.026426374912261963,0.07013513892889023,2.104630947113037,0.9861039519309998,0.12349557876586914
-4.312522057443857,0.02628028392791748,-0.1521766185760498,0.05297219380736351,0.05297219380736351,2.8273098468780518
-7.396471291547641,0.010797282680869102,-0.07651567459106445,0.0026395025197416544,0.026796400547027588,3.731046199798584
-6.236647698387969,0.006765340454876423,-0.02543044090270996,0.0008133916999213398,0.01829001121222973,2.8332595825195312
-4.205379605293274,-0.01591072976589203,1.1449041366577148,0.7106255292892456,0.19153745472431183,5.002734184265137
-6.548916560597718,-0.00379866361618042,0.3386101722717285,0.0050900159403681755,0.15900427103042603,4.0057759284973145
1.557797908782959,0.029412388801574707,-0.05169510841369629,5.626141548156738,1.066851019859314,2.419142246246338
-2.574319839477539,-0.06828618049621582,-0.017614364624023438,5.03402042388916,1.6335924863815308,2.718933582305908
-4.893329381942749,-0.062238454818725586,-0.040357112884521484,0.9861757755279541,1.556567907333374,0.07331322133541107
-4.254119303077459,-2.343122150748968,0.08669137954711914,0.04976806417107582,0.04976806417107582,2.8372578620910645
-5.824974454473704,-2.242401847615838,0.09140896797180176,0.005030237603932619,0.028572311624884605,3.9542813301086426
-3.9145339436945505,0.01687950681662187,0.09882664680480957,0.0008105330052785575,0.017839038744568825,3.026365280151367
-5.102440714836121,-0.1820095255970955,-1.5957319736480713,0.34664833545684814,0.10139238089323044,3.3440825939178467
-6.8109032430220395,-0.10904397070407867,-0.7938284873962402,0.00356704811565578,0.08359174430370331,3.650376796722412
-0.47189855575561523,-0.5210838317871094,-0.09514951705932617,6.190049171447754,1.1037449836730957,2.5996618270874023
1.2362189292907715,-0.7178813219070435,-0.5652925968170166,6.085125923156738,1.8133965730667114,2.529881715774536
-4.7820799350738525,-0.5388222932815552,-0.6504585854709148,0.36400866508483887,1.6269484758377075,0.031713951379060745
-6.260090854018927,-3.481003548949957,0.3480215072631836,0.03495213761925697,0.03495213761925697,2.9913618564605713
-7.953289265278727,-2.919992880895734,-0.08174371719360352,0.0028855851851403713,0.01831178180873394,3.741319179534912
-4.79690482118167,-2.5049218088388443,-0.15678048133850098,0.00086758635006845,0.012911185622215271,2.702094316482544
-5.524651616811752,-2.323400292545557,0.7847821712493896,0.14676323533058167,0.04693957790732384,4.352961540222168
-7.799827579874545,-2.064375177025795,-0.02014923095703125,0.004472728352993727,0.03660152852535248,3.3588366508483887
-1.6762828826904297,-1.6664546132087708,-0.1131589412689209,4.486835479736328,0.7789940237998962,2.256040334701538
-5.524464130401611,-1.572506308555603,-0.050890207290649414,2.0305233001708984,0.9606970548629761,2.5535621643066406
-7.440925478935242,-1.4037075638771057,-0.08654117584228516,0.9768067598342896,0.961239755153656,2.4642317295074463
-7.777431011199951,-1.3284595012664795,-0.12382340431213379,4.333522319793701,1.3351247310638428,2.3517568111419678
-6.554320335388184,-1.2510297298431396,-0.19818663597106934,1.5703325271606445,1.3523123264312744,2.54325532913208
-0.8514838218688965,-1.173913598060608,-0.09840703010559082,4.713451385498047,1.6632717847824097,2.1261649131774902
1.6539955139160156,-0.9355170726776123,-0.1593170166015625,7.092888832092285,2.1082985401153564,2.247328281402588
-0.5302371978759766,-4.040707588195801,-0.18767237663269043,6.875489234924316,2.479316234588623,2.3871188163757324
-0.17270326614379883,-2.7349305152893066,-0.2036445140838623,3.1882362365722656,2.5337777137756348,2.4878249168395996
-5.8055490255355835,-1.688140630722046,-0.14678239822387695,1.717074990272522,2.479670286178589,2.166861057281494
-0.08216381072998047,-1.8276653289794922,-0.054528236389160156,5.074915885925293,2.633983612060547,2.39750075340271
-1.857658863067627,-1.64284348487854,0.0021359920501708984,4.595566272735596,2.7565972805023193,2.4430384635925293
-4.138431787490845,-1.6114368438720703,0.0009528510272502899,1.3833935260772705,2.686209201812744,0.049752261489629745
-3.7698304150253534,-1.1032455656677485,-0.023879289627075195,0.020762016996741295,0.020762016996741295,2.926980495452881
-5.2276342457626015,-1.0501056974753737,0.09766554832458496,0.0027372294571250677,0.011834734119474888,3.6678338050842285
-4.3635876211337745,-0.9716868912801147,-0.11616945266723633,0.000849482137709856,0.009045847691595554,3.006981611251831
-7.7762319296598434,-0.9077621400356293,-0.953383207321167,0.24788649380207062,0.06808105111122131,3.4988505840301514
-5.345728876069188,-0.8708251938223839,-0.4600248336791992,0.007878301665186882,0.05774811655282974,4.697559356689453
-4.272521495819092,-0.48214513063430786,-0.5917794704437256,3.015451431274414,0.5563288331031799,2.3370280265808105
-1.7496355175971985,-0.3996804356575012,-0.7851998805999756,0.8762997984886169,0.6040576100349426,2.4480299949645996
-6.054812416434288,-0.4430236220359802,-0.78718126937747,0.12605763971805573,0.5466690063476562,0.01646183803677559
-3.9500095397233963,-1.99425907433033,0.37567734718322754,0.01373271644115448,0.01373271644115448,3.166760206222534
-4.657931711291894,0.0038121119141578674,-0.0406489372253418,0.0015603045467287302,0.008237605914473534,3.7409305572509766
-5.225075841881335,0.002898675622418523,-0.3329136371612549,0.0008467426523566246,0.005263289902359247,2.753521680831909
-5.965778887271881,-0.7003430966287851,1.0164883136749268,0.06778424978256226,0.020555591210722923,4.79578971862793
-5.729062697850168,-0.5344182215631008,0.25630664825439453,0.004174091853201389,0.01763344183564186,3.420436143875122
0.5932564735412598,-0.78200763463974,-0.20249652862548828,3.7203073501586914,0.6361092925071716,2.4130406379699707
-3.172062873840332,-0.8808327913284302,-0.06716394424438477,4.13201904296875,1.137649655342102,2.827706813812256
-5.261263370513916,-0.4853692054748535,-0.20277976989746094,5.894789218902588,1.7302637100219727,2.3821749687194824
-3.787147045135498,-2.4361261129379272,-0.25305914878845215,1.7860064506530762,1.7359453439712524,2.4077067375183105
-3.0594868659973145,-2.341984510421753,-0.2671520709991455,4.139915466308594,1.9689171314239502,2.8933424949645996
-7.751870393753052,-1.8198957443237305,-0.19863414764404297,2.418541669845581,2.0197908878326416,2.3724355697631836
-2.0673913955688477,-1.4820268154144287,-0.13663911819458008,3.3930540084838867,2.129324197769165,2.5031495094299316
-4.64310896396637,-1.345949411392212,-0.1210704892873764,0.9277633428573608,2.040010690689087,0.04381260275840759
-3.496792707592249,-4.21086135879159,0.2681288719177246,0.061691608279943466,0.061691608279943466,3.068009853363037
-2.8684397330507636,-3.8849396370351315,0.02176809310913086,0.003027857281267643,0.03401545062661171,3.669955015182495
-5.26774843793828,-3.597021760419011,0.0651397705078125,0.0010570659069344401,0.022030172869563103,3.2539076805114746
-4.637278243899345,-3.35490270704031,-0.5923748016357422,0.1266220360994339,0.04931596666574478,4.73182487487793
-5.235962658189237,-3.1349515095353127,-0.503204345703125,0.00603839848190546,0.037960849702358246,4.802652359008789
-3.5014190673828125,-4.042322814464569,-0.4842264652252197,3.204782485961914,0.5631726384162903,2.4734761714935303
-2.722823143005371,-2.4246047139167786,-0.45124220848083496,2.0543742179870605,0.7853350043296814,2.487854242324829
-4.355799376964569,-1.9708187580108643,-0.42765573784708977,0.9213894009590149,0.7962498664855957,0.041039276868104935
-2.191611297428608,-3.2048497274518013,0.27168726921081543,0.05842088907957077,0.05842088907957077,3.1373131275177
-6.576620454201475,-2.6778438463807106,-0.08006882667541504,0.002534037223085761,0.029463253915309906,3.8622448444366455
-4.013772240257822,-2.2996510323137045,-0.13874125480651855,0.0006773561472073197,0.023172253742814064,2.927959442138672
-5.651820093393326,-2.0855358503758907,0.7736411094665527,0.12716111540794373,0.04631510749459267,5.2020745277404785
-5.206410591257736,-1.8588865883648396,0.011512279510498047,0.0030296400655061007,0.0386669747531414,4.433309555053711
-1.911087989807129,-1.4255115985870361,-0.01704692840576172,6.0958251953125,1.0438697338104248,2.6287546157836914
-4.305288076400757,-1.3808481693267822,0.14648472517728806,1.1828787326812744,1.0636425018310547,0.2520870864391327
-6.114410128444433,-2.2431502006947994,-0.1470355987548828,0.04014996066689491,0.04014996066689491,2.7466883659362793
-9.972693894291297,-2.182894729077816,-0.09837150573730469,0.002836730098351836,0.02118227630853653,3.740222454071045
-2.381808243924752,-2.1242420682683587,-0.1636643409729004,0.0008006466086953878,0.013868807815015316,2.76631760597229
-3.933750629425049,-1.8006745278835297,-1.1840147972106934,1.1405587196350098,0.2963971197605133,3.9801669120788574
-4.602835443336517,-1.7908530235290527,-0.6444463729858398,0.0034925672225654125,0.2346961498260498,3.332028865814209
0.29254961013793945,-1.2079987525939941,-0.1642463207244873,3.6331095695495605,0.8029379844665527,2.580033779144287
-1.515042781829834,-0.7553865909576416,0.1296072006225586,4.293048858642578,1.3026516437530518,2.7358956336975098
-3.4731051921844482,-0.7382885217666626,0.14243364334106445,1.4498093128204346,1.3193222284317017,2.7219882011413574
-5.994034767150879,-0.6451141834259033,0.19955205917358398,2.453197479248047,1.4526901245117188,3.027012825012207
-5.337429165840149,-0.6941884756088257,0.21702146530151367,0.360254168510437,1.348699927330017,3.043076992034912
-6.237516403198242,-0.5532941818237305,0.24512004852294922,3.2250499725341797,1.517421007156372,2.9956021308898926
-1.0206859111785889,-0.6879633665084839,0.37774085998535156,2.6429901123046875,1.5933693647384644,3.1195425987243652
-3.349022626876831,-1.510852575302124,0.3075132966041565,2.9512593746185303,1.700225830078125,0.39372432231903076
-2.9424092024564743,-1.0369981974363327,-0.21207833290100098,0.06809265911579132,0.06809265911579132,2.822438955307007
-6.456626483006403,-0.9747985005378723,0.010175704956054688,0.002266816096380353,0.03222280740737915,3.7263617515563965
-4.697386668995023,-0.8958586677908897,0.15576791763305664,0.0007549058645963669,0.022132553160190582,2.9186573028564453
-4.084139823913574,-0.46985554695129395,0.031984806060791016,2.081663131713867,0.5350000858306885,4.1169657707214355
-3.9712216085754335,0.43101077200844884,-0.11166620254516602,0.005981283728033304,0.43393534421920776,4.691205024719238
1.7124476432800293,-1.962664008140564,-0.29323482513427734,7.694640159606934,1.64547860622406,2.627250909805298
-2.1590421199798584,-1.4050394296646118,-0.2953892722725868,2.3396503925323486,1.7393823862075806,0.03730710595846176
-4.6650615110993385,-1.5508259907364845,0.5582902431488037,0.09973951429128647,0.09973951429128647,3.335470676422119
-4.551907707937062,-1.3840092420578003,0.32548952102661133,0.006460021249949932,0.05706322193145752,3.902120590209961
-3.0374627324054018,-1.2631423212587833,0.21574068069458008,0.0009977606823667884,0.03330579027533531,2.773829698562622
-5.2833027094602585,-1.182220421731472,-0.6850605010986328,0.1958833485841751,0.07444516569375992,4.337191581726074
-3.4647931437939405,-1.074198104441166,-0.12847661972045898,0.0040965694934129715,0.06038524955511093,4.507107734680176
-0.5356998443603516,-0.3023463487625122,-0.20192289352416992,6.584039688110352,1.1478394269943237,2.3227903842926025
0.5299127101898193,-0.03465533256530762,0.04697847366333008,4.296022415161133,1.5949108600616455,2.5274953842163086
0.7137737274169922,0.33146071434020996,0.2069253921508789,9.603778839111328,2.602403163909912,2.847102403640747
-4.078955054283142,0.19569826126098633,0.23197388648986816,0.8781663179397583,2.4183151721954346,2.643913507461548
-8.5194091796875,0.03574514389038086,0.47850465774536133,4.429155349731445,2.612037181854248,2.5955686569213867
-4.895880222320557,0.039205074310302734,0.27792882919311523,2.018394947052002,2.545365333557129,2.6363425254821777
-6.037969022989273,-0.05744457244873047,0.2904670685529709,0.30540427565574646,2.3566484451293945,0.38042688369750977
-4.753342486917973,-4.015521384775639,-0.1959986686706543,0.08662810176610947,0.08662810176610947,2.808119297027588
-6.984023458790034,-3.0367213748395443,-0.051261186599731445,0.002719991374760866,0.043514106422662735,3.6764678955078125
-5.098484064161312,-2.423616833984852,0.17972111701965332,0.0008744944934733212,0.03235321491956711,3.2005069255828857
-2.906512975692749,-1.7014780044555664,0.9492387771606445,2.122845411300659,0.5599584579467773,4.732817649841309
-4.629894825164229,-1.509825050830841,0.045739173889160156,0.0052036321721971035,0.42206281423568726,4.192516326904297
-9.84811806678772,-1.8007851243019104,-0.06885814666748047,3.1752002239227295,0.870762050151825,2.3771188259124756
-3.9302207231521606,-2.9624510407447815,-0.12499737739562988,1.7927902936935425,0.9707714915275574,2.6337497234344482
-5.57420688867569,-1.8037297129631042,-0.16152239590883255,0.6270784735679626,0.9045937657356262,0.09065752476453781
-4.687830425798893,,0.22616362571716309,0.06393959373235703,0.06393959373235703,2.953794479370117
-6.73962066299282,-8.65793213993311,0.056984663009643555,0.0034785496536642313,0.03140749782323837,3.7528107166290283
-4.050578057183884,-7.440667105838656,0.0327455997467041,0.0009127265075221658,0.021068142727017403,3.097113847732544
-4.513658344745636,-6.4572988748550415,-0.7356414794921875,0.369670569896698,0.10731446743011475,3.816821575164795
-3.781013281783089,-5.592711396515369,-0.21787118911743164,0.003850428620353341,0.08952241390943527,3.748020887374878
-1.1174595355987549,-4.61929178237915,-0.1501932144165039,3.8914148807525635,0.7274961471557617,2.6811065673828125
1.7733268737792969,-4.334853410720825,-0.1220594123005867,7.892397880554199,1.750251054763794,0.06438212841749191
-3.9781057089567184,-1.4595722407102585,0.18200254440307617,0.06723101437091827,0.06723101437091827,2.86519718170166
-6.68010501563549,-1.3676516264677048,0.08390498161315918,0.0035316497087478638,0.03401561081409454,3.867208480834961
-4.63869774795603,-1.2653364334255457,0.09842729568481445,0.0006970121758058667,0.02825959585607052,2.741708278656006
-5.994534552097321,-1.1812758669257164,1.0550358295440674,0.3928794264793396,0.11727116256952286,4.5003838539123535
-4.302548073930666,-1.1228592470288277,-0.08195757865905762,0.0024498470593243837,0.08084224909543991,3.3969788551330566
-1.7337923049926758,-0.17740023136138916,0.006486654281616211,8.199505805969238,1.4316831827163696,2.4278111457824707
-3.3539750576019287,-0.09059703350067139,9.298324584960938e-05,1.9163072109222412,1.4991365671157837,2.5708608627319336
-5.6360228061676025,-0.18237638473510742,0.23503021709620953,0.12665438652038574,1.338944911956787,0.25620192289352417
-3.9441253803670406,-1.1960873268544674,-0.4090232849121094,0.03315762057900429,0.03315762057900429,2.841198444366455
-7.462446469115093,-1.1421768497675657,0.06182122230529785,0.002135974122211337,0.0183271337300539,3.895608425140381
-4.97800180723425,-1.0705840485170484,-0.2200760841369629,0.0006521005416288972,0.012928138487040997,2.854384422302246
-3.5144752264022827,0.11520668864250183,-0.9265735149383545,1.4835091829299927,0.38007181882858276,3.326908826828003
-3.4720133398659527,0.14633122086524963,-0.1998605728149414,0.004305973183363676,0.2899802327156067,2.8493523597717285
1.026728630065918,-1.7507797479629517,-0.053751468658447266,9.629120826721191,1.848413109779358,3.0093541145324707
-2.639294385910034,-1.4726126194000244,0.05725574493408203,2.916571855545044,1.9990122318267822,2.743805408477783
-4.642149090766907,-1.1216857433319092,0.14758777618408203,0.9014939069747925,1.8666090965270996,2.933516025543213
0.3699803352355957,-1.0341131687164307,0.14794063568115234,5.021533012390137,2.2205750942230225,2.7632877826690674
-2.059617519378662,-0.9289031028747559,-0.028876304626464844,2.8316707611083984,2.2769854068756104,2.710125207901001
-2.7790422439575195,-0.8094511032104492,-0.14082741737365723,4.427140235900879,2.4696359634399414,2.782179832458496
-1.343162178993225,-0.6569383144378662,-0.11695694923400879,1.8514539003372192,2.418536424636841,2.7647078037261963
-0.9115033149719238,-0.8597047328948975,0.17360472679138184,3.736279010772705,2.516690492630005,2.777414083480835
-7.311400324106216,0.44609689712524414,0.24110889434814453,0.4069877564907074,2.36238169670105,2.899601697921753
-1.1910295486450195,0.23006510734558105,0.24863290786743164,3.29123592376709,2.4231603145599365,2.789175271987915
-1.395796298980713,0.34911680221557617,0.2713639736175537,2.670440196990967,2.445024251937866,2.7267870903015137
-4.092947959899902,-0.39272117614746094,0.20484137535095215,7.710687637329102,2.742105007171631,2.5142033100128174
-5.37859582901001,-0.46080684661865234,0.39574193954467773,3.865443706512451,2.8200995922088623,2.7625858783721924
-2.1902966499328613,-0.4173264503479004,0.4581797122955322,3.4843363761901855,2.8428688049316406,3.303485870361328
-3.489530086517334,-0.4172248840332031,0.4926375150680542,3.041782855987549,2.8601372241973877,0.5903222560882568
-6.633572492748499,-1.0553436614573002,-0.16487741470336914,0.0376792810857296,0.0376792810857296,2.6912131309509277
-5.283414433011785,-0.7071446496993303,-0.13913226127624512,0.002468516817316413,0.01981857232749462,3.6951522827148438
-5.125027526868507,-0.5277967443689704,0.02032637596130371,0.0008331642020493746,0.01368653867393732,2.9503233432769775
-1.5456795692443848,0.2165595293045044,1.3378911018371582,2.9289960861206055,0.743311882019043,4.028351783752441
-4.338166018947959,0.15877580642700195,0.1928706169128418,0.008587101474404335,0.5989772081375122,4.835072994232178
-1.4377145767211914,0.546046257019043,0.1181938648223877,5.271441459655762,1.3703688383102417,2.4721908569335938
-2.9212024211883545,0.49568361043930054,0.12211775779724121,0.5328600406646729,1.2526849508285522,2.8047432899475098
-6.439539419487119,0.3909464478492737,0.37561612389981747,0.03077651374042034,1.0963571071624756,0.38848596811294556
-4.627095302566886,-3.9315043296664953,-0.6106009483337402,0.016111770644783974,0.016111770644783974,2.8787522315979004
-7.342547610518523,-3.2841193471103907,-0.11582350730895996,0.001929566147737205,0.008279344066977501,3.7659270763397217
-5.639503567595966,-2.822889148257673,-0.4391212463378906,0.0008086272282525897,0.00490731094032526,2.838330030441284
-4.246182203292847,-2.1184855103492737,-1.1000657081604004,1.7406961917877197,0.4392034411430359,3.490072727203369
-3.3175229453481734,0.29767950950190425,0.015375852584838867,0.006940660532563925,0.3002256751060486,3.2718863487243652
1.443690299987793,-1.7238764762878418,0.2551615238189697,8.094489097595215,1.6002922058105469,2.624135732650757
-0.2839474678039551,-2.7789647579193115,0.1741943359375,7.0389556884765625,2.3600261211395264,2.2441582679748535
-4.083976149559021,-2.3317501544952393,0.1369396448135376,1.1403976678848267,2.239978551864624,0.3984604477882385
-5.720246905460954,-3.811596507206559,-0.04639434814453125,0.014821415767073631,0.014821415767073631,2.783165454864502
-7.880155740887858,-3.1820674468763173,-0.09739160537719727,0.0015037668636068702,0.007371373008936644,3.8056437969207764
-4.661207854340319,-2.7284059575758874,-0.14100027084350586,0.0005972985527478158,0.005564684513956308,2.958923578262329
-4.907334208488464,-1.2626944184303284,0.9897069931030273,1.6177045106887817,0.40832048654556274,3.49055814743042
-1.3391486357431859,-0.45894014835357666,0.0270843505859375,0.0036176491994410753,0.37791889905929565,3.1247825622558594
-4.272623777389526,-2.0523261427879333,0.018082380294799805,3.500408887863159,0.8884440064430237,2.5682878494262695
-2.315145969390869,-1.6548322439193726,0.049793437123298645,2.9915270805358887,1.1938639879226685,0.12791293859481812
-5.572756430134177,-0.0678300391882658,-0.14683294296264648,0.01030764915049076,0.01030764915049076,2.888054132461548
-4.751805416424759,-0.035654778592288494,-0.1264786720275879,0.0019482456846162677,0.006204397417604923,3.7677619457244873
-6.65619927510852,-0.023942946922034025,-0.14292383193969727,0.0009118927991949022,0.004403798375278711,2.9163239002227783
-3.756379187107086,-0.00161665678024292,-1.026064157485962,0.5244202017784119,0.13403557240962982,3.947158098220825
-4.524506174959242,-0.010393403470516205,-0.2564067840576172,0.005086339078843594,0.10106406360864639,3.501418352127075
-0.6390280723571777,0.04960012435913086,0.3561105728149414,6.173689842224121,1.0948172807693481,2.9386115074157715
-2.8020565509796143,0.08070588111877441,0.23289752006530762,2.7453935146331787,1.3391715288162231,2.804652690887451
-2.967423915863037,-0.019760966300964355,0.49933505058288574,2.905026912689209,1.5319173336029053,3.1812126636505127
-3.872421979904175,-0.19819176197052002,0.39572620391845703,1.5286791324615479,1.5353761911392212,3.1636300086975098
-0.8356876373291016,-1.6358466148376465,0.3175034523010254,6.715965270996094,2.049522876739502,2.923811435699463
-5.964443325996399,-0.7575211524963379,0.31841135025024414,0.44575345516204834,1.9005978107452393,3.1825389862060547
-7.564890265464783,-1.0571752786636353,0.2241504192352295,1.69222891330719,1.9028693437576294,2.764481782913208
-4.842941761016846,-0.8441914319992065,0.14027667045593262,1.1747016906738281,1.8562670946121216,2.7635715007781982
-3.538135051727295,-1.0795152187347412,0.1114957332611084,7.062729358673096,2.2143118381500244,3.4357476234436035
-2.148919105529785,-1.0050032138824463,0.02373051643371582,2.9043025970458984,2.2603046894073486,2.382222890853882
0.05238008499145508,0.23312091827392578,0.01997065544128418,2.6667816638946533,2.2844860553741455,2.501077890396118
1.7822673320770264,0.04624366760253906,0.14615869522094727,5.649136066436768,2.488743305206299,3.438408374786377
-5.110844269394875,0.7527940273284912,0.10944890975952148,0.06657586991786957,2.3723552227020264,2.602123737335205
-2.4844510555267334,0.8071963787078857,0.0455927848815918,1.675386667251587,2.3089802265167236,2.6442556381225586
-0.45282435417175293,0.4174853563308716,-0.0117034912109375,3.520082950592041,2.3543593883514404,2.592930793762207
-1.390946388244629,0.3776226043701172,0.03151392936706543,2.9507761001586914,2.390582799911499,2.650132894515991
-0.11092948913574219,-0.29202747344970703,0.25238037109375,9.733688354492188,2.717339277267456,3.018253803253174
-3.3334455490112305,-0.16181516647338867,0.19146037101745605,1.9691519737243652,2.6890523433685303,3.306708812713623
-2.023139238357544,-0.15404486656188965,0.2216343879699707,2.920372724533081,2.706195116043091,3.277414321899414
-1.238804817199707,-0.2776501178741455,0.14994359016418457,5.361016273498535,2.818586826324463,3.096295118331909
-5.80604362487793,-0.1669468879699707,0.2162032127380371,3.474081039428711,2.8533501625061035,3.1289048194885254
-6.504176557064056,-0.05924797058105469,0.13811731338500977,0.2646175026893616,2.7268123626708984,2.979029655456543
-1.138674259185791,-0.01878046989440918,0.22262072563171387,2.55135440826416,2.7106566429138184,2.2892558574676514
-2.4592738151550293,0.0809636116027832,0.20824170112609863,2.9148974418640137,2.7250308990478516,2.8798599243164062
0.04332923889160156,-1.0291483402252197,0.010030031204223633,5.447353363037109,2.8217265605926514,2.7446231842041016
-8.468710333108902,-0.05092215538024902,0.08466339111328125,0.3485132157802582,2.752938747406006,2.6801958084106445
-7.041478097438812,0.4165933132171631,0.09864401817321777,0.9707985520362854,2.694973945617676,3.1370458602905273
-1.982367992401123,-0.19357848167419434,-0.02258443832397461,5.117807865142822,2.768536329269409,2.5602774620056152
-3.786709785461426,-0.8288917541503906,-0.023261308670043945,8.392853736877441,2.9297351837158203,2.519418478012085
-3.4788808822631836,-1.1567583084106445,0.00777435302734375,8.017146110534668,3.0783591270446777,3.0417306423187256
-3.691416323184967,2.679816335439682,0.08934783935546875,0.27628082036972046,3.000037670135498,3.164198875427246
-4.796261787414551,1.8023788928985596,-0.01696324348449707,2.003641128540039,2.971773624420166,2.8401436805725098
-4.617581248283386,1.7777897119522095,-0.018120527267456055,0.9715129137039185,2.924517869949341,2.3385913372039795
-1.7822611331939697,1.592164158821106,-0.01622462272644043,1.392352819442749,2.892191171646118,2.5683553218841553
-5.909191288053989,1.7599434852600098,0.028415292501449585,0.09346183389425278,2.8309221267700195,0.3111451268196106
-4.171298811212182,-2.220711061730981,-0.002544403076171875,0.01866643689572811,0.01866643689572811,2.602735996246338
-6.206536862067878,-2.0540989954024553,-0.00468897819519043,0.0036443741992115974,0.012506095692515373,3.8496994972229004
-5.312234293436632,-1.9089243477210402,-0.0839087963104248,0.000858415151014924,0.00808762852102518,2.7484912872314453
-2.5122036933898926,-1.488702654838562,0.44907355308532715,1.4208528995513916,0.3600045442581177,3.087008476257324
-4.128796169068664,-1.454473465681076,-0.0057315826416015625,0.004694393370300531,0.30901530385017395,2.8253979682922363
0.8783602714538574,-0.7294379472732544,-0.22773122787475586,4.8078813552856445,1.090497374534607,2.4601523876190186
-3.1527411937713623,-0.5414150953292847,-0.19643282890319824,3.0368988513946533,1.3398698568344116,2.442833662033081
-3.092802047729492,-0.43114960193634033,-0.24202745407819748,2.3722429275512695,1.4577531814575195,0.04128522425889969
-3.8605942707508802,-3.6607041340321302,0.27970361709594727,0.02051854319870472,0.02051854319870472,3.1396915912628174
-7.198522343998775,-3.21375847235322,0.10628771781921387,0.0022432657424360514,0.012583252042531967,3.8533668518066406
-5.3496407404891215,0.006947894988115877,-0.16390132904052734,0.0007096394547261298,0.007658844813704491,2.7980523109436035
-6.349029093980789,-0.10879825800657272,0.8935360908508301,0.23520705103874207,0.06428845971822739,4.058396339416504
-7.105227532796562,-0.04796925187110901,0.13841629028320312,0.007515844888985157,0.07086370140314102,4.321599006652832
-2.2428455352783203,-1.141837477684021,-0.3145895004272461,5.638885498046875,1.0008679628372192,2.281135082244873
-4.7927772998809814,-1.0581544637680054,-0.28804153949022293,1.0789716243743896,1.0193880796432495,0.10392238944768906
-2.5208163671195507,-2.5655124597251415,0.17925000190734863,0.011474329978227615,0.011474329978227615,2.9015135765075684
-4.0297933362890035,-1.9234418151900172,0.07631945610046387,0.0024704195093363523,0.006930065341293812,3.8921256065368652
-6.650906851515174,-1.5116852656938136,-0.1900172233581543,0.0007597897201776505,0.004904971923679113,2.7875027656555176
-9.01785609126091,-1.3742815107107162,1.0422649383544922,0.48935559391975403,0.12618185579776764,4.16995906829834
-6.539485921151936,-1.1767073050141335,-0.031282663345336914,0.008569727651774883,0.10383614152669907,3.2371723651885986
-1.9032549858093262,-0.9959217011928558,0.11740756034851074,2.4135913848876953,0.48856332898139954,2.4143059253692627
3.063859462738037,-0.5911825895309448,0.10630941390991211,8.19583797454834,1.5934118032455444,1.957780122756958
-3.479734420776367,-0.6289865970611572,0.1198103204369545,2.936717987060547,1.7832963466644287,0.17340166866779327
-5.410234197974205,-2.305655464529991,0.028907060623168945,0.048840299248695374,0.048840299248695374,2.8398783206939697
-3.040550037752837,-2.2210162486881018,0.11585044860839844,0.00356502877548337,0.023187795653939247,3.7555408477783203
-6.760118727805093,-2.119921710342169,-0.19575881958007812,0.000851387856528163,0.016353342682123184,2.5063209533691406
-3.6196234226226807,-1.7891374230384827,-1.185163974761963,0.9810421466827393,0.2581450343132019,3.120718479156494
-4.776919307652861,0.20863777049817145,-0.08584237098693848,0.004485664423555136,0.2111130654811859,3.1321394443511963
-2.8300485610961914,-1.8498409986495972,-0.020824432373046875,7.581435203552246,1.4394530057907104,2.238893985748291
-5.452958047389984,-1.5068559646606445,-0.1015588641166687,0.6989336609840393,1.366440773010254,0.31441187858581543
-4.570619514212012,-2.095999648794532,0.0751187801361084,0.022210190072655678,0.022210190072655678,2.804676055908203
-8.010286634089425,-1.8612982733175159,0.15846824645996094,0.0022122215013951063,0.012582351453602314,3.8286144733428955
-5.631841334630735,0.007735704712104052,-0.20315027236938477,0.0008834273321554065,0.008388281799852848,2.835933208465576
-6.200950026512146,0.13631772994995117,0.830686092376709,1.6149526834487915,0.4099867641925812,4.021195888519287
-6.753340052906424,0.1345735788345337,0.04252147674560547,0.005240631755441427,0.3243831396102905,2.8953359127044678
2.1022844314575195,-0.8774921894073486,0.027373313903808594,11.79653549194336,2.231613874435425,2.731147289276123
-0.9284493923187256,-0.6663453578948975,-0.048650503158569336,3.9048802852630615,2.4786908626556396,2.4553935527801514
2.03792667388916,-0.8137011528015137,0.03153586387634277,8.957674026489258,3.2932991981506348,1.8959888219833374
-1.0397443771362305,-0.6745438575744629,-0.020249128341674805,4.014615058898926,3.362483024597168,2.239501476287842
-0.6249418258666992,-0.7389559745788574,0.06899023056030273,8.588778495788574,3.88023042678833,2.672130823135376
-7.343435287475586,-0.8230381011962891,0.008611798286437988,5.387706756591797,4.0306172370910645,1.9807765483856201
-4.623806953430176,-0.8607916831970215,-0.00906383991241455,1.907496452331543,3.841456413269043,0.08339355885982513
-4.930876731872559,-2.5155274868011475,0.12952804565429688,0.0536189079284668,0.0536189079284668,3.045640468597412
-5.535969328135252,-2.018032608553767,0.02667832374572754,0.0031093843281269073,0.02835911698639393,3.8347995281219482
-3.836262580472976,-1.6924770418554544,0.004026651382446289,0.0008417400531470776,0.018027132377028465,3.1607024669647217
-8.075739175081253,-1.441506415605545,-0.48905420303344727,0.36026546359062195,0.10324952006340027,3.072089672088623
-5.6343418741598725,-1.26237253844738,-0.36978650093078613,0.008967719040811062,0.08849318325519562,3.4785072803497314
-2.1271438598632812,-1.0540292263031006,-0.10190844535827637,6.35943603515625,1.1318638324737549,2.406346559524536
-3.574223518371582,-0.8606934547424316,-0.12381887435913086,2.867607593536377,1.370384931564331,0.1845780909061432
-3.422969736158848,-1.4881939068436623,0.05544877052307129,0.04340418428182602,0.04340418428182602,2.901654005050659
-6.473803643370047,-1.002393651753664,0.05449676513671875,0.0021294315811246634,0.021139811724424362,3.9374117851257324
-5.362354198528919,-0.7750599570572376,-0.09409713745117188,0.0005627478822134435,0.015721958130598068,2.8307480812072754
-4.251080095767975,-0.6465358883142471,0.8569660186767578,0.6750501990318298,0.17969165742397308,3.3667519092559814
-2.6040637311525643,-0.491717204451561,0.2540745735168457,0.00731279281899333,0.15721412003040314,3.7685532569885254
-4.739375114440918,-1.1451059579849243,-0.044866323471069336,6.1217546463012695,1.1505802869796753,2.51501202583313
-4.6181159019470215,-1.3022034168243408,-0.07511835917830467,1.702136516571045,1.2241907119750977,0.042726900428533554
-2.139576956629753,-3.421103283762932,0.1864466667175293,0.07465691864490509,0.07465691864490509,3.0986456871032715
-4.35112993279472,-3.171990506350994,0.06285667419433594,0.0022559924982488155,0.033485062420368195,3.7742133140563965
-3.2650807752506807,-2.9264130536466837,0.5731253623962402,0.0010596857173368335,0.02115488611161709,3.6446785926818848
-5.484646327793598,-2.7430841997265816,-1.3186862468719482,0.11058758944272995,0.04561256617307663,3.1049435138702393
-3.783739852719009,-2.576061215251684,-0.17323946952819824,0.00586171168833971,0.026934895664453506,3.1804909706115723
0.37506103515625,-1.2322583198547363,0.3647332191467285,10.694934844970703,1.8074250221252441,2.802243232727051
0.8123276233673096,-0.9832799434661865,0.03577899932861328,3.556642532348633,2.063603401184082,2.6573195457458496
-5.622804969549179,-1.0851683616638184,-0.11838430166244507,0.12778154015541077,1.8222320079803467,0.18090268969535828
-6.525627452880144,-0.2445896454155445,0.1289997100830078,0.023329418152570724,0.023329418152570724,2.7953996658325195
-6.57312600244768,-0.1395501997321844,0.010370016098022461,0.002599552972242236,0.013212600722908974,3.8486008644104004
-4.162975553190336,-0.09407024551182985,-0.04560995101928711,0.000695463502779603,0.009028675965964794,2.8674161434173584
-5.28857809305191,-0.13239146769046783,0.605412483215332,0.8294329047203064,0.21359698474407196,4.327336311340332
-5.414122345857322,-0.10019060969352722,-0.15415191650390625,0.008260962553322315,0.16721078753471375,2.8319344520568848
-1.4567785263061523,-0.49623364210128784,-0.20951390266418457,3.869295120239258,0.7612606883049011,2.119581699371338
0.3059730529785156,-0.4820597171783447,-0.04400944709777832,5.836865425109863,1.4644523859024048,2.454105854034424
-0.8169026374816895,-0.5439250469207764,-0.05672764778137207,3.4577770233154297,1.7251949310302734,1.794495940208435
-2.3034732341766357,0.27028751373291016,0.004842281341552734,2.033740282058716,1.7508882284164429,2.273078203201294
-2.102409839630127,-0.6269766092300415,0.1141815185546875,3.726119041442871,1.940447449684143,2.527076244354248
-4.162580966949463,-0.5157639980316162,0.06710756942629814,0.9449977874755859,1.8573036193847656,0.11427720636129379
-2.9654885046184063,-4.235405039042234,-0.16174697875976562,0.022740770131349564,0.022740770131349564,3.0134973526000977
-4.0843287175521255,-3.5546811129897833,0.04651451110839844,0.0016593271866440773,0.011594722047448158,3.871593952178955
-5.871491767116822,-3.032687332481146,-0.09291338920593262,0.0006567466771230102,0.008334014564752579,2.96944260597229
-5.898918002843857,-2.605221249163151,-0.84195876121521,0.3478004038333893,0.09302809089422226,2.664264440536499
-6.70709068980068,0.08002080116420984,-0.38414812088012695,0.008168385364115238,0.08258646726608276,2.9246959686279297
-6.052007436752319,-0.9172494411468506,-0.47197628021240234,1.8987767696380615,0.3869290351867676,2.3773789405822754
-1.9322168827056885,-0.7837563753128052,-0.47293758392333984,1.9444677829742432,0.610071063041687,2.3491339683532715
-4.643560945987701,-0.9279659986495972,-0.628510344773531,0.6345047354698181,0.6136161088943481,0.050128769129514694
-3.677188554778695,-1.9744524154812098,0.20024585723876953,0.026631435379385948,0.026631435379385948,3.086449146270752
-4.115708467666991,-1.6467074044048786,0.018495798110961914,0.0019511011196300387,0.014279138296842575,3.858452558517456
-5.7624174864031374,-1.420032168738544,-0.16408562660217285,0.0005830018781125546,0.009647821076214314,2.941335439682007
-5.719277694821358,-1.3348281346261501,0.27562785148620605,0.18765656650066376,0.053861383348703384,4.219881057739258
-6.337164960801601,-1.1993294954299927,0.17301011085510254,0.006047166883945465,0.04110848903656006,3.1769230365753174
-0.41907596588134766,-0.39153289794921875,-0.040701866149902344,10.391666412353516,1.768073558807373,3.2153029441833496
-14.903229549527168,-0.5125943422317505,-0.1459522247314453,0.0913030356168747,1.5269252061843872,2.4160709381103516
-8.571641623973846,-0.5172855854034424,-0.15923333168029785,0.3749850392341614,1.3887512683868408,2.1321401596069336
-0.9523978233337402,-0.5078359842300415,-0.03403353691101074,2.424421787261963,1.4919177293777466,2.113307476043701
-5.188758879899979,-0.6658432483673096,0.015284013003110886,0.3837094008922577,1.377427101135254,0.06303726881742477
-2.906590450555086,-2.0054380781948566,0.10495615005493164,0.051617395132780075,0.051617395132780075,3.1407008171081543
-4.219427949981764,-1.6157763488590717,0.047657012939453125,0.00218593399040401,0.02739400789141655,3.7251181602478027
-6.381229340215214,-1.3501183539628983,0.09062433242797852,0.0010347970528528094,0.020190879702568054,3.169795274734497
-5.857741296291351,-1.1611115336418152,-0.9167129993438721,0.24633651971817017,0.08095771074295044,3.6202189922332764
-4.345105445943773,-1.0304965786635876,-0.05280351638793945,0.0064580077305436134,0.059882063418626785,3.2786288261413574
-1.017991542816162,-0.6327200531959534,0.0167233943939209,4.486726760864258,0.7924830317497253,2.604518175125122
-2.933461904525757,-0.6968026757240295,0.1203327476978302,2.038065195083618,0.9713901877403259,0.25710952281951904
-3.858926013112068,-3.323889210820198,-0.07027173042297363,0.0255918949842453,0.0255918949842453,2.749582290649414
-5.599573788233101,-3.142778567969799,0.03703165054321289,0.0021541742607951164,0.015144415199756622,3.8298401832580566
-6.052077261032537,-2.979919926263392,0.14955520629882812,0.0006418551784008741,0.010519488714635372,3.005760669708252
-3.6830426454544067,-2.5783659517765045,0.8471617698669434,1.271109938621521,0.32581862807273865,5.050718784332275
-6.1764068473130465,-2.5225046575069427,-0.009572982788085938,0.006468785926699638,0.2485615313053131,4.330410957336426
-8.35563611984253,-2.4158170223236084,-0.3919847011566162,3.0533652305603027,0.7263994216918945,2.4881374835968018
0.0035943984985351562,-1.8574728965759277,-0.3084752559661865,4.583501815795898,1.2941780090332031,2.410737991333008
-1.328115463256836,-1.1022329330444336,-0.14217066764831543,9.111629486083984,2.254913091659546,2.3362090587615967
-0.30834102630615234,-0.8959331512451172,-0.19851422309875488,3.8478779792785645,2.4139716625213623,2.2774910926818848
-1.484853744506836,-0.7976443767547607,-0.238033976405859,4.003420829772949,2.5583064556121826,0.04488808289170265
-6.909757286310196,-1.5014798939228058,0.3054990768432617,0.05447801947593689,0.05447801947593689,3.2118866443634033
-7.609972364618443,-1.4259648583829403,-0.01215505599975586,0.0017639329889789224,0.029497001320123672,3.7099385261535645
-5.678265732829459,-1.3452442958950996,0.04660153388977051,0.0011294659925624728,0.021051399409770966,3.070250988006592
-6.114151477813721,-1.2382348328828812,-0.5786499977111816,0.2034468650817871,0.06704263389110565,4.564852237701416
-5.680116451811045,-1.1835830733180046,-0.10380029678344727,0.0076534380204975605,0.052791185677051544,4.675167560577393
-8.10403823852539,-1.06909841299057,0.48409581184387207,4.883161544799805,0.8605461716651917,3.0607247352600098
1.9788284301757812,0.13251805305480957,-0.24847126007080078,12.352078437805176,2.48850679397583,2.0344178676605225
-3.0913679599761963,-0.010748624801635742,-0.2602362632751465,1.0276105403900146,2.2995588779449463,2.0693764686584473
-3.298373222351074,0.43631720542907715,-0.15331745147705078,8.218903541564941,2.957937479019165,2.261481523513794
-3.6093682050704956,0.25511956214904785,-0.0641942024230957,0.46809685230255127,2.695040225982666,2.1181559562683105
-6.205359190702438,0.10801863670349121,-0.20305277407169342,0.24600818753242493,2.471179246902466,0.15570496022701263
-1.7188863307237625,0.1144921537488699,0.14979243278503418,0.1237221211194992,0.1237221211194992,2.842804431915283
-3.2511687986552715,0.05153535585850477,0.03524661064147949,0.004407335072755814,0.05744510889053345,3.9259674549102783
-5.238114455190953,0.03780915355309844,-0.02892327308654785,0.0006593675934709609,0.04220028594136238,2.901322841644287
-4.989738345146179,-0.11078846454620361,0.7509398460388184,0.5261441469192505,0.15963628888130188,3.5544495582580566
-5.074279236840084,-0.07341030240058899,-0.03302741050720215,0.003632140113040805,0.15276989340782166,2.5062949657440186
-1.4601316452026367,-0.2659817934036255,0.17186546325683594,5.184512615203857,0.9827148914337158,2.3100266456604004
-1.0643157958984375,-0.5545055866241455,0.04641914367675781,9.647727012634277,2.2115893363952637,2.092900514602661
-4.7469857931137085,-0.6980533599853516,-0.029942989349365234,1.4116007089614868,2.1188344955444336,2.520632028579712
-3.7523937225341797,-0.7773239612579346,-0.00047206878662109375,2.7964248657226562,2.192786455154419,2.84334135055542
-4.444798469543457,-1.3147602081298828,0.05442166328430176,4.345505714416504,2.4113755226135254,2.199791669845581
-1.9735064506530762,-0.5630946159362793,0.05239701271057129,2.052837371826172,2.384287118911743,2.3223578929901123
-0.6363406181335449,-0.4759833812713623,0.045328378677368164,3.212010383605957,2.447638511657715,2.491419553756714
-4.621583938598633,-0.42590761184692383,0.028341293334960938,3.6161298751831055,2.5406477451324463,2.742375135421753
0.31363916397094727,-0.4494922161102295,0.02765476703643799,4.830740928649902,2.7073402404785156,0.2325022965669632
-6.030510812997818,-1.0178020298480988,-0.0209195613861084,0.40452584624290466,0.40452584624290466,2.706418514251709
-2.467920320108533,-1.1019936203956604,-0.02701711654663086,0.009944183751940727,0.24712830781936646,3.612480640411377
-6.116167664993554,-1.0978014916181564,-0.12056279182434082,0.000976919662207365,0.18455632030963898,2.7787890434265137
-5.597469329833984,-0.9961716532707214,-0.2326972484588623,0.7439775466918945,0.3006736636161804,3.201514482498169
-4.218188256956637,-1.0053086578845978,-0.4083833694458008,0.003115682862699032,0.23680004477500916,4.21272611618042
-2.7467079162597656,-0.31432485580444336,-0.4044535160064697,5.250699996948242,1.0699526071548462,2.2511866092681885
-1.8280662298202515,-0.2576981782913208,-0.2883772850036621,1.4427648782730103,1.101540207862854,2.384122610092163
-6.21812029927969,-0.3325158953666687,-0.28241952508687973,0.053678788244724274,0.9899936318397522,0.052239544689655304
-3.5054562650620937,-3.351834114640951,0.22428274154663086,0.014139119535684586,0.014139119535684586,3.028810977935791
-7.500941838603467,-3.2865999843925238,0.048522233963012695,0.0018724543042480946,0.007851967588067055,3.9168930053710938
-4.439275876793545,-3.2115519735962152,-0.08109068870544434,0.000713213172275573,0.0061377789825201035,2.905754566192627
-5.186247155070305,-3.106403812766075,0.749384880065918,0.20470400154590607,0.05578424036502838,4.45131778717041
-6.056763983797282,-3.0511163845658302,-0.04770374298095703,0.003677987027913332,0.04602273553609848,2.7655844688415527
-1.5348892211914062,-2.243642807006836,-0.012783288955688477,6.084239959716797,1.0452697277069092,2.6889939308166504
0.6735963821411133,-1.3629674911499023,0.03821301460266113,7.9773454666137695,2.0151307582855225,2.2440648078918457
-2.038145065307617,-1.297023057937622,-0.003270864486694336,2.2960171699523926,2.057697057723999,2.4619252681732178
-4.169032335281372,-1.3024249076843262,-0.03628420829772949,1.5859410762786865,2.0134246349334717,2.557741165161133
4.4721832275390625,-0.6650934219360352,0.0028693675994873047,9.316951751708984,2.7702221870422363,2.5239341259002686
-7.350008308887482,-0.7945213317871094,0.016541004180908203,0.6738755106925964,2.578287363052368,2.460981845855713
-3.353829264640808,-0.8340654373168945,0.03491830825805664,1.5835400819778442,2.499573230743408,2.422656774520874
-2.3930935859680176,-0.8501377105712891,-0.01502680778503418,1.531336784362793,2.4439809322357178,2.4649012088775635
-3.3286733627319336,-0.6299548149108887,0.0007753372192382812,6.96881103515625,2.7521724700927734,2.506375789642334
-3.4593236446380615,-0.7059974670410156,0.03787875175476074,1.5414817333221436,2.6641039848327637,2.1551594734191895
-5.441682696342468,-0.73781418800354,0.06066393852233887,1.6073962450027466,2.6057636737823486,2.1350314617156982
-3.309037685394287,-0.31026721000671387,0.039794206619262695,6.274237155914307,2.8261730670928955,2.030609369277954
1.615346908569336,-2.6654176712036133,-0.023015975952148438,9.689271926879883,3.203000068664551,2.325035810470581
-0.2690095901489258,-2.6355302333831787,-0.0304105281829834,6.748310089111328,3.3964121341705322,2.952040195465088
-11.128682613372803,-2.3151936531066895,-0.02648162841796875,2.6312804222106934,3.356513500213623,2.621391773223877
-3.7025246620178223,-2.069631338119507,0.03189884126186371,3.3839821815490723,3.3630788326263428,0.12586095929145813
-5.168682381510735,-2.002796694636345,-0.09458136558532715,0.23307295143604279,0.23307295143604279,2.7649762630462646
-7.873046895489097,-2.0278918892145157,0.07802462577819824,0.011707762256264687,0.10900472104549408,3.7855827808380127
-5.0275894171209075,-1.9640307649970055,-0.03171396255493164,0.0008176797418855131,0.0772835984826088,3.078704833984375
-6.397119969129562,-1.8238019347190857,-0.6536245346069336,0.458647757768631,0.17037349939346313,2.7985081672668457
-6.127658350393176,-1.7998329401016235,-0.5582075119018555,0.0024819541722536087,0.1145925521850586,3.1376702785491943
-3.231065273284912,-1.0225197076797485,-0.21661162376403809,5.885589122772217,1.0872358083724976,2.5158851146698
-4.606052756309509,-1.0132548809051514,-0.23333740234375,1.0818792581558228,1.0848701000213623,2.446930408477783
-4.184966072440147,-1.0647726655006409,-0.26799748837947845,0.16469575464725494,0.974481999874115,0.16176338493824005
-4.0516295582056046,-0.17947500944137573,0.16285943984985352,0.03130672872066498,0.03130672872066498,2.7322351932525635
-6.254206796642393,-0.12112613022327423,0.08232450485229492,0.0028942623175680637,0.016330093145370483,3.7585208415985107
-3.0075151475612074,-0.08732821326702833,-0.007445335388183594,0.0006227937992662191,0.012391326017677784,2.797943592071533
-4.921928703784943,-0.027266427874565125,0.08574485778808594,0.9604775309562683,0.249999538064003,4.132237911224365
-5.425090139033273,-0.06715847551822662,-0.09239792823791504,0.0034000228624790907,0.16878631711006165,2.879406213760376
-0.4342327117919922,-0.12898415327072144,-0.11925196647644043,4.045563697814941,0.8267004489898682,2.5317301750183105
-3.600277900695801,-0.07172548770904541,-0.11905010417103767,2.3430070877075195,1.0225203037261963,0.028912272304296494
-5.182448096573353,-2.380505032837391,0.3780965805053711,0.05848722904920578,0.05848722904920578,2.9746134281158447
-8.749047519173473,-2.0001043304800987,0.34851861000061035,0.0034511075355112553,0.03040323406457901,3.951887845993042
-4.269850565295201,-1.7255046144127846,0.3711683750152588,0.0007888542604632676,0.023664139211177826,3.137781858444214
-5.752509996294975,-1.5688576325774193,-0.662956953048706,0.1818905621767044,0.061238326132297516,2.5145792961120605
-4.311503847595304,0.040661599254235625,-0.01884317398071289,0.003073731902986765,0.04287822172045708,2.8277320861816406
-4.640854358673096,-1.8272674083709717,-0.010197877883911133,3.0432467460632324,0.5454022884368896,2.4190001487731934
-4.46946382522583,-1.1740241646766663,0.10125446319580078,0.5214357376098633,0.534039318561554,2.2476651668548584
-4.321299314498901,-1.4187868237495422,0.06987982988357544,2.0744640827178955,0.7285353541374207,0.23316910862922668
-4.549497749656439,-4.905853893607855,-0.06854939460754395,0.053009841591119766,0.053009841591119766,2.7408761978149414
-7.350996117806062,-3.696026237681508,-0.00560307502746582,0.002432722831144929,0.024605361744761467,3.786606550216675
-6.113658070738893,-2.951323009096086,-0.06257939338684082,0.0008457897347398102,0.015493654645979404,3.0137124061584473
-4.940253853797913,-2.1704903841018677,1.2135565280914307,1.5468887090682983,0.3999990224838257,3.8169169425964355
-4.202646281104535,-1.8030334115028381,-0.29216861724853516,0.004530404228717089,0.4128398299217224,3.1046643257141113
-0.49642372131347656,-1.6816658973693848,-0.07780313491821289,3.2258124351501465,0.8563599586486816,2.24235463142395
-6.476923793554306,-1.5098696947097778,-0.18923401832580566,0.3825141489505768,0.7999154329299927,2.1450324058532715
-2.3179190158843994,-1.353501796722412,-0.17635798454284668,2.9013302326202393,1.0336155891418457,2.2549023628234863
-5.635064363479614,-1.2548165321350098,-0.11384081840515137,1.5678355693817139,1.1082963943481445,2.6364855766296387
-4.994717597961426,-1.1785120964050293,-0.05435061454772949,3.3777360916137695,1.3189270496368408,2.2253615856170654
-1.2711906433105469,-0.9141597747802734,-0.045578956604003906,10.481959342956543,2.1543357372283936,2.323209285736084
-2.3259739875793457,-0.8585031032562256,-0.054238319396972656,4.240145206451416,2.3132452964782715,2.1511616706848145
-4.0227028131484985,-0.926872730255127,-0.018649965524673462,0.6583598852157593,2.165513277053833,0.04455210268497467
-4.043852997943759,-0.25714449398219585,0.12516045570373535,0.019664572551846504,0.019664572551846504,3.0902297496795654
-4.771321596810594,-0.1683310205116868,-0.05846405029296875,0.002416787436231971,0.012033126316964626,3.6608052253723145
-3.895873233792372,-0.1264987112954259,0.020292997360229492,0.0008970050839707255,0.008205804042518139,3.0347018241882324
-5.884485676884651,-0.2755327485501766,-1.3891448974609375,0.17887549102306366,0.05085194483399391,3.1539359092712402
-4.692774394992739,-0.22683138400316238,-0.4197969436645508,0.004995246883481741,0.04276197403669357,4.169430732727051
-2.3378262519836426,-0.371060311794281,-0.4835205078125,5.478577613830566,0.948782742023468,2.0640406608581543
-5.135005950927734,-0.004846096038818359,-0.38411664962768555,4.470172882080078,1.4537338018417358,2.0403528213500977
-4.529601573944092,-0.26181983947753906,-0.4237481653690338,1.326021671295166,1.425553321838379,0.0710410475730896
-6.5947142373770475,-0.13190059177577496,0.20322012901306152,0.01027815230190754,0.01027815230190754,2.9338183403015137
-4.500837916741148,-0.060366824734956026,0.08541297912597656,0.0018876844551414251,0.0058000157587230206,3.815847396850586
-4.641585683857556,-0.03770030057057738,-0.24526476860046387,0.0008169650682248175,0.0039492459036409855,2.8788459300994873
-6.769275009632111,-0.2517796903848648,1.1451466083526611,0.29764145612716675,0.07742233574390411,4.6331048011779785
-4.57890653796494,-0.18974332511425018,0.05678391456604004,0.0055837612599134445,0.06359793245792389,3.197442054748535
-1.0915963649749756,-0.1453877091407776,-0.006412982940673828,3.132505178451538,0.5717474818229675,2.61960506439209
-4.91521030664444,-0.12184655666351318,-0.03696632385253906,0.46809619665145874,0.5467379093170166,2.2929158210754395
-3.7223291397094727,-0.24187195301055908,-0.10230302810668945,4.775782585144043,1.074692726135254,2.3983702659606934
1.7394042015075684,0.05130958557128906,-0.030567407608032227,5.893397331237793,1.608109951019287,2.4216737747192383
-4.156539440155029,0.2922365665435791,-0.03933835029602051,1.6252236366271973,1.6113440990447998,2.4470248222351074
-3.206533908843994,-2.1372110843658447,-0.09127338230609894,2.8656821250915527,1.7282474040985107,0.07275785505771637
-5.682174829766154,-0.03325006179511547,0.2317655086517334,0.030835004523396492,0.030835004523396492,3.0428454875946045
-7.677380966255441,-0.01691260375082493,0.11900711059570312,0.002035690238699317,0.017381994053721428,3.8418335914611816
-3.5647377179120667,-0.012521571479737759,-0.12149977684020996,0.0007465674425475299,0.011616545729339123,2.9215056896209717
-6.065981060266495,-0.05828489363193512,-1.3154582977294922,0.3014543950557709,0.08503122627735138,3.5084176063537598
-4.6593810128979385,-0.05141924321651459,-0.13009119033813477,0.004947562236338854,0.06890073418617249,3.3717494010925293
-2.465454578399658,-0.3136805295944214,-0.4720432758331299,6.497470378875732,1.1434522867202759,2.2534241676330566
-4.518910765647888,-0.30992090702056885,-0.49413780122995377,1.3790785074234009,1.1798336505889893,0.04966386407613754
-5.082201614510268,-1.6849042321555316,0.24200057983398438,0.006210670340806246,0.006210670340806246,2.983642816543579
-5.627133761998266,-1.5911567425355315,0.08377623558044434,0.001908863428980112,0.004020788706839085,3.8941967487335205
-3.52658820518991,-1.5183499671984464,-0.3162555694580078,0.0008499585674144328,0.0030789754819124937,2.8639426231384277
-4.116745054721832,-1.5080916844308376,1.498246192932129,0.1979789137840271,0.05173230543732643,4.587308406829834
-6.304490300361067,-1.4563391134142876,-0.020941734313964844,0.0052717006765306,0.04409182816743851,2.845898151397705
-0.22037696838378906,-0.1118689775466919,-0.08428740501403809,10.632229804992676,1.8088229894638062,2.426060199737549
-3.5286929607391357,-0.152022123336792,-0.13129377365112305,1.601675271987915,1.7843674421310425,2.3295111656188965
-6.626126050949097,-0.18540751934051514,-0.16715621948242188,1.2216808795928955,1.7141834497451782,2.3230981826782227
-3.7370569705963135,-0.19552969932556152,-0.2404463067650795,1.448882818222046,1.6888762712478638,0.044870875775814056
-5.458135046064854,-0.460317887365818,0.3719172477722168,0.026324830949306488,0.026324830949306488,3.358814239501953
-9.083936782320961,-0.3181472225114703,-0.0038106441497802734,0.0011719746980816126,0.012855400331318378,3.7868220806121826
-7.023806266894098,-0.24729336146265268,-0.043942928314208984,0.0007627676823176444,0.009789279662072659,3.0524940490722656
-4.769650265574455,-0.4027120806276798,0.30879783630371094,0.12683553993701935,0.03886851295828819,3.4722418785095215
-5.5964620765298605,-0.3255312331020832,0.18620800971984863,0.004591161385178566,0.03740904852747917,3.982060194015503
-0.8584342002868652,-0.13244616985321045,-0.3557100296020508,7.0879669189453125,1.2138060331344604,2.311312198638916
-4.2454031109809875,0.2844442129135132,-0.2880537137389183,0.6824867129325867,1.1365480422973633,0.06669432669878006
-4.705032838508487,-2.0770182739943266,0.17905807495117188,0.016034113243222237,0.016034113243222237,3.004542827606201
-5.775221770396456,-2.0002451706677675,-0.0633552074432373,0.0013409203384071589,0.008104247972369194,3.8209030628204346
-4.369700546376407,-1.9354319372214377,-0.3105049133300781,0.0008400725200772285,0.006203313823789358,2.903003215789795
-5.442144691944122,-1.835086815059185,0.484163761138916,0.2759048342704773,0.07334793359041214,4.947571277618408
-2.5762074580416083,-1.7757632583379745,-0.11871767044067383,0.008943499065935612,0.06339599192142487,3.2314982414245605
-1.4438056945800781,-1.3605260848999023,-0.12610912322998047,2.6888108253479004,0.5008418560028076,2.554224729537964
-3.2430875301361084,-1.2186837792396545,-0.13633203506469727,1.5673696994781494,0.6586812138557434,2.330141305923462
-5.317893385887146,-1.1240668296813965,-0.07775473594665527,1.0270577669143677,0.708820104598999,2.2792482376098633
-1.8530347347259521,-0.845655083656311,-0.09386897087097168,3.5106279850006104,1.0101978778839111,2.159735918045044
-4.814070224761963,-0.44276952743530273,-0.051154136657714844,6.028806209564209,1.5099430084228516,2.068190813064575
-1.0176910161972046,-0.39222848415374756,0.010342597961425781,1.8861619234085083,1.5478659868240356,2.3869056701660156
-5.971145048737526,-0.46408402919769287,-0.04362030699849129,0.1931372731924057,1.4421744346618652,0.032699104398489
-5.022679839283228,-2.798026356846094,0.1722874641418457,0.04162546619772911,0.04162546619772911,2.990342140197754
-5.441057898569852,-2.4166745357215405,0.04414868354797363,0.0038054208271205425,0.02474268153309822,3.78110933303833
-1.4668709947145544,-2.1242321329191327,-0.09407973289489746,0.0008112476789392531,0.01365391444414854,2.90010404586792
-3.981468878686428,-1.8630647212266922,-0.9555106163024902,0.11742619425058365,0.04022650420665741,3.6851210594177246
-4.386520393658429,-1.6844174265861511,-0.20629215240478516,0.0061712185852229595,0.03186672925949097,3.0061850547790527
-6.307736396789551,-3.8059561252593994,-0.2893998622894287,4.666546821594238,0.8051373958587646,2.159219264984131
-2.790393352508545,-1.7325048446655273,-0.23367953300476074,0.7825267314910889,0.8071880340576172,2.530010938644409
-2.4690775871276855,-1.9454532861709595,-0.2840449810028076,4.86219596862793,1.3132699728012085,2.3316798210144043
-2.6516008377075195,-1.7119505405426025,-0.15344762802124023,1.2903521060943604,1.314443588256836,2.449341297149658
-1.380131483078003,-1.609312891960144,-0.06751751899719238,3.2990548610687256,1.5081545114517212,2.5323145389556885
-4.45787438750267,-1.2625644207000732,0.01727747917175293,0.31997671723365784,1.3990085124969482,2.8540940284729004
-3.1926894187927246,-1.2345269918441772,-0.027341365814208984,2.5664467811584473,1.4972525835037231,2.7800099849700928
-5.83290433883667,-1.1814807653427124,0.0003380775451660156,2.737480640411377,1.608970046043396,2.977766275405884
-4.203868865966797,-1.1515681743621826,0.03711295127868652,3.553116798400879,1.7305872440338135,2.43483567237854
-0.6724071502685547,-1.1990230083465576,-0.18836569786071777,8.234055519104004,2.146043062210083,1.88559889793396
-2.336691379547119,-1.4556348323822021,0.05881357192993164,3.3059849739074707,2.222766876220703,2.482661724090576
-0.9114360809326172,-1.0112853050231934,0.12034964561462402,2.9368200302124023,2.2691192626953125,2.884913682937622
-5.493082523345947,-0.7893481254577637,0.06505513191223145,2.813455104827881,2.3076558113098145,2.4398436546325684
-3.8054323196411133,-1.0841259956359863,0.06633687019348145,4.705915451049805,2.4278805255889893,3.0275444984436035
-9.636824011802673,-0.8377950191497803,0.2478628158569336,0.8786169290542603,2.3610854148864746,3.1352572441101074
-5.405638454481959,-0.4130980968475342,0.24778151512145996,0.017847301438450813,2.2646429538726807,2.6158699989318848
-2.0629405975341797,-0.5968596935272217,0.2002415657043457,4.700179576873779,2.368077278137207,2.6117780208587646
-1.025146484375,-3.44836688041687,0.2688872814178467,6.485831260681152,2.538648843765259,2.4801619052886963
-3.5150530338287354,-2.2286975383758545,0.2783470153808594,3.749413251876831,2.591008424758911,2.6913766860961914
0.5501413345336914,-2.1716814041137695,0.13518428802490234,5.196215629577637,2.698146343231201,2.705540180206299
-9.9858980178833,-2.9903347492218018,0.0630650520324707,4.564138412475586,2.7735631465911865,2.5458343029022217
-1.3012843132019043,-2.3037426471710205,0.09766697883605957,1.633744239807129,2.7235682010650635,2.660414218902588
-0.9414939880371094,-2.628361463546753,0.11553168296813965,7.856581687927246,2.907439947128296,2.7788729667663574
-5.735576510429382,-2.013087511062622,0.10148096084594727,0.7781888246536255,2.8362767696380615,2.776700735092163
-8.376877546310425,-1.7618076801300049,0.11143040657043457,2.333397150039673,2.8150670528411865,2.808675765991211
-2.5779255628585815,-1.5196313858032227,0.12197399139404297,1.4372435808181763,2.7666015625,2.746901273727417
-1.3754348754882812,-2.7699685096740723,0.17842888832092285,5.7861223220825195,2.866302013397217,2.8251609802246094
-3.580570697784424,-0.991887092590332,0.28892993927001953,2.092278003692627,2.8539137840270996,2.90527081489563
-1.7723605632781982,-0.43669819831848145,0.2695775032043457,1.9063949584960938,2.832524061203003,3.0184988975524902
-5.095344126224518,0.13614678382873535,0.17858076095581055,0.6693872809410095,2.755031108856201,2.5182089805603027
-2.4213314056396484,0.01411747932434082,0.2936418056488037,3.23583984375,2.7740323543548584,2.790354013442993
-2.9591546058654785,-0.2770392894744873,0.23975849151611328,4.301578044891357,2.8227086067199707,3.2779574394226074
-6.532153129577637,-0.15828442573547363,0.14841222763061523,1.7180852890014648,2.791954755783081,2.483581304550171
-3.803374767303467,-0.0038690567016601562,0.2151644229888916,0.9322237968444824,2.740053653717041,2.8654723167419434
-3.537659525871277,1.069441556930542,0.18863821029663086,1.704921841621399,2.7177891731262207,3.084864616394043
-4.4237295389175415,1.519594669342041,0.03239917755126953,0.6936467885971069,2.671290874481201,2.5302040576934814
-3.740750789642334,0.20337200164794922,0.12242698669433594,5.127474308013916,2.7317020893096924,3.1887617111206055
-2.3728275299072266,-1.2391865253448486,0.12149834632873535,8.756959915161133,2.8575856685638428,2.538499116897583
1.843149185180664,-1.9920361042022705,0.07656526565551758,9.335418701171875,3.017598867416382,2.560288429260254
-1.4709081649780273,-1.710348129272461,0.12884807586669922,3.0711774826049805,3.010660171508789,2.785712480545044
-7.126554489135742,-1.5479412078857422,0.11367559432983398,3.0943069458007812,3.009873867034912,2.815166473388672
-5.909381985664368,-1.2082231044769287,0.01823878288269043,1.916580080986023,2.98479962348938,3.6012630462646484
-4.899945855140686,1.6736948490142822,0.07711434364318848,1.2227939367294312,2.9487383365631104,2.7177114486694336
-1.3848166465759277,0.9915010929107666,0.14292454719543457,2.8138298988342285,2.9497203826904297,2.7088494300842285
-0.6506190299987793,0.23921418190002441,0.18727827072143555,4.813934803009033,2.990830898284912,2.833065986633301
-7.4994295835494995,0.4448723793029785,0.09556341171264648,1.7411710023880005,2.9599478244781494,2.9948811531066895
-4.582587718963623,0.42107534408569336,0.09298944473266602,2.5017199516296387,2.9537036418914795,3.3414852619171143
-7.91978041047696,0.7847640514373779,0.13668370246887207,0.0012262690579518676,2.890380859375,3.3666176795959473
-5.047106146812439,0.9273022413253784,0.0923614501953125,1.0046058893203735,2.857074499130249,3.8672211170196533
-6.6949623972177505,1.1052383184432983,0.15502524375915527,0.13833485543727875,2.807645559310913,2.892789125442505
-2.227236270904541,-0.5174465179443359,0.24273967742919922,3.1655001640319824,2.817582607269287,2.9259159564971924
0.3257565498352051,-0.7346701622009277,-0.012265205383300781,4.392723083496094,2.843362808227539,2.7777562141418457
-0.9281659126281738,-1.4858274459838867,-0.0059087276458740234,6.408984184265137,2.9070281982421875,2.8398756980895996
-10.276170760393143,-0.5825564861297607,0.09236812591552734,0.45710083842277527,2.855506420135498,3.0737204551696777
-3.589400291442871,-0.37432122230529785,0.15539559721946716,2.7888879776000977,2.8584158420562744,0.49493399262428284
-3.446473240852356,-2.6691967248916626,-0.02417445182800293,0.5704048871994019,0.5704048871994019,2.289515256881714
-5.702223848551512,-2.2702354788780212,-0.03376626968383789,0.032737184315919876,0.3033900856971741,3.7516136169433594
-5.075858968775719,-1.971572756767273,0.015001773834228516,0.0009947833605110645,0.19642245769500732,2.8917458057403564
-3.7426676750183105,-1.3311638236045837,0.02255702018737793,1.9418702125549316,0.6394076943397522,2.8093252182006836
-5.083992930362001,-1.2067422270774841,-0.005340576171875,0.003544835140928626,0.5138280987739563,4.588894844055176
-3.1554853916168213,-0.5859698057174683,0.1401381492614746,3.5361926555633545,1.0229911804199219,2.4742183685302734
-2.776808798313141,0.0320093035697937,0.04842019081115723,0.6643118262290955,0.9953640103340149,2.5293335914611816
-3.7993227392435074,0.17098301649093628,0.029893651604652405,0.2130802720785141,0.9110888242721558,0.15658842027187347
-5.180602040141821,-1.91072341427207,0.007378578186035156,0.035905871540308,0.035905871540308,2.778434991836548
-7.800240776035935,-1.806660482659936,-0.028282642364501953,0.0029756813310086727,0.01920478604733944,3.757955551147461
-4.094139972876292,-1.705031841993332,-0.11394882202148438,0.0008908117306418717,0.01353505253791809,2.8764681816101074
-5.345081269741058,-1.4511131346225739,-0.9399280548095703,0.7603431344032288,0.2000482976436615,2.6129469871520996
-5.406297522364184,-1.4368328601121902,-0.14377689361572266,0.0030728999990969896,0.13493268191814423,2.8552870750427246
-0.17647266387939453,-0.19144463539123535,-0.008733272552490234,9.796571731567383,1.722859501838684,2.5995588302612305
-7.94512939453125,-0.1624462604522705,0.031374216079711914,2.1890783309936523,1.7764111757278442,2.5880815982818604
-4.556870460510254,-0.08060407638549805,0.004489898681640625,2.337008476257324,1.847605586051941,2.3977341651916504
-2.964627742767334,0.2856597900390625,-0.056406259536743164,6.183572292327881,2.329974889755249,2.61913800239563
-0.39806652069091797,0.35527896881103516,-0.06525874137878418,4.29669189453125,2.5169677734375,2.5816471576690674
-4.9240352511405945,0.27069830894470215,0.01616056263446808,0.918267548084259,2.3786380290985107,0.15272876620292664
-4.676686875522137,-1.0105140134692192,0.06522202491760254,0.04213178902864456,0.04213178902864456,2.8288912773132324
-6.342846493353136,-0.9763618763536215,-0.03196406364440918,0.0019425348145887256,0.020690256729722023,3.8253884315490723
-4.539317553921137,-0.9013828635215759,-0.10361599922180176,0.000779205875005573,0.015075266361236572,2.841994524002075
-5.426289856433868,-0.857694461941719,0.751950740814209,0.5633761286735535,0.15164487063884735,3.513073444366455
-5.68005820736289,-0.8137158006429672,-0.07293486595153809,0.005724702030420303,0.15021558105945587,2.942110776901245
-4.10176420211792,-0.3388057351112366,0.11651849746704102,4.2362542152404785,0.8302423357963562,2.697533369064331
-2.9290056228637695,0.0646437406539917,0.13550019264221191,4.634889602661133,1.3775173425674438,2.3302721977233887
-2.260329008102417,0.11313354969024658,0.056026458740234375,1.9678213596343994,1.4523444175720215,2.2520594596862793
-2.518834352493286,-0.05999457836151123,0.015588954091072083,2.345762014389038,1.5508792400360107,0.11717696487903595
-7.1452827006578445,-0.9769248515367508,-0.07909202575683594,0.06684117019176483,0.06684117019176483,2.897456645965576
-4.288177615264431,-0.898356232792139,-0.10272812843322754,0.0039051712956279516,0.03445729240775108,3.7692272663116455
-5.04803213843843,-0.8151931259781122,0.003915309906005859,0.0008141063735820353,0.02583174966275692,2.9647388458251953
-9.001586854457855,-0.6463004946708679,-0.6048855781555176,0.47308164834976196,0.13941192626953125,2.4952311515808105
-5.2911992450244725,-0.610021710395813,-0.19095706939697266,0.003913364838808775,0.11669796705245972,2.657552480697632
-5.605782389640808,-0.4737290143966675,-0.29349350929260254,1.955828309059143,0.4159536361694336,2.165379524230957
-1.9489811658859253,-0.3776959776878357,-0.12241721153259277,1.7061420679092407,0.5869004130363464,2.3017048835754395
-5.1051105260849,-0.36192989349365234,0.016633853316307068,1.3822861909866333,0.6624220609664917,0.1521194875240326
-3.1214976496994495,-2.201801795512438,0.058658599853515625,0.042118530720472336,0.042118530720472336,2.8743858337402344
-5.1372223848011345,-1.9950931258499622,0.05172324180603027,0.0034436231944710016,0.01989315077662468,3.8639423847198486
-3.825596259033773,-1.7937077740207314,0.18038725852966309,0.0007537146448157728,0.01493628229945898,3.0405631065368652
-5.614193826913834,-0.9095671325922012,0.7254655361175537,0.42095574736595154,0.11788080632686615,3.5830318927764893
-5.079604954691604,-0.42504556477069855,-0.29595494270324707,0.0032283354084938765,0.08968846499919891,2.9270637035369873
-3.711212158203125,-1.4164570569992065,-0.17917180061340332,2.297132968902588,0.46364784240722656,2.622307300567627
-4.760681539773941,-1.2556893229484558,-0.09396576881408691,0.3496275842189789,0.4286413788795471,2.456056833267212
-3.176095962524414,-1.532915472984314,-0.0014832019805908203,6.126455307006836,1.1343117952346802,2.213911533355713
-2.6171765327453613,-1.579102635383606,-0.03628550469875336,2.849975109100342,1.3305824995040894,0.07542625069618225
-4.714275859296322,-2.7175045236945152,0.032079219818115234,0.07241008430719376,0.07241008430719376,3.1281118392944336
-7.321583695476875,-1.8042485043406487,-0.12376689910888672,0.0017300175968557596,0.04661721736192703,3.758333683013916
-4.098306884523481,-1.3684737216681242,0.02330327033996582,0.0009663202799856663,0.02476351149380207,3.134018898010254
-5.141522020101547,-1.2916302531957626,-0.7043113708496094,0.28695765137672424,0.08903743326663971,2.645590305328369
-6.539458422455937,-1.0864881575107574,-0.6443650722503662,0.004397721495479345,0.06513640284538269,3.018258810043335
1.0024299621582031,-0.7071397304534912,0.017964839935302734,6.4697585105896,1.1221307516098022,2.7463538646698
-2.5825953483581543,-0.5246400833129883,-0.0912637710571289,1.8639392852783203,1.2340859174728394,2.617495536804199
-2.0428361892700195,-1.3008151054382324,-0.04327285289764404,2.919105052947998,1.4386498928070068,0.2235364019870758
-6.018040716648102,-1.2292750477790833,0.06649208068847656,0.07171815633773804,0.07171815633773804,2.675426959991455
-12.990724882576615,-1.212571382522583,0.05689263343811035,0.004130998160690069,0.037035226821899414,3.7279632091522217
-2.4959930954501033,-1.173966707661748,0.08972907066345215,0.0009324969723820686,0.025853214785456657,2.950230121612549
-3.6115201711654663,-0.9178827404975891,0.9701123237609863,1.0691691637039185,0.2870665192604065,3.624084949493408
-4.428818917367607,-0.9289985001087189,-0.18660926818847656,0.0038049458526074886,0.23516187071800232,3.4284005165100098
-5.327489852905273,-0.12781250476837158,0.02241683006286621,7.318029403686523,1.3939870595932007,2.48988676071167
-4.805130958557129,-0.17682039737701416,-0.02927326411008835,0.9180355072021484,1.3436723947525024,0.04394576698541641
-4.589105674996972,-1.3990616295486689,0.09731745719909668,0.028656890615820885,0.028656890615820885,3.134523391723633
-4.391416644328274,0.0049507394433021545,0.0416717529296875,0.0015276916092261672,0.01409778743982315,3.836294174194336
-5.797136377776042,0.005485927686095238,0.011826753616333008,0.0011548285838216543,0.010613051243126392,3.2315292358398438
-5.272490426898003,-0.0502166673541069,-1.8770725727081299,0.2319517880678177,0.06536466628313065,2.9578702449798584
-4.267703413031995,-0.03697170689702034,-0.5286834239959717,0.007217050530016422,0.05008907988667488,3.144230604171753
0.3740248680114746,-0.08255946636199951,-0.13479065895080566,5.188454627990723,0.9078416228294373,2.0884974002838135
-3.6846413612365723,-0.5320688486099243,-0.04172921180725098,3.873912811279297,1.3342183828353882,2.4070286750793457
-4.082660436630249,-0.754767894744873,-0.0051803141832351685,1.1586205959320068,1.3032557964324951,0.24680860340595245
-4.908731384202838,-1.2644399832934141,0.04284548759460449,0.02908332832157612,0.02908332832157612,2.7983367443084717
-8.635001580463722,-1.1375533360987902,0.06575798988342285,0.003021796001121402,0.017139075323939323,3.94146990776062
-6.426932032161858,-1.0111195063218474,-0.058020591735839844,0.0009082006872631609,0.011281945742666721,3.0360560417175293
-6.596467971801758,-0.6939174830913544,1.4068036079406738,1.1746950149536133,0.30312380194664,4.38485050201416
-4.414367410354316,-0.6657708585262299,-0.03412342071533203,0.008185175247490406,0.2530916631221771,3.5759425163269043
-0.45944786071777344,-0.12978696823120117,-0.11945748329162598,5.813281059265137,1.156558871269226,2.1918482780456543
-1.331357479095459,-0.05568134784698486,-0.12086200714111328,2.2687301635742188,1.3086693286895752,2.465885639190674
-5.467057004570961,-0.18205201625823975,-0.12833300232887268,0.13414166867733002,1.1540660858154297,0.026988252997398376
-4.343828920274973,-0.9438418783247471,0.23382997512817383,0.03469252213835716,0.03469252213835716,3.1076598167419434
-6.308670338941738,-0.7145938761532307,0.045870065689086914,0.0023648173082619905,0.020959269255399704,3.9232306480407715
-4.738911273656413,-0.5730483578518033,0.10924720764160156,0.0008486483711749315,0.015620107762515545,3.1220760345458984
-5.8896234557032585,-0.45925330370664597,0.12096834182739258,0.08877868205308914,0.032296814024448395,3.1008126735687256
-3.5527363317087293,-0.39649688825011253,0.07226443290710449,0.005397508852183819,0.025004539638757706,2.852280378341675
-1.0876598358154297,-0.227117657661438,0.09850335121154785,5.299377918243408,0.9066152572631836,2.4458212852478027
-0.49153995513916016,-0.32737600803375244,0.024385929107666016,3.7861924171447754,1.3260233402252197,2.7518327236175537
-4.176107406616211,-0.24522614479064941,0.018219947814941406,1.3498578071594238,1.3308115005493164,2.228379964828491
-1.7643136978149414,-0.24278032779693604,0.056775569915771484,1.2766649723052979,1.3208869695663452,2.7181928157806396
-3.8998141288757324,-0.2956475019454956,-0.06659078598022461,5.4112229347229,1.7273305654525757,2.4172706604003906
-3.8205878138542175,-0.2648894786834717,-0.033206939697265625,0.8555496335029602,1.6566557884216309,2.6358790397644043
-2.289984941482544,-0.35685038566589355,0.01193690299987793,3.3655002117156982,1.7849526405334473,2.5046284198760986
-0.6466093063354492,-0.35621583461761475,-0.12749385833740234,4.642064571380615,1.9959880113601685,2.4586100578308105
-1.0257568359375,-4.270945072174072,0.01893138885498047,7.4457550048828125,2.3880467414855957,2.5904524326324463
-1.809885025024414,-2.7928271293640137,0.16900277137756348,3.261399269104004,2.450991153717041,2.8168599605560303
-6.298857033252716,-1.5629246234893799,0.06531381607055664,0.7569195628166199,2.3431453704833984,2.437803268432617
-6.4983015060424805,-2.436856508255005,0.13216948509216309,4.8605546951293945,2.4930307865142822,2.7538037300109863
-2.372170925140381,-1.9174816608428955,0.10700535774230957,2.0276942253112793,2.468862295150757,2.638489007949829
0.16817760467529297,-1.9063551425933838,0.12947487831115723,4.828999996185303,2.5777838230133057,2.610142946243286
1.005687952041626,-1.89748215675354,0.15737104415893555,4.839378833770752,2.6897995471954346,2.89957332611084
-1.6454944610595703,-1.7298390865325928,0.09791207313537598,3.8396730422973633,2.751157522201538,2.584172010421753
1.1237053871154785,-1.8668701648712158,-0.02435302734375,7.122865676879883,2.9437735080718994,2.5859665870666504
-4.737334728240967,-1.6075856685638428,0.015868186950683594,1.9751667976379395,2.904364824295044,2.5230841636657715
-4.672219902276993,2.4925867319107056,-0.029576539993286133,0.20146021246910095,2.7907583713531494,2.8430798053741455
-6.204312086105347,1.4991960525512695,-0.05939316749572754,2.44002366065979,2.777249336242676,2.5070443153381348
-2.978562831878662,-0.7900490760803223,-0.05796670913696289,7.930089473724365,2.980175495147705,2.8073084354400635
-3.6259968280792236,-0.14458227157592773,-0.015082359313964844,0.39592623710632324,2.880758285522461,2.79376482963562
-8.479416847229004,-0.5445334911346436,-0.03688549995422363,1.3748559951782227,2.828669786453247,2.7601990699768066
-0.2773151397705078,-0.5748271942138672,0.03603339195251465,4.290119171142578,2.884856939315796,2.6124014854431152
-8.369604349136353,-0.5207414627075195,0.1286334991455078,1.0767972469329834,2.8243021965026855,2.8400816917419434
-2.7300267219543457,-0.5115454196929932,0.015573740005493164,3.8910603523254395,2.8606948852539062,3.2561259269714355
-4.717827320098877,-0.3524289131164551,0.09779930114746094,2.597306728363037,2.8373494148254395,2.9013137817382812
-3.2559633255004883,-0.44286012649536133,0.08305525779724121,1.8738703727722168,2.8161680698394775,2.518845796585083
-0.7406280040740967,-0.4119877815246582,0.13701581954956055,2.475039482116699,2.813403844833374,2.7582051753997803
-2.266585350036621,-1.318627119064331,0.13004541397094727,4.181061744689941,2.8408544063568115,2.9489057064056396
2.919292688369751,-2.7677509784698486,0.04431724548339844,6.852862358093262,2.9562461376190186,2.4890458583831787
2.063678741455078,-2.7402474880218506,0.09410381317138672,5.870699882507324,3.0324866771698,2.9989140033721924
-4.772819519042969,-1.8324697017669678,0.11566305160522461,1.0503582954406738,2.976534128189087,2.733151435852051
1.3373692035675049,-1.9109063148498535,0.12860918045043945,5.088523864746094,3.035068988800049,2.5908586978912354
-1.1465787887573242,-1.6876442432403564,0.1434633731842041,2.9917984008789062,3.0406768321990967,2.9160172939300537
-3.054717540740967,-1.684246301651001,0.05178093910217285,4.686627388000488,3.072273015975952,2.218517780303955
-2.8869810104370117,-1.4772939682006836,0.030950069427490234,4.108135223388672,3.0980634689331055,2.9493908882141113
-7.315250873565674,-1.6350386142730713,0.12494373321533203,5.931777477264404,3.1613528728485107,2.450312852859497
-2.416370153427124,-0.7730751037597656,0.11647391319274902,2.0758860111236572,3.1391375064849854,2.8400888442993164
-4.242703914642334,-1.0973882675170898,0.10111045837402344,5.893883228302002,3.199739933013916,2.499372959136963
-2.5598305463790894,-0.6013221740722656,0.09177446365356445,1.454715371131897,3.1677169799804688,2.7774863243103027
-2.4105242490768433,-0.3576548099517822,0.06405472755432129,1.6372038125991821,3.1297364234924316,3.1219708919525146
-2.7000482082366943,-0.2860715389251709,0.08476114273071289,2.6007649898529053,3.1164348125457764,3.1258506774902344
-4.2450783252716064,-0.26705169677734375,0.09270954132080078,2.997299909591675,3.1196939945220947,3.0205914974212646
-8.416135655366816,3.049127804581076,-0.02880859375,0.0019456282025203109,3.053434133529663,2.9448459148406982
-6.30151629447937,2.1005192399024963,-0.05286693572998047,1.771683931350708,3.0302419662475586,2.9335339069366455
-5.88220477104187,2.3148741126060486,-0.08369708061218262,0.12759709358215332,2.974451780319214,2.911296844482422
-3.0666909217834473,1.8976353406906128,-0.03856062889099121,2.7174010276794434,2.9736783504486084,2.9833450317382812
-6.201269149780273,1.8425675630569458,0.0012118816375732422,1.5430908203125,2.948227882385254,2.656160593032837
-1.9439945220947266,1.2959920167922974,0.0005137920379638672,4.457143306732178,2.9670872688293457,2.704460859298706
-2.9725725650787354,1.3046833276748657,0.016228437423706055,1.3645122051239014,2.9365792274475098,3.262735366821289
-4.812838688492775,1.4322166442871094,0.026424646377563477,0.2329619973897934,2.8928375244140625,2.6812753677368164
-9.511235475540161,1.3543421030044556,0.13728857040405273,2.6058785915374756,2.8899085521698,2.4904375076293945
0.23343229293823242,0.8606598377227783,0.0783834457397461,8.036436080932617,2.9815540313720703,2.7895925045013428
-1.4595489501953125,0.8908145427703857,0.0697627067565918,2.011260509490967,2.9682669639587402,2.4872548580169678
-5.203722774982452,0.9473839998245239,0.01271788775920868,0.6688749194145203,2.9208033084869385,0.23317162692546844
-3.2536967769265175,-1.73142359405756,-0.021976709365844727,0.09288134425878525,0.09288134425878525,2.452432155609131
-6.118034210987389,-1.520680706948042,0.024135828018188477,0.008690985850989819,0.05015714839100838,3.761059522628784
-4.908114247722551,-1.3500359896570444,-0.04355907440185547,0.0007631250191479921,0.02361956797540188,2.694088935852051
-4.041350960731506,-1.5434473156929016,-0.1761326789855957,1.2118276357650757,0.3241710066795349,2.4613499641418457
-4.765411205822602,-0.6313408762216568,0.0034584999084472656,0.0027419847901910543,0.23265688121318817,2.6950974464416504
-6.742662668228149,-1.5418376624584198,-0.012452363967895508,1.3509728908538818,0.4350415766239166,2.276282548904419
-3.6888303756713867,-1.1340144872665405,0.035973310470581055,1.040085792541504,0.5196844339370728,2.376269817352295
-5.327399253845215,-1.4593722820281982,0.08927464485168457,3.4346046447753906,0.8846347332000732,2.515282154083252
-2.1859793663024902,-1.2667403817176819,0.029858112335205078,1.0814414024353027,0.9042593836784363,2.4846365451812744
-0.018633365631103516,-1.4273014068603516,0.018063068389892578,5.776000022888184,1.393984079360962,2.3840818405151367
-3.083718180656433,-1.2118480205535889,-0.020870447158813477,1.2429248094558716,1.4018759727478027,2.5834178924560547
1.935720443725586,-1.1375741958618164,-0.06384801864624023,9.09504222869873,2.0679969787597656,2.3180174827575684
-3.8326187133789062,-1.0954842567443848,-0.05011796951293945,3.223538398742676,2.1378729343414307,2.105170488357544
-1.0932259559631348,-1.0097355842590332,-0.06910133361816406,2.081899642944336,2.131168842315674,2.3435158729553223
-2.648081064224243,-1.0374724864959717,-0.06642720103263855,2.8819596767425537,2.181248664855957,0.07423920929431915
-3.9104390293359756,-2.346493497490883,0.17448163032531738,0.10023020207881927,0.10023020207881927,2.927342176437378
-7.7446998921222985,-1.8226201757788658,-0.0005247592926025391,0.004404130857437849,0.04981229454278946,3.8009426593780518
-5.4401782440254465,-1.4642417915165424,0.0013120174407958984,0.0006438804557546973,0.03283805772662163,2.9868643283843994
-6.827682286500931,-1.3156844303011894,0.0676877498626709,0.2552497088909149,0.08782757073640823,2.5622332096099854
-5.193276762962341,-1.1385559812188148,-0.31871747970581055,0.0032001733779907227,0.07254805415868759,3.0865559577941895
-4.997054100036621,-0.9735984206199646,-0.19016480445861816,4.763696670532227,0.8561015725135803,2.203580856323242
-9.78810864686966,-0.8531753420829773,-0.3098151683807373,0.7650625109672546,0.836813747882843,2.0562167167663574
-1.297118902206421,-0.6857689619064331,-0.22794580459594727,1.2126054763793945,0.8900631666183472,2.208475351333618
-5.302206099033356,-0.6364099979400635,-0.21424148604273796,0.2905120253562927,0.8218755722045898,0.06044118478894234
-4.178246337920427,-1.293959815055132,0.22084474563598633,0.0248972587287426,0.0248972587287426,2.868561267852783
-6.773487309459597,-0.9673599805682898,-0.02730870246887207,0.002961894031614065,0.013491133227944374,3.895725965499878
-3.075216573954094,-0.7738756155595183,0.031755685806274414,0.0005681092734448612,0.008995511569082737,2.9020116329193115
-6.128105312585831,-0.712197333574295,0.4961228370666504,0.26873287558555603,0.07408562302589417,3.081425666809082
-3.2924997163936496,-0.6177372820675373,-0.029778480529785156,0.005507533438503742,0.05969996377825737,2.694016933441162
-2.1198782920837402,-2.9377332627773285,-0.1334090232849121,2.3850088119506836,0.4464623034000397,2.7029407024383545
-0.806767463684082,-3.4295806884765625,-0.13581371307373047,6.471990585327148,1.3134899139404297,2.722499370574951
-2.8855578899383545,-3.407803535461426,-0.16104278340935707,3.793720006942749,1.6217970848083496,0.03153146430850029
-4.706654280424118,-0.340611070394516,0.3343825340270996,0.03402307629585266,0.03402307629585266,3.2473769187927246
-7.336218136711977,-0.23565867729485035,0.138840913772583,0.0017702399054542184,0.018387435004115105,3.9800446033477783
-2.596811650437303,-0.18236518744379282,0.15738248825073242,0.000687958556227386,0.012067860923707485,3.1427464485168457
-4.764170244336128,-0.19065142422914505,-0.36602067947387695,0.1285981386899948,0.041918180882930756,2.6893932819366455
-5.302632613573223,-0.1632416546344757,-0.19756293296813965,0.006403641309589148,0.03385792672634125,2.9883506298065186
-2.3797600269317627,-0.23392340540885925,0.19892311096191406,2.545058012008667,0.45314404368400574,2.8615403175354004
0.023639202117919922,-0.3410590887069702,0.22777746617794037,4.869845867156982,1.0806845426559448,0.3523968458175659
-4.623890463262796,-2.765770498663187,-0.042748212814331055,0.024044927209615707,0.024044927209615707,2.727696657180786
-6.151512557407841,-2.443543150089681,-0.17298388481140137,0.0020967184100300074,0.012530134059488773,3.851465940475464
-3.6153131807222962,-2.169614835642278,0.010039806365966797,0.0007024919614195824,0.008598283864557743,3.1357781887054443
-4.865356683731079,-1.5837495923042297,1.4935309886932373,1.665485143661499,0.4227399230003357,4.25223970413208
-4.637191084213555,-1.467170536518097,-0.15738368034362793,0.005898687057197094,0.34988564252853394,3.113691806793213
0.46289491653442383,-0.8131989240646362,-0.30517101287841797,6.584079742431641,1.385501503944397,2.489663600921631
-1.175795555114746,-0.04270577430725098,-0.10912775993347168,13.662858009338379,3.1436550617218018,2.4545938968658447
-5.516645550727844,-0.2625460624694824,-0.18819508701562881,1.3994215726852417,2.9308440685272217,0.03596498817205429
-6.444455035030842,-0.09026094526052475,0.4447646141052246,0.10719501227140427,0.10719501227140427,3.226536989212036
-9.137603351846337,-0.11132237315177917,0.09646058082580566,0.002267291769385338,0.04787085950374603,3.7757506370544434
-6.772374822059646,-0.09761601872742176,0.2198939323425293,0.0009277330245822668,0.02730437181890011,3.1431055068969727
-6.392778977751732,-0.16236300393939018,-1.1802778244018555,0.10352553427219391,0.04863010719418526,2.680537700653076
-5.339247418567538,-0.13953733444213867,-0.14486312866210938,0.00810985453426838,0.04704822599887848,3.4249210357666016
-1.0831809043884277,-0.15138983726501465,0.11905741691589355,4.283602714538574,0.752628743648529,2.787919521331787
-4.941578507423401,-0.25228995084762573,0.14401978254318237,1.310050368309021,0.8268488049507141,0.30415767431259155
-3.9819954596459866,-2.5584768019616604,-0.04338526725769043,0.03010571375489235,0.03010571375489235,2.6951262950897217
-6.45860384684056,-2.1961122639477253,-0.06933283805847168,0.0021219374611973763,0.01664818450808525,3.88171648979187
-5.307764176279306,-1.9340093918144703,-0.003258228302001953,0.0009802542626857758,0.010763805359601974,3.0208871364593506
-3.4543222188949585,-1.4013181626796722,1.2772843837738037,1.5801459550857544,0.4024104177951813,4.119387626647949
-4.833089425228536,-1.2555865347385406,-0.26033902168273926,0.008182928897440434,0.37360891699790955,3.4024417400360107
-0.8291749954223633,-0.5789878368377686,-0.1993086338043213,6.73880672454834,1.4858546257019043,2.361982822418213
-2.8899340629577637,-0.26830434799194336,-0.14878129959106445,7.638513088226318,2.3302700519561768,2.1936192512512207
-0.5012445449829102,-0.1490459442138672,-0.15552830696105957,4.0735249519348145,2.5438756942749023,2.590827226638794
1.1853456497192383,0.0302276611328125,-0.1267833709716797,7.0179901123046875,3.0341508388519287,2.5769782066345215
-1.281968116760254,0.02517986297607422,-0.17984721064567566,4.645366668701172,3.199685573577881,0.05251362919807434
-6.041780337691307,-3.5312815755605698,0.36403632164001465,0.12889589369297028,0.12889589369297028,3.253436326980591
-4.330172285204753,-3.4581232368946075,0.22829699516296387,0.0034806879702955484,0.07428500056266785,4.013145446777344
-4.079239268554375,-3.388113509863615,0.016787052154541016,0.0011092231143265963,0.04133700206875801,2.9473063945770264
-9.248799562454224,-3.2291605472564697,-1.460547685623169,0.20110297203063965,0.08598589897155762,2.719249963760376
-3.6016954323276877,-3.153905361890793,-0.35537195205688477,0.011104450561106205,0.0734415352344513,3.662260055541992
-0.7458839416503906,-1.981916904449463,-0.004647016525268555,7.6095123291015625,1.3292927742004395,2.8474199771881104
-1.9052908420562744,-1.83786141872406,-0.08964681625366211,1.940413475036621,1.4207643270492554,2.652571201324463
-5.213733911514282,-1.8765970468521118,0.025261789560317993,0.484086275100708,1.2947968244552612,0.3063003420829773
-4.656963709741831,-3.234415177255869,0.07385635375976562,0.03785812482237816,0.03785812482237816,2.9357857704162598
-7.194465942913666,-3.129471966996789,0.08257365226745605,0.003294162219390273,0.023781826719641685,4.047637462615967
-3.7277148652938195,-3.0390920359641314,0.0880591869354248,0.0006441186997108161,0.01574709825217724,3.063450574874878
-1.7417970895767212,-2.5300411880016327,0.776604175567627,1.7421983480453491,0.4480576813220978,3.6546497344970703
-4.458242899738252,-2.5000950694084167,-0.16491913795471191,0.005520337261259556,0.38495856523513794,2.8445582389831543
-0.5555133819580078,-1.654422402381897,-0.23314404487609863,5.857668876647949,1.2743057012557983,2.838881254196167
-0.5272603034973145,-1.1412562131881714,-0.22829413414001465,5.198181629180908,1.837410807609558,2.3057608604431152
-2.3739421367645264,-0.9727005958557129,-0.1816244125366211,2.9985439777374268,1.9806013107299805,2.43496036529541
-3.2228035926818848,-0.9212186336517334,-0.11902976036071777,2.660727024078369,2.036254644393921,2.827186107635498
-10.022711003664881,-1.0622166395187378,-0.09473323822021484,0.002054010983556509,1.8165887594223022,2.438192844390869
-1.6683473587036133,-0.9983615875244141,-0.11648988723754883,2.6896910667419434,1.9058113098144531,2.4993441104888916
-2.5193787813186646,-0.9963566064834595,-0.08744478225708008,1.727136492729187,1.8907462358474731,2.147779941558838
-1.891174077987671,-0.9568684101104736,-0.10564160346984863,2.041788101196289,1.903409719467163,2.466468334197998
-0.0819392204284668,-0.8107671737670898,-0.07299947738647461,4.171690464019775,2.065351724624634,2.499809741973877
-3.376227617263794,-3.1852192878723145,-0.06956193596124649,3.5350615978240967,2.1555066108703613,0.06471728533506393
-3.3757078498601913,-2.490655407309532,0.07689666748046875,0.06124331057071686,0.06124331057071686,2.8866732120513916
-6.442000386770815,0.029689946211874485,0.05262422561645508,0.0030469917692244053,0.03453537076711655,3.692014694213867
-5.5323658764828,0.02235663658939302,0.0911097526550293,0.0010527789127081633,0.02506977878510952,3.114941120147705
-5.386537581682205,-0.4421987980604172,-1.0533337593078613,0.2460455596446991,0.07764805853366852,2.8406271934509277
-6.302867885679007,-0.4088825657963753,-0.394437313079834,0.0029673613607883453,0.06121142953634262,4.1282877922058105
-5.44744873046875,-1.143747627735138,-0.051459312438964844,4.798382759094238,0.8466348052024841,2.7502198219299316
-2.830320358276367,-0.9299801588058472,0.010161727666854858,3.325413703918457,1.1825402975082397,0.23958361148834229
-2.799064178019762,-1.4195862002670765,-0.026621580123901367,0.017228584736585617,0.017228584736585617,2.7668893337249756
-8.727927446132526,0.006239164620637894,-0.03925204277038574,0.0029685499612241983,0.010702873580157757,3.816061019897461
-5.798509047599509,0.004479796160012484,0.028675317764282227,0.0007539528887718916,0.007353478576987982,2.940744638442993
-4.919416904449463,-0.03567013144493103,0.07381486892700195,1.1641907691955566,0.29602059721946716,2.8981919288635254
-5.3981810577679425,5.5670738220214844e-05,-0.017354249954223633,0.003338717622682452,0.24961526691913605,2.8923757076263428
0.6614418029785156,-0.20434820652008057,-0.14927458763122559,7.390017509460449,1.416312336921692,2.2034037113189697
-3.2705869674682617,-0.7492885589599609,-0.20148587226867676,8.988840103149414,2.491703748703003,2.363985061645508
-5.961837291717529,-0.5646865367889404,-0.08042716979980469,2.6513123512268066,2.521307945251465,2.204404354095459
-2.6954755783081055,-0.5634245872497559,-0.12653708457946777,4.1565985679626465,2.6955206394195557,2.5979061126708984
-3.262646198272705,-0.5043637752532959,-0.08101344108581543,5.066747188568115,2.9336891174316406,2.3390145301818848
-2.618203043937683,-0.5035321712493896,-0.10489511489868164,1.3780282735824585,2.789052724838257,2.4774038791656494
-4.035261511802673,-0.404710054397583,-0.037714481353759766,1.9453402757644653,2.7203149795532227,2.5603737831115723
-2.0296449661254883,-0.40843820571899414,-0.11913490295410156,6.614081382751465,3.022805690765381,2.2488999366760254
-4.074012756347656,-0.379192590713501,-0.17776107788085938,5.410276412963867,3.2086105346679688,2.8171257972717285
-8.023541405797005,-0.3557932376861572,-0.15121841430664062,0.21481995284557343,2.9917893409729004,2.440605640411377
-2.8936644792556763,-0.38184046745300293,-0.15701079368591309,1.9603108167648315,2.9224627017974854,2.520595073699951
-5.266179084777832,-0.37329697608947754,-0.130873441696167,2.633151054382324,2.915273666381836,2.7199065685272217
-7.299642205238342,-0.33401942253112793,-0.08772969245910645,0.0012916326522827148,2.7612199783325195,2.436528444290161
-2.9966888427734375,-0.27041172981262207,-0.12270808219909668,4.278738498687744,2.83137583732605,2.481107234954834
-3.8875954151153564,-0.23524069786071777,-0.18044590950012207,1.8194530010223389,2.7820656299591064,2.292424201965332
-2.257694959640503,-0.2088758945465088,-0.14623761177062988,1.5323727130889893,2.721980333328247,2.7752156257629395
-2.1444830894470215,-1.288463830947876,-0.09141969680786133,4.814821720123291,2.807234048843384,2.564213752746582
-6.821222305297852,-1.6850817203521729,-0.11881113052368164,4.894577980041504,2.907336950302124,2.481376886367798
1.9034132957458496,-2.2269463539123535,-0.12162947654724121,7.556053161621094,3.097273826599121,2.4478659629821777
-0.027527332305908203,-1.8582448959350586,-0.013650894165039062,4.219895839691162,3.139285087585449,2.2979838848114014
-6.482344925403595,-1.0574326515197754,0.04401390999555588,0.33492010831832886,3.031571865081787,0.12249171733856201
-2.667016301304102,-1.397932205349207,0.14056968688964844,0.03892799839377403,0.03892799839377403,2.7934985160827637
-7.837232534773648,-1.2719998806715012,0.04381132125854492,0.0050592971965670586,0.02161283791065216,3.738433837890625
-4.799897036224138,0.013662721554283053,0.06657552719116211,0.000936189026106149,0.014515538699924946,2.966329336166382
-3.049329936504364,-0.07858507335186005,-0.3522965908050537,0.582991898059845,0.15552173554897308,2.550691604614258
-3.7531341589055955,-0.029424533247947693,-0.3645305633544922,0.0034240209497511387,0.12757326662540436,2.8237881660461426
-1.340409278869629,-0.22644346952438354,-0.1098179817199707,4.532529830932617,0.8601852059364319,2.386754035949707
-4.441120028495789,-0.15009599924087524,-0.2500133514404297,1.5311800241470337,0.9387170672416687,2.257844924926758
-4.8283538818359375,-0.5715115070343018,-0.1400773525238037,2.7919206619262695,1.1866834163665771,2.3075473308563232
0.08851933479309082,-0.5809472799301147,0.12100458145141602,4.075291633605957,1.5099431276321411,2.951444149017334
-6.5504361391067505,-0.4636448621749878,0.1277177333831787,0.38743436336517334,1.4124904870986938,2.816422939300537
-4.168794631958008,-4.286325693130493,0.3024723529815674,4.165139198303223,1.659773588180542,2.980154275894165
0.17910337448120117,-3.145797610282898,0.19660186767578125,4.309844017028809,1.885841965675354,3.0116653442382812
4.1739606857299805,-4.980099678039551,0.3850092887878418,13.499468803405762,2.7674384117126465,2.9302494525909424
0.7285161018371582,-4.4208104610443115,0.1831676959991455,7.9107208251953125,3.140990972518921,3.0797173976898193
-2.868847370147705,-3.5105347633361816,0.07114171981811523,3.1964259147644043,3.1537528038024902,2.9681589603424072
0.8986749649047852,-3.0933823585510254,0.09544205665588379,5.719239711761475,3.3142032623291016,2.5887773036956787
-4.952946662902832,-3.144132137298584,0.17688584327697754,9.378029823303223,3.661775588989258,2.997023582458496
-4.048272609710693,-3.1045327186584473,0.22227883338928223,7.755699634552002,3.8897104263305664,2.4578816890716553
-3.0220673084259033,-2.7750754356384277,0.2028217315673828,3.9035518169403076,3.875603199005127,2.8706412315368652
-3.893914222717285,-2.414062976837158,0.19131135940551758,2.308180809020996,3.7997756004333496,2.778125286102295
-2.451951026916504,-2.3203186988830566,0.17940950393676758,7.168160438537598,3.9621081352233887,2.712294340133667
-4.567267894744873,-2.0301496982574463,0.26037969440221786,1.7871203422546387,3.864705801010132,0.36170220375061035
-4.210272446274757,-2.0713166147470474,-0.13473153114318848,0.12407051026821136,0.12407051026821136,2.517601251602173
-7.4595603547059,-1.4031531140208244,-0.020609617233276367,0.007162133697420359,0.0739486888051033,3.719651460647583
-4.189975159126334,-1.0597473233938217,0.18419790267944336,0.000993354362435639,0.050609245896339417,3.1107888221740723
-6.003151178359985,-0.5088120698928833,0.03991389274597168,2.086899518966675,0.5609046220779419,2.7560222148895264
-4.609711809083819,-0.4967338740825653,-0.047858476638793945,0.005505399778485298,0.4445870816707611,3.8063056468963623
1.0654816627502441,0.14625287055969238,-0.18633818626403809,8.206422805786133,1.748388648033142,2.196521282196045
-7.235040187835693,0.599333643913269,-0.18250560760498047,3.8047518730163574,2.0221500396728516,2.0105834007263184
-3.310155153274536,0.5533803701400757,-0.10615849494934082,0.8605048656463623,1.892416000366211,2.202664375305176
-5.722080171108246,0.48407256603240967,-0.05198460817337036,0.4977942109107971,1.7086740732192993,0.0948164314031601
-5.398432239890099,-3.0409040302038193,0.006757259368896484,0.04156257212162018,0.04156257212162018,2.710813045501709
-7.779178235214204,-2.9768657833337784,-0.026327133178710938,0.00618496211245656,0.023590311408042908,3.7577977180480957
-5.8288184811826795,-2.9065241646021605,-0.02925562858581543,0.0008924792055040598,0.01854349859058857,2.8817765712738037
-5.839319974184036,-2.746672138571739,-0.9932446479797363,0.46695491671562195,0.12976719439029694,3.026360034942627
-5.028170134872198,-2.699191674590111,-0.17545509338378906,0.002300713211297989,0.10679115355014801,2.726381778717041
-0.3932609558105469,-1.8747899532318115,-0.0390324592590332,5.576468467712402,1.0187230110168457,2.562105178833008
-1.2510321140289307,-1.538138747215271,-0.06604647636413574,3.8507745265960693,1.4313029050827026,2.3977887630462646
0.9877657890319824,-1.1616578102111816,-0.13019776344299316,4.7187886238098145,1.8317177295684814,2.3819754123687744
-2.6609373092651367,-0.7965292930603027,-0.02215743064880371,5.779157638549805,2.266728639602661,2.6057305335998535
2.118299722671509,-3.7201132774353027,0.03980708122253418,5.989834785461426,2.6372857093811035,2.9492831230163574
-1.248396873474121,-1.736656904220581,0.19021153450012207,3.4094276428222656,2.6963541507720947,3.4692134857177734
0.11256170272827148,-1.4258601665496826,0.16875791549682617,5.854892253875732,2.966141939163208,2.755683183670044
-0.6260132789611816,-1.1605980396270752,0.2125556468963623,4.508430004119873,3.095564603805542,3.1482088565826416
-7.7985639572143555,-2.168544054031372,0.39896416664123535,6.825211524963379,3.3412835597991943,3.088596820831299
-0.39598846435546875,-1.7720918655395508,0.3710355758666992,3.7742605209350586,3.372708797454834,2.8566863536834717
-2.134446859359741,-1.3294048309326172,0.3666987419128418,1.9899661540985107,3.2793402671813965,3.3523387908935547
-7.158469974994659,-0.9536304473876953,0.2890431880950928,0.6544525027275085,3.134913444519043,2.9274046421051025
-3.3373236656188965,2.209082007408142,0.3086130619049072,1.0705580711364746,3.0175931453704834,3.3626198768615723
-7.815447807312012,-0.0617067813873291,0.35344457626342773,4.290678024291992,3.0793721675872803,2.7763819694519043
-2.772189140319824,-0.0361936092376709,0.32598960399627686,2.027862548828125,3.027082920074463,0.4356977343559265
-4.359150633215904,-1.4520548433065414,-0.05895566940307617,0.04575897753238678,0.04575897753238678,2.6941404342651367
-4.963630620855838,-1.440243611112237,-0.031211137771606445,0.0027838307432830334,0.024012437090277672,3.8691177368164062
-4.710259183833841,-1.4016578178852797,0.07263827323913574,0.0009606037638150156,0.017202498391270638,3.0992472171783447
-8.392122149467468,-0.9207273125648499,0.14965200424194336,1.9196988344192505,0.49258095026016235,2.786827802658081
-4.602581155486405,-0.9874093234539032,-0.07892870903015137,0.009264337830245495,0.4038976728916168,2.8109700679779053
-5.365662574768066,-0.33910274505615234,-0.07137441635131836,5.227240562438965,1.2050095796585083,2.483020782470703
-10.283718198537827,-0.4847700595855713,-0.03584885597229004,0.1819266378879547,1.0847742557525635,2.120414972305298
-2.7978615760803223,-0.560448944568634,-0.04243874549865723,0.43198394775390625,0.9917213320732117,2.3409740924835205
-5.828871950507164,-0.6304968595504761,0.029853180050849915,0.2476213127374649,0.8943463563919067,0.11203379929065704
-5.114924261346459,-1.8018340561538935,-0.0008935928344726562,0.020121267065405846,0.020121267065405846,2.903109073638916
-7.782663986552507,-1.6086628437042236,-0.03747057914733887,0.0031393314711749554,0.011653900146484375,3.8322486877441406
-6.904533265740611,-1.4497598307207227,-0.04790091514587402,0.0008441222598776221,0.008624444715678692,2.939918041229248
-5.629344463348389,-1.2021319568157196,-0.6287171840667725,0.5352625846862793,0.1401144564151764,2.561023473739624
-5.380454943049699,-1.1346817463636398,-0.062084197998046875,0.005591466557234526,0.09588785469532013,2.6829373836517334
2.3796138763427734,-0.3758425712585449,0.2225666046142578,6.517871856689453,1.161829948425293,3.2015957832336426
-1.3647480010986328,0.2131354808807373,0.3665502071380615,9.619941711425781,2.3547539710998535,3.106313943862915
-3.2510366439819336,0.2946288585662842,0.276339054107666,3.6274328231811523,2.528029441833496,3.3252053260803223
-11.02930212020874,-0.19603848457336426,0.3586256504058838,2.1078667640686035,2.4764251708984375,2.8688228130340576
-5.468743801116943,-0.1072397232055664,0.17851758003234863,3.215986728668213,2.5641636848449707,2.5168967247009277
-2.763815760612488,-0.14605402946472168,0.18580269813537598,1.6388460397720337,2.5023069381713867,2.6478230953216553
-3.9610419273376465,-0.021175861358642578,0.1362166404724121,5.952319622039795,2.780125617980957,2.1553916931152344
-3.1218518018722534,-0.028184175491333008,0.0994100570678711,1.9538480043411255,2.7002813816070557,2.0995545387268066
-2.863628387451172,0.05579423904418945,0.029615163803100586,4.1656107902526855,2.8288490772247314,2.751227378845215
-1.840636968612671,0.04657578468322754,-0.017278626561164856,3.5176470279693604,2.8666141033172607,0.22569620609283447
-4.362098835408688,-1.6037799343466759,0.07639479637145996,0.03696427494287491,0.03696427494287491,2.7613308429718018
-8.31839004298672,-1.0550570450723171,0.13628506660461426,0.0036276266910135746,0.02060437574982643,3.9615566730499268
-5.334567748766858,-0.79734056442976,0.033992767333984375,0.0006354220095090568,0.014153547585010529,2.966982364654541
-4.708508372306824,-0.48336854577064514,0.09571242332458496,1.1150161027908325,0.28897908329963684,2.55196213722229
-6.345352934207767,-0.40532541275024414,-0.003249645233154297,0.004374696407467127,0.235223650932312,2.5970911979675293
-5.5279152393341064,-0.48148995637893677,-0.003512144088745117,2.218778371810913,0.5607004761695862,2.4846229553222656
-2.261583685874939,-0.3883453607559204,-0.02239370346069336,0.7898346185684204,0.5952955484390259,2.411553382873535
-5.265516042709351,0.05534493923187256,-0.036529190838336945,0.610785722732544,0.5947611331939697,0.06051260232925415
-5.179851885885,-1.3026571236550808,-0.01626300811767578,0.022768620401620865,0.022768620401620865,2.9434256553649902
-3.5418354638386518,-1.178015218116343,-0.13852953910827637,0.002686821622774005,0.012196197174489498,3.8556175231933594
-3.641936981526669,-1.0838075522333384,-0.10020709037780762,0.0006363751017488539,0.00885549746453762,2.941045045852661
-6.067882090806961,-0.7446147873997688,-1.1454555988311768,0.28729864954948425,0.07805906981229782,2.750059127807617
-3.8094375017099082,-0.20929469913244247,-0.19739174842834473,0.004777919966727495,0.06652838736772537,2.9560675621032715
-0.7809915542602539,-0.5655442476272583,-0.29294729232788086,5.351771354675293,0.9486896991729736,2.3953285217285156
-0.6856851577758789,-0.9056823253631592,-0.32552289962768555,5.756938934326172,1.6307542324066162,2.535787582397461
-1.8235011100769043,-0.8572685718536377,-0.2825179100036621,4.126330852508545,1.942762851715088,2.5546250343322754
-2.0002684593200684,-0.7784931659698486,-0.09987592697143555,2.629608631134033,2.016235828399658,2.9778707027435303
-5.728468656539917,-0.6246832609176636,-0.09445381164550781,0.5182011127471924,1.8584562540054321,2.7641549110412598
0.32401275634765625,-0.8392338752746582,-0.086334228515625,8.333791732788086,2.443718194961548,2.5179574489593506
-0.779698371887207,-0.8044028282165527,-0.04668140411376953,2.2762084007263184,2.4378645420074463,2.716325283050537
-0.3080003261566162,-0.653331995010376,0.023327350616455078,3.3782429695129395,2.4937944412231445,2.973973274230957
-4.261455059051514,-0.6114881038665771,0.022726058959960938,2.2891063690185547,2.4828572273254395,2.5360498428344727
-3.397502899169922,-0.5806498527526855,-0.021969318389892578,3.596022129058838,2.542091131210327,2.8558499813079834
-3.3811821937561035,-0.5370821952819824,-0.13329291343688965,5.958619594573975,2.7574570178985596,2.8222179412841797
-2.5437378883361816,-0.5461771488189697,-0.008063316345214844,3.030341625213623,2.778804063796997,2.785287380218506
-2.7951043844223022,-0.4840514659881592,0.04982590675354004,1.7254568338394165,2.706254005432129,2.980424404144287
-4.518829584121704,-0.4547464847564697,0.0515294075012207,1.0699307918548584,2.621988534927368,2.6900289058685303
-2.4291205406188965,-0.41156840324401855,-0.08833575248718262,3.298630714416504,2.6634507179260254,2.50350284576416
0.5047359466552734,-0.35656285285949707,-0.11788558959960938,6.403660774230957,2.8435826301574707,2.5299694538116455
-1.8263869285583496,-0.3410050868988037,0.07043123245239258,4.0368332862854,2.9041216373443604,2.9891345500946045
-5.818905353546143,-0.34609174728393555,-0.06004786491394043,5.224226474761963,2.9988625049591064,2.3729448318481445
-0.9854865074157715,-0.25908827781677246,-0.020788192749023438,4.066537380218506,3.0515902042388916,2.6807503700256348
-8.33298635482788,-0.2619905471801758,-0.03646349906921387,1.8552145957946777,2.982344388961792,2.5972912311553955
-5.359577178955078,-0.24720144271850586,-0.07341313362121582,4.84881591796875,3.0492308139801025,2.87300968170166
-8.14817726612091,-0.21486306190490723,-0.09466433525085449,1.3926972150802612,2.9854161739349365,2.518091917037964
-2.0703158378601074,-0.2289872169494629,-0.018889665603637695,3.074364185333252,2.9920971393585205,2.6600568294525146
-3.148459315299988,-0.2191007137298584,-0.03436851501464844,1.1762639284133911,2.9330451488494873,2.773287296295166
1.4377145767211914,-0.22105813026428223,0.01029205322265625,7.841409206390381,3.086184024810791,2.5776548385620117
-1.9507226943969727,-0.22040987014770508,-0.06887960433959961,2.1936793327331543,3.057640790939331,2.6335277557373047
-4.460229396820068,-0.19888830184936523,-0.03850603103637695,1.7430906295776367,3.0342893600463867,2.4676706790924072
-1.7022135257720947,-0.21365904808044434,0.052298545837402344,3.2382171154022217,3.023366928100586,2.5024735927581787
-4.460340976715088,-0.24725699424743652,0.09656405448913574,5.003903865814209,3.0765469074249268,2.6147706508636475
-4.6280529499053955,-0.2236652374267578,0.14936041831970215,1.8851802349090576,3.0545990467071533,3.196185350418091
-9.128579087555408,-0.20855069160461426,-0.03357267379760742,0.08930497616529465,2.9745659828186035,2.6368424892425537
-6.900476932525635,-0.1856689453125,-0.06625628471374512,2.004581928253174,2.9489572048187256,2.73639178276062
-10.376621842384338,-0.17921042442321777,-0.13582801818847656,0.5124572515487671,2.873957872390747,2.368378162384033
-0.9208850860595703,-0.14630508422851562,-0.09203004837036133,6.360593318939209,2.966867208480835,2.7131409645080566
-6.036646842956543,-0.14574909210205078,-0.1062769889831543,1.8257780075073242,2.9411187171936035,2.473057270050049
-3.3754395246505737,-0.1287224292755127,-0.074676513671875,1.9466840028762817,2.9224178791046143,2.8759031295776367
-3.681171417236328,-0.13653969764709473,-0.08226633071899414,6.970006942749023,3.0290164947509766,2.366314649581909
-0.23980998992919922,-0.143873929977417,-0.13500547409057617,8.034806251525879,3.138544797897339,2.413201093673706
-3.201200008392334,-0.12964940071105957,-0.04955267906188965,2.1068806648254395,3.1196863651275635,2.606571912765503
-2.4749984741210938,-0.12630844116210938,-0.09822773933410645,8.822308540344238,3.250443458557129,2.8085949420928955
2.89132022857666,-0.16869330406188965,-0.007181286811828613,13.473176002502441,3.458627700805664,1.798295259475708
-7.5849928855896,-0.20951342582702637,-0.10087466239929199,4.184953212738037,3.4597220420837402,2.997424840927124
-9.892684817314148,-0.19015097618103027,-0.07406115531921387,1.8976794481277466,3.432265520095825,2.2996857166290283
-1.6417760848999023,-0.18368291854858398,0.12021756172180176,1.8573627471923828,3.399275064468384,2.303635358810425
-3.6440012454986572,-0.19230365753173828,0.03610992431640625,3.6549432277679443,3.4058122634887695,2.848148822784424
-1.2334041595458984,-0.1929621696472168,0.11149024963378906,8.640837669372559,3.506415843963623,3.025151252746582
-9.268328748643398,-0.17704010009765625,-0.017438173294067383,0.04182807356119156,3.4451889991760254,3.057086706161499
-2.688560962677002,-0.1517505645751953,-0.08790755271911621,2.453464984893799,3.440415382385254,2.7255215644836426
-1.1737918853759766,-0.17510986328125,-0.07386279106140137,3.0185866355895996,3.411965847015381,2.7839128971099854
-4.346925258636475,-0.17878222465515137,0.1621105670928955,2.4338536262512207,3.392369031906128,2.8708460330963135
-2.312016010284424,-0.1649332046508789,0.012291669845581055,2.364253044128418,3.3805460929870605,2.4820847511291504
-2.3368687629699707,-0.17751026153564453,-0.1409405916929245,3.3541502952575684,3.384582757949829,0.1949068158864975
-4.624268054962158,-2.461568593978882,0.04961848258972168,0.21965360641479492,0.21965360641479492,2.4731242656707764
-6.1448406064882874,-1.677722878754139,0.03611350059509277,0.008722892962396145,0.09994643181562424,3.6599838733673096
-4.572527709882706,-1.316851731389761,-0.014328718185424805,0.0010387268848717213,0.06225800886750221,2.6364428997039795
-5.401418447494507,-1.086777776479721,0.036223649978637695,0.8764069080352783,0.2660875618457794,2.660122871398926
-4.475694144843146,-0.9151339828968048,0.2810990810394287,0.0023765910882502794,0.21096286177635193,4.05776309967041
-7.355991721153259,-1.4398642778396606,0.04875779151916504,1.273837685585022,0.38403820991516113,2.5722224712371826
-2.9297728538513184,-0.461957186460495,-0.027510881423950195,0.5922994613647461,0.42981502413749695,2.498683452606201
-5.217435300350189,-0.12294694781303406,-0.1598191000521183,0.3184543251991272,0.40972384810447693,0.03730028495192528
-5.359624471515417,-1.2292265556752682,0.2302713394165039,0.02295294776558876,0.02295294776558876,3.0529351234436035
-8.03499649418518,-1.19396086409688,-0.03537702560424805,0.0041937981732189655,0.014337580651044846,3.8004353046417236
-4.275003137299791,-1.1413944866508245,0.20604348182678223,0.0007746794726699591,0.009644994512200356,3.1023030281066895
-3.9030316919088364,-1.1060843598097563,-0.41340160369873047,0.05896677076816559,0.022348152473568916,2.9121720790863037
-4.410454309545457,0.0170736035797745,0.018524169921875,0.0024551982060074806,0.018911313265562057,3.0057005882263184
-0.9584746360778809,-0.696518063545227,-0.04781818389892578,2.2500526905059814,0.39280903339385986,2.6622674465179443
-4.573310852050781,-1.1853716969490051,-0.010095596313476562,2.590327262878418,0.7061188817024231,3.2064266204833984
-7.462519189459272,-0.8004158139228821,0.044106245040893555,0.0005287918029353023,0.6147997975349426,2.75041127204895
-5.246293544769287,-0.8542475700378418,0.024944782257080078,3.3730502128601074,0.9260809421539307,2.8473544120788574
-4.469675168395042,-0.6763421893119812,-0.006459236145019531,0.17023171484470367,0.85113126039505,2.756425619125366
-3.6525206565856934,-0.7163569927215576,-0.014479637145996094,2.9011826515197754,1.036786675453186,2.8639016151428223
-2.401608467102051,-0.9001959562301636,-0.06331706047058105,6.329376220703125,1.477901577949524,2.614281415939331
-0.14304351806640625,-5.897432565689087,-0.028495311737060547,7.781917572021484,1.9650018215179443,2.2843101024627686
-2.3822178840637207,-4.552904844284058,0.0464634895324707,5.004933834075928,2.177044153213501,2.470057487487793
-5.217695116996765,-2.881173849105835,-0.0016803741455078125,1.2123414278030396,2.112619638442993,2.3017358779907227
-5.179499626159668,-1.8304352760314941,-0.04920467734336853,0.601658821105957,2.024449110031128,0.22530606389045715
-3.593110917136073,-4.6069668512791395,0.08224630355834961,0.023441912606358528,0.023441912606358528,2.707223892211914
-4.240485054906458,-3.9550365703180432,0.13840270042419434,0.0046249800361692905,0.015350650064647198,4.000960350036621
-4.613481658161618,-3.4671252025291324,0.2809765338897705,0.0007151191821321845,0.010488246567547321,3.019867420196533
-6.8840391635894775,-1.7515230774879456,-0.0644683837890625,1.1338164806365967,0.29169315099716187,2.6789870262145996
-4.875731576932594,-0.7457938343286514,-0.15502357482910156,0.00315941427834332,0.2440304011106491,2.7346832752227783
-1.6983344554901123,-0.974281907081604,-0.15214085578918457,2.5102603435516357,0.6040472984313965,2.6584620475769043
-4.215571880340576,-0.8451113700866699,-0.15761494636535645,3.569237232208252,1.0248608589172363,2.371408700942993
-1.4267300367355347,-0.6406732797622681,-0.17214369773864746,1.330687403678894,1.0823827981948853,2.0665221214294434
-3.8199539184570312,-0.7372545003890991,-0.0769810676574707,5.165166854858398,1.520384669303894,2.2701797485351562
-7.397922992706299,-1.1211973428726196,-0.013779878616333008,0.35579681396484375,1.4007712602615356,2.0146963596343994
-2.787987172603607,-0.9379668235778809,0.002742171287536621,0.16491180658340454,1.305361032485962,1.8860042095184326
-1.2608966827392578,-8.526013135910034,0.036599159240722656,10.948190689086914,2.1031839847564697,2.5633597373962402
-0.07574868202209473,-4.621724605560303,0.06282532215118408,2.5650362968444824,2.142876148223877,1.8720643520355225
-5.1297712326049805,-2.7877016067504883,0.035584792494773865,1.3666715621948242,2.083332061767578,0.10818038135766983
-4.797682039439678,-4.715040437877178,-0.06630134582519531,0.06997991353273392,0.06997991353273392,2.6152806282043457
-7.618523082695901,-3.803078103810549,-0.11914873123168945,0.011131801642477512,0.04025371000170708,3.8443706035614014
-5.104691623593681,-3.160563526675105,-0.016556739807128906,0.00084436044562608,0.031248750165104866,2.902053117752075
-3.939767837524414,-2.7338687479496,-0.1150655746459961,0.4667935371398926,0.14247164130210876,2.5145130157470703
-6.75018759444356,-2.4402054101228714,-0.13484764099121094,0.004072468727827072,0.10676233470439911,2.6104331016540527
-5.256319999694824,-7.523547351360321,-0.1639270782470703,3.7282543182373047,0.7054269909858704,2.3208346366882324
-2.9886887073516846,-4.637837529182434,-0.14808130264282227,3.0452024936676025,1.038324236869812,2.5152029991149902
-5.203647613525391,-2.981574773788452,-0.09339213371276855,0.7818222045898438,0.9921536445617676,2.6070220470428467
-2.184669017791748,-2.7323801517486572,-0.010188817977905273,5.012754917144775,1.4451782703399658,2.529083490371704
-2.518562078475952,-2.0054876804351807,-0.044867515563964844,1.6906321048736572,1.4789364337921143,3.2945761680603027
-2.660771369934082,-1.8642548322677612,-0.0017099380493164062,4.8058977127075195,1.7787021398544312,3.183788776397705
-4.249361038208008,-1.6431407928466797,-0.14792847633361816,4.965455055236816,2.0458180904388428,2.7864134311676025
-2.623349189758301,-0.6901810169219971,-0.1710517406463623,2.507020950317383,2.075044631958008,2.977790355682373
-4.061862468719482,-4.399420499801636,0.011039018630981445,7.705957889556885,2.475639581680298,2.5970053672790527
-6.479585647583008,-6.857336759567261,-0.024924516677856445,3.7818470001220703,2.55682110786438,2.125415325164795
-2.3109116554260254,-5.291612386703491,-0.2347257137298584,2.5936694145202637,2.56561541557312,2.5824365615844727
-2.5450310707092285,-4.24701452255249,-0.18258881568908691,2.1957974433898926,2.5389833450317383,2.572028398513794
-3.316833257675171,-3.5388870239257812,-0.2396392822265625,2.1344854831695557,2.5030503273010254,2.5963406562805176
-3.1203067302703857,-2.996479034423828,-0.28051257133483887,1.7545397281646729,2.4698705673217773,2.6741597652435303
-5.4763065576553345,-2.4777369499206543,-0.24863839149475098,0.49023234844207764,2.3675856590270996,2.606009006500244
-3.767852783203125,-2.235377073287964,-0.18283748626708984,2.3987607955932617,2.3659026622772217,2.5175554752349854
-2.84881854057312,-0.8046026229858398,-0.21504606306552887,2.5587961673736572,2.3768057823181152,0.18757431209087372
-4.156694516539574,-1.5795862525701523,0.06802511215209961,0.07448519766330719,0.07448519766330719,2.4735398292541504
-6.305823044851422,-1.3537861295044422,0.03136253356933594,0.005177779123187065,0.039822082966566086,3.7436039447784424
-6.034019661194179,-1.2000122349709272,0.03819751739501953,0.0007875440060161054,0.02602037973701954,2.8411123752593994
-4.997100353240967,-0.9194654226303101,-0.05005455017089844,0.8674464225769043,0.23679685592651367,2.4968082904815674
-6.100321677746251,-0.8204760104417801,0.1853504180908203,0.002451511798426509,0.18634013831615448,3.452800750732422
-1.7508130073547363,-0.4893113374710083,-0.05266571044921875,5.2583746910095215,1.028665542602539,2.400150775909424
-9.75888842344284,-0.49503207206726074,-0.024237394332885742,0.2810419201850891,0.9208770990371704,2.0506632328033447
-2.451920986175537,-3.4106026887893677,-0.15282489359378815,4.143937110900879,1.317867636680603,0.031351104378700256
-4.428948991000652,-0.4565180465579033,0.2747807502746582,0.0739530399441719,0.0739530399441719,2.9987597465515137
-4.390775663778186,-0.33030320703983307,0.029648303985595703,0.004414575174450874,0.038647010922431946,3.7306065559387207
-4.555860574007966,-0.2281963974237442,0.27260589599609375,0.0011405398836359382,0.025350794196128845,2.958054542541504
-6.2592934630811214,-0.33350978791713715,-0.26555562019348145,0.061586473137140274,0.0339781790971756,2.586700201034546
-3.7261031907983124,-0.28846117854118347,-0.10640120506286621,0.0022386270575225353,0.027444154024124146,2.8145387172698975
-0.47098684310913086,-0.27336758375167847,-0.027070045471191406,3.8404502868652344,0.6633549928665161,2.9707865715026855
1.6721992492675781,-10.03267788887024,-0.07242441177368164,12.04292106628418,2.2880008220672607,2.7746129035949707
0.33369922637939453,-6.221409320831299,-0.0533289909362793,4.949212074279785,2.615999698638916,2.6134796142578125
-3.944273591041565,-3.945993185043335,-0.029178857803344727,1.341211199760437,2.4766013622283936,2.992332696914673
-7.465295314788818,-3.008451461791992,-0.09374475479125977,2.369886875152588,2.4636502265930176,3.172865152359009
-7.295488119125366,-2.68231463432312,-0.231919527053833,3.0471975803375244,2.5165536403656006,2.6157772541046143
-4.125066637992859,-2.207500696182251,-0.18196558952331543,1.4077702760696411,2.42885422706604,2.9487979412078857
-3.006974935531616,-1.8402798175811768,-0.19923996925354004,1.231868028640747,2.3408167362213135,3.1188454627990723
-3.4223954677581787,-1.6906406879425049,-0.17949676513671875,3.500337839126587,2.420119047164917,2.891202449798584
-2.2059993743896484,-1.5193660259246826,-0.18985366821289062,4.0359954833984375,2.5281455516815186,2.655932664871216
-7.02203369140625,-1.7578420639038086,-0.2706124782562256,7.648995399475098,2.848315715789795,3.0671565532684326
-13.758928507566452,-1.5094215869903564,-0.26020050048828125,0.13571909070014954,2.6893985271453857,2.455756187438965
-2.042605400085449,-1.3689017295837402,-0.19880032539367676,2.005483627319336,2.6562118530273438,2.4102299213409424
-6.314501166343689,-1.2639806270599365,-0.20035338401794434,1.4534584283828735,2.5873863697052,2.945934772491455
-5.437035083770752,-1.111454725265503,-0.1502988338470459,1.632875919342041,2.5406136512756348,2.247084379196167
-1.9764442443847656,-1.024977684020996,-0.13372540473937988,3.1917757987976074,2.5638747215270996,2.2697255611419678
-3.771812915802002,-0.9982573986053467,-0.21395215392112732,2.2116236686706543,2.554602861404419,0.1770845353603363
-3.628970693796873,-1.261010479182005,0.07340526580810547,0.041824985295534134,0.041824985295534134,2.639946937561035
-6.486222045496106,-1.0650595389306545,-0.027032136917114258,0.002974255010485649,0.022257093340158463,3.7160885334014893
-2.4024039346841164,-0.9165471829473972,-0.07787871360778809,0.0008264940115623176,0.01559203490614891,2.916072368621826
-8.826691925525665,-0.8142666965723038,-0.00128173828125,0.798991858959198,0.2111825793981552,2.5710535049438477
-5.424010819522664,-0.747570663690567,0.0643155574798584,0.0030302342493087053,0.1641184389591217,3.0928244590759277
-0.7332601547241211,-8.39920198917389,-0.051631927490234375,8.92245864868164,1.6206496953964233,2.153646945953369
-3.2187711000442505,-4.043653845787048,-0.050778865814208984,1.1485823392868042,1.5502897500991821,2.075289011001587
-4.962217718362808,-2.4820958375930786,-0.17831658199429512,0.32429084181785583,1.38253653049469,0.030857723206281662
-3.422984018921852,-1.7779601961374283,0.23241567611694336,0.03193388879299164,0.03193388879299164,3.0780889987945557
-6.28687064233236,-1.6431434229016304,-0.01147770881652832,0.002506093354895711,0.016728512942790985,3.8426361083984375
-4.93937174876919,-1.5202246652916074,0.07615995407104492,0.0008958140970207751,0.012056971900165081,3.007340669631958
-5.68085515499115,-1.4168690741062164,-0.6235113143920898,0.10463964939117432,0.035092324018478394,2.707085132598877
-4.346297315321863,-1.3251301050186157,-0.07806587219238281,0.005718656815588474,0.030139923095703125,2.717963695526123
-1.4870517253875732,-0.9640793204307556,-0.2619140148162842,3.0641672611236572,0.5353767275810242,2.6249494552612305
-6.041466951370239,-0.8991280198097229,-0.3126688003540039,0.5074632167816162,0.536892831325531,2.5509228706359863
-1.5006210803985596,-0.56145179271698,-0.2115790843963623,3.819575071334839,0.9508346319198608,2.5986175537109375
-0.4394550323486328,-0.20021164417266846,-0.20468703657388687,5.684287071228027,1.4738411903381348,0.120137058198452
-5.966803282499313,-3.5842046439647675,0.2657787799835205,0.30150774121284485,0.30150774121284485,2.8867604732513428
-10.174668894498609,0.14791306387633085,0.11483478546142578,0.0017522709676995873,0.1609690934419632,3.934204578399658
-5.511508904863149,0.12113980110734701,-0.006460905075073242,0.0009379754774272442,0.12734121084213257,2.9927642345428467
-7.487602651119232,-0.12566334009170532,-0.028113365173339844,0.2607112526893616,0.14184996485710144,2.6098034381866455
-3.180345555767417,-0.09734583646059036,0.3033719062805176,0.004907349124550819,0.1144263967871666,2.889892339706421
-4.704209327697754,0.07107222080230713,-0.10798263549804688,5.661397933959961,1.0621628761291504,2.379054546356201
-3.8040984869003296,0.19081991910934448,-0.13388442993164062,1.1694027185440063,1.112343430519104,2.199967861175537
-5.221989095211029,0.17442429065704346,-0.253478042781353,0.31391817331314087,1.0044313669204712,0.039914317429065704
-4.954051708802581,-1.9214107748121023,0.2589263916015625,0.020563388243317604,0.020563388243317604,3.195596218109131
-7.668135521118529,-1.5470480090007186,0.20810461044311523,0.0018249776912853122,0.011017167009413242,4.013444900512695
-5.172216620063409,-1.2865030975081027,0.145005464553833,0.000639710808172822,0.007451394107192755,3.086678981781006
-4.196336552500725,-1.1136710308492184,-0.24317479133605957,0.1669728308916092,0.047320399433374405,2.857357978820801
-3.4685998940840364,-0.9674703180789948,-0.0001201629638671875,0.006412169896066189,0.041934698820114136,2.821824550628662
-1.4951763153076172,-0.560062050819397,0.17911434173583984,4.444745063781738,0.7767956256866455,2.7897188663482666
-1.856685757637024,-0.46831214427948,0.18779420852661133,1.3732579946517944,0.8436540365219116,2.6243486404418945
-4.989112168550491,-0.43981754779815674,0.19418810307979584,0.3717658221721649,0.784784197807312,0.27228838205337524
-2.106760347262025,-0.337202126160264,-0.031693458557128906,0.02851763926446438,0.02851763926446438,2.7605817317962646
-5.445032886462286,-0.26318994350731373,0.06555724143981934,0.002692409558221698,0.015083102509379387,4.036002159118652
-4.328494536457583,-0.21444464195519686,0.01836252212524414,0.0006723527330905199,0.011021296493709087,2.9303925037384033
-3.3348265886306763,-0.04362931847572327,0.21596622467041016,1.1480721235275269,0.29536399245262146,2.9058427810668945
-3.7082486585713923,-0.057322368025779724,-0.01268315315246582,0.003914789762347937,0.24255113303661346,2.8011550903320312
-3.459585189819336,-0.0346754789352417,-0.06877636909484863,5.313573837280273,1.1188417673110962,2.5114011764526367
-2.8066349625587463,-0.046697258949279785,0.028909683227539062,0.5947641730308533,1.0480287075042725,2.8460419178009033
-6.122440338134766,-4.738101124763489,0.0028908252716064453,5.460990905761719,1.6002424955368042,2.10597562789917
-4.0475687980651855,-2.016439437866211,0.01594400405883789,0.9260087013244629,1.5350685119628906,2.098961353302002
-4.717973947525024,-1.018775463104248,-0.026998870074748993,0.5174806118011475,1.4602830410003662,0.08819574862718582
-4.331576317548752,-1.5178270041942596,0.06960391998291016,0.03836062550544739,0.03836062550544739,3.0066323280334473
-8.566619684686884,-1.415507996454835,0.12363123893737793,0.002037236699834466,0.021694457158446312,3.8805954456329346
-4.52262514620088,-1.3114749193191528,0.02590179443359375,0.0009110590908676386,0.01510775089263916,2.986886501312256
-4.9732398092746735,-1.1907791420817375,-0.2578442096710205,0.4129410684108734,0.1153917983174324,2.7360336780548096
-4.719123752787709,-1.131892278790474,0.08725905418395996,0.008574573323130608,0.08427183330059052,2.963381052017212
-6.553350448608398,-1.0743639469146729,0.2583944797515869,1.5007381439208984,0.32159221172332764,2.8135857582092285
-6.915261149406433,-0.9798738956451416,0.39499759674072266,0.7041836977005005,0.36782360076904297,2.712454080581665
-4.996605724096298,-0.8959929943084717,0.1914133056998253,0.40258803963661194,0.38690268993377686,0.2744545340538025
-2.812442868947983,-0.9632472693920135,0.00031828880310058594,0.027140766382217407,0.027140766382217407,2.793952226638794
-4.726069081109017,-0.771635677665472,-0.003255605697631836,0.002578150946646929,0.01671287789940834,3.847254514694214
-5.82318797998596,-0.6487681409344077,-0.0521998405456543,0.0008834273321554065,0.01183526311069727,2.8795061111450195
-3.5991100072860718,-0.3501259684562683,0.5324809551239014,1.2198244333267212,0.31386494636535645,3.2592110633850098
-4.359591006999835,0.24079839559271932,0.012929439544677734,0.0030083658639341593,0.24690492451190948,2.889295816421509
-2.7392959594726562,-0.6523528695106506,-0.14335966110229492,2.452012062072754,0.6221370100975037,2.7090275287628174
-4.841495752334595,-0.9580438137054443,0.012044191360473633,3.9015920162200928,1.0933036804199219,2.7624759674072266
-1.8827409744262695,-0.8602249622344971,0.0934915542602539,5.240793228149414,1.6165246963500977,2.86549711227417
-5.795196771621704,-1.2070116996765137,0.12353134155273438,3.933030843734741,1.8815178871154785,2.9381165504455566
-5.653152227401733,-0.9587434530258179,0.048291921615600586,1.8631460666656494,1.8846107721328735,2.8410110473632812
-2.704859733581543,-0.6206295490264893,-0.04216647148132324,2.911299705505371,1.9676125049591064,2.5379767417907715
-2.574767589569092,-0.7364609241485596,0.043427467346191406,2.6591925621032715,2.0195138454437256,2.9001948833465576
-4.717435836791992,-0.7157340049743652,-0.013740062713623047,3.6489152908325195,2.1505672931671143,2.9348998069763184
-1.5449638366699219,-0.6182050704956055,-0.03994560241699219,1.9740488529205322,2.142237424850464,2.544614315032959
-1.8480267524719238,-2.2710180282592773,-0.06881141662597656,6.129627704620361,2.4034576416015625,2.151092052459717
-1.2190027236938477,-1.1209394931793213,-0.03624773025512695,2.9906272888183594,2.4317314624786377,2.8335957527160645
-2.7934675216674805,-1.3355045318603516,-0.005029916763305664,5.263757705688477,2.5919933319091797,2.7917556762695312
-4.559319257736206,-0.8879029750823975,0.06379532814025879,1.542848825454712,2.5309555530548096,2.697934865951538
-1.2152595520019531,-1.347334384918213,0.16455070674419403,4.006526470184326,2.6185379028320312,0.21902544796466827
-3.9885994493961334,-2.4126314222812653,-0.19339442253112793,0.07811674475669861,0.07811674475669861,2.6199183464050293
-7.642395026516169,-2.2666430845856667,-0.030770301818847656,0.003935806918889284,0.046922408044338226,3.6658339500427246
-4.905068325693719,-2.130411235615611,0.08129310607910156,0.0008998635457828641,0.028984220698475838,2.814785957336426
-4.923283576965332,-1.7589951753616333,-0.43082213401794434,1.1154251098632812,0.2982887029647827,2.5617268085479736
-4.467288035200909,-1.7114366292953491,-0.3968961238861084,0.0036239444743841887,0.22492384910583496,3.033576011657715
-3.6580042839050293,-1.0841574668884277,0.2704477310180664,5.434472560882568,1.0550205707550049,2.6944327354431152
-1.6456762552261353,-1.0478638410568237,0.3237488269805908,0.7848366498947144,1.0200821161270142,2.854271411895752
-5.116139709949493,-1.0487787127494812,0.3061816543340683,0.2947379946708679,0.930597722530365,0.4401698708534241
-3.6932393796741962,-1.2388939149677753,-0.022507429122924805,0.03160245344042778,0.03160245344042778,2.7185616493225098
-7.653322427067906,-1.0962558779865503,-0.037093162536621094,0.0022757365368306637,0.017413636669516563,3.7242941856384277
-3.911441375326831,-0.976555791683495,0.26557374000549316,0.0009018882992677391,0.010758969001471996,2.963909387588501
-3.925689935684204,0.100333571434021,-0.09176826477050781,2.2878835201263428,0.5792266726493835,2.5801618099212646
-6.777503612916917,0.19490039348602295,-0.23226022720336914,0.002674457151442766,0.43486088514328003,2.772493839263916
-1.1379594802856445,-0.609154224395752,-0.13543915748596191,4.123639106750488,1.0434833765029907,2.9090182781219482
-4.804436922073364,-0.7037509679794312,-0.1425924301147461,2.259749174118042,1.2285224199295044,2.681398391723633
-3.0445408821105957,-0.5695077180862427,-0.2414717674255371,1.4357285499572754,1.2488853931427002,2.374443292617798
-3.618603467941284,-0.5312665700912476,-0.16151046752929688,1.4667699337005615,1.2763707637786865,2.7361931800842285
-0.3815441131591797,-0.67291259765625,-0.06665396690368652,10.287891387939453,2.1787219047546387,2.791851043701172
-8.459398865699768,-0.6606447696685791,-0.08572554588317871,1.5405782461166382,2.116774082183838,2.629789113998413
-2.2785983085632324,-1.7664659023284912,-0.12130546569824219,3.712696075439453,2.256192445755005,2.6289873123168945
-3.021635055541992,-2.811042547225952,-0.15399694442749023,6.2069292068481445,2.574505090713501,2.8504908084869385
-0.19531536102294922,-2.1325323581695557,-0.14635443687438965,4.574324607849121,2.746751070022583,2.1812777519226074
-1.3484222888946533,-1.7128698825836182,-0.12597894668579102,3.924973249435425,2.826103925704956,2.5191359519958496
-3.369553804397583,-1.1660001277923584,-0.1122434139251709,1.4127848148345947,2.730217218399048,2.93249773979187
-5.517584800720215,-1.3415236473083496,-0.05955815315246582,4.710247993469238,2.8445534706115723,2.493022918701172
-2.4981284141540527,-1.184283971786499,-0.05364489555358887,2.664930820465088,2.8401362895965576,2.3730602264404297
-2.8763790130615234,-1.1257598400115967,0.0018872618675231934,3.1878256797790527,2.858010768890381,0.14264468848705292
-4.3636554479599,-3.8842729330062866,-0.028269529342651367,0.32046663761138916,0.32046663761138916,2.9087560176849365
-6.5579693431500345,-3.3515661656856537,0.047815561294555664,0.003313291585072875,0.15426364541053772,3.7381625175476074
-5.4543766916613095,-2.9256705716252327,-0.05741691589355469,0.0009703694959171116,0.10681777447462082,2.9454236030578613
-4.93864968419075,-2.5530276000499725,0.08193564414978027,0.3978275954723358,0.17628934979438782,2.7607522010803223
-5.293448410229757,-2.266451448202133,-0.033583879470825195,0.0032620809506624937,0.14925256371498108,3.45479154586792
-1.9451475143432617,-8.199578285217285,0.11640310287475586,6.255352973937988,1.165572166442871,2.46142578125
-4.1496903002262115,-4.21668267250061,0.08775067329406738,0.48490843176841736,1.0711815357208252,2.5824384689331055
-6.254053249955177,-2.652074933052063,0.011864423751831055,0.1773594468832016,0.9586247205734253,0.23199085891246796
-5.131251856684685,-1.0768714398145676,0.03993964195251465,0.0178498774766922,0.0178498774766922,2.9348669052124023
-7.012468141969293,-0.9548574173822999,-0.04774332046508789,0.0020334296859800816,0.010132900439202785,3.890972852706909
-3.3568828850984573,-0.8603927423246205,0.020008087158203125,0.0007909983396530151,0.006829745601862669,2.9409663677215576
-4.928617477416992,-0.4879080057144165,-0.03699612617492676,1.0968942642211914,0.27945607900619507,2.638719320297241
-6.718342260457575,-0.1933058202266693,-0.16111087799072266,0.004100843332707882,0.21855756640434265,2.771602153778076
0.9818987846374512,-0.7927044630050659,-0.22506976127624512,4.390532493591309,0.9137084484100342,3.182302951812744
-3.980754852294922,-0.5345015525817871,-0.22082948684692383,1.2493681907653809,0.963969349861145,2.359776020050049
-2.1262623071670532,-0.4702951908111572,-0.19876837730407715,1.6165648698806763,1.044020414352417,2.465801954269409
-1.5308074951171875,-0.7080676555633545,-0.13295388221740723,5.141429901123047,1.4947147369384766,2.6306774616241455
0.29946088790893555,-0.5789694786071777,-0.08205924928188324,5.788612365722656,1.921461820602417,0.0930672436952591
-3.187402978539467,-1.5119567066431046,0.04807567596435547,0.08799909055233002,0.08799909055233002,2.9327340126037598
-4.6337739827577025,-1.3646200224757195,0.09940075874328613,0.0022633669432252645,0.04517609626054764,3.8259658813476562
-5.601553466171026,-1.1947348862886429,-0.08238625526428223,0.0008759237825870514,0.03318028151988983,2.8686442375183105
-4.805528163909912,-1.0595829486846924,0.13391351699829102,0.409090518951416,0.12520265579223633,2.7238659858703613
-5.245223321020603,-0.9672833830118179,0.1191108226776123,0.0028588399291038513,0.09833882749080658,2.6956350803375244
-5.486911296844482,-0.7114903330802917,0.21242952346801758,2.9325509071350098,0.5676296353340149,2.616213321685791
-2.5408843755722046,-0.6907938718795776,0.2165219783782959,0.4562925100326538,0.5643991231918335,2.6038196086883545
-5.98966421186924,-0.6596208810806274,0.1038612574338913,0.19317804276943207,0.5159797668457031,0.20992431044578552
-4.463394682854414,-2.8947666101157665,-0.0035190582275390625,0.020532090216875076,0.020532090216875076,2.9683732986450195
-5.791996278101578,-2.3222252586856484,-0.0660097599029541,0.0017811877187341452,0.011142565868794918,3.941718339920044
-2.5133910451550037,-1.9367317082360387,0.013987302780151367,0.0007288183551281691,0.007900345139205456,2.924408197402954
-9.309599876403809,-1.4872279167175293,0.24683547019958496,1.0223569869995117,0.26135313510894775,2.8939435482025146
-2.7309712478891015,-1.3233807981014252,-0.07997751235961914,0.004343836568295956,0.20693066716194153,2.697883129119873
-0.5226259231567383,-5.006495356559753,-0.11043930053710938,5.977978706359863,1.1678930521011353,2.656151294708252
-2.456990957260132,-3.22701096534729,-0.06492018699645996,2.3421380519866943,1.3408148288726807,3.029552698135376
-5.400924563407898,-1.9938606023788452,-0.06447410583496094,0.7797785997390747,1.2662752866744995,2.605498790740967
-2.089062213897705,-2.55736768245697,-0.07116484642028809,7.240454196929932,1.92880117893219,2.4610002040863037
-9.548426389694214,-2.024592161178589,-0.10814452171325684,0.6268494129180908,1.8006267547607422,2.428454637527466
-2.540102243423462,-1.89658522605896,-0.09923529624938965,1.7548582553863525,1.7938404083251953,2.097647190093994
-4.673566520214081,-1.5632388591766357,0.026352964341640472,0.2270386815071106,1.6608967781066895,0.1094699278473854
-3.3187194354832172,-4.579390574246645,-0.16171598434448242,0.044361066073179245,0.044361066073179245,2.967226028442383
-7.442553594475612,-3.6948288213461637,0.016510725021362305,0.0022696706000715494,0.021922754123806953,3.8415653705596924
-4.704082263633609,-3.100337527692318,-0.1528644561767578,0.0008609164506196976,0.015145517885684967,2.9170022010803223
-4.374025344848633,-2.6442989259958267,-0.4624521732330322,0.539156436920166,0.14585290849208832,2.60744309425354
-5.153647040948272,0.11559765925630927,-0.14161324501037598,0.005018139258027077,0.12024103105068207,2.8856348991394043
-1.0012917518615723,-1.2582050561904907,1.0616774559020996,5.68665885925293,1.0469666719436646,3.680375576019287
-13.02080151438713,-0.6459872126579285,1.1768289804458618,0.14076712727546692,0.9162195324897766,3.0690529346466064
-3.673191785812378,-0.4026278257369995,0.9873218536376953,0.3817598819732666,0.8556910753250122,3.1409687995910645
-4.135819673538208,-0.9733272790908813,0.3302459716796875,3.9851949214935303,1.2083290815353394,2.8245160579681396
-2.1263082027435303,-0.7292633056640625,0.2134253978729248,2.067694902420044,1.2977745532989502,2.778301239013672
0.9507818222045898,-1.3584589958190918,0.29246068000793457,9.381322860717773,2.04351544380188,2.7803680896759033
0.7844791412353516,-1.3655424118041992,0.1628093719482422,10.445135116577148,2.7535171508789062,2.2014927864074707
0.4683837890625,-1.1847455501556396,0.045119285583496094,5.113542556762695,2.949052095413208,2.574746608734131
-4.710214138031006,-1.0917067527770996,0.0064008235931396484,3.1659960746765137,2.961482524871826,3.141249179840088
-2.886237144470215,-1.3489539623260498,0.10797429084777832,5.521971702575684,3.1344425678253174,2.5222887992858887
1.9147367477416992,-1.4669716358184814,0.09608101844787598,7.98976469039917,3.424484968185425,1.8599058389663696
-1.1584064960479736,-1.1770803928375244,0.06664562225341797,3.098357915878296,3.4148833751678467,2.8238463401794434
-4.478150844573975,-0.7634165287017822,-0.062009572982788086,2.335932731628418,3.352712869644165,2.425947666168213
-1.6409754753112793,-0.9390294551849365,-0.03557705879211426,7.567660808563232,3.5749785900115967,2.7765848636627197
-1.7332258224487305,-0.7735574245452881,-0.0187075138092041,2.440558910369873,3.511957883834839,3.112339496612549
-5.07688570022583,-0.5370059013366699,-0.02028489112854004,2.255915641784668,3.4649200439453125,2.573927640914917
-1.214658260345459,-0.4911336898803711,0.026456594467163086,2.9519686698913574,3.4454102516174316,2.8688805103302
-6.484776437282562,-0.30240941047668457,-0.10465645790100098,0.29769712686538696,3.309981346130371,2.675682544708252
-2.1645963191986084,-0.18971729278564453,-0.05123090744018555,2.291435956954956,3.2706663608551025,2.7668144702911377
-5.62338924407959,-0.24234938621520996,0.04823493957519531,4.462632179260254,3.3208425045013428,3.182992458343506
-8.60423868894577,-0.11094045639038086,0.08743405342102051,0.7480199933052063,3.2261953353881836,2.683769702911377
-1.920914649963379,-0.06273794174194336,-0.04033774137496948,4.275208473205566,3.2641103267669678,0.2620980739593506
-3.360298454761505,-1.4771280884742737,0.13321614265441895,0.5037371516227722,0.5037371516227722,2.666002035140991
-5.042367165442556,-1.342987209558487,0.010815143585205078,0.0033648558892309666,0.29228827357292175,3.79266357421875
-5.07137631502701,-1.2409854382276535,-0.14709210395812988,0.0009675112669356167,0.17207951843738556,2.893113136291504
-4.498678088188171,-1.1374318599700928,0.14137935638427734,0.8590408563613892,0.3211326599121094,2.706944465637207
-6.642727956408635,-1.0369087755680084,0.3801693916320801,0.0038384345825761557,0.2678409516811371,3.4787349700927734
-6.162617087364197,-1.157372146844864,-0.22346830368041992,1.0931612253189087,0.4573279321193695,2.259061574935913
-2.322109818458557,-1.120989441871643,-0.21118998527526855,0.39754951000213623,0.425504207611084,2.386751890182495
-5.796895727515221,-1.051028460264206,-0.212541151791811,0.18753363192081451,0.39442601799964905,0.042253922671079636
-3.3004454243928194,-1.1588863003998995,0.150862455368042,0.021549833938479424,0.021549833938479424,3.1348509788513184
-4.715111502096988,-0.772098321467638,0.02434062957763672,0.001764527871273458,0.011845331639051437,3.8274006843566895
-2.4743320583365858,-0.5709837647154927,0.06435537338256836,0.000802075956016779,0.00948894303292036,2.935769557952881
-4.909183531999588,-0.600069172680378,-0.606809139251709,0.2576770484447479,0.07067083567380905,2.693437337875366
-4.417227471945807,-0.4990316107869148,-0.0401763916015625,0.003189360024407506,0.05847906321287155,2.8495678901672363
-2.57859206199646,-0.7193969786167145,-0.25641798973083496,2.534189462661743,0.48096558451652527,2.6542272567749023
-2.3093180656433105,-0.46295952796936035,-0.21227097511291504,4.843669414520264,1.1101696491241455,1.8915789127349854
-3.5460824966430664,-8.778383255004883,-0.12878990173339844,10.493568420410156,2.2839479446411133,2.4265317916870117
-4.557018280029297,-5.046621084213257,-0.1564469337463379,5.873334884643555,2.6855080127716064,2.3087687492370605
-0.3472123146057129,-4.3309173583984375,-0.18418312072753906,5.662611484527588,2.9838995933532715,2.5081849098205566
-5.206425189971924,-3.799988269805908,-0.19830322265625,4.456772327423096,3.105154514312744,2.4949562549591064
-3.9489145278930664,-3.9561033248901367,-0.17537665367126465,7.947381973266602,3.516326904296875,2.3327271938323975
-5.104848265647888,-3.1842703819274902,-0.1499035358428955,1.564592957496643,3.353579044342041,3.021240234375
0.6961078643798828,-3.062380075454712,-0.12366509437561035,7.148338794708252,3.6243526935577393,2.8972439765930176
0.05557441711425781,-2.832704544067383,-0.048572540283203125,7.254786491394043,3.8768649101257324,2.177137851715088
-0.6246366500854492,-4.722301483154297,-0.10933923721313477,8.805580139160156,4.176995277404785,2.8211448192596436
-2.1518659591674805,-5.047736167907715,-0.0574033260345459,10.166626930236816,4.517525672912598,2.811218023300171
-4.205526232719421,-2.7080063819885254,0.049765825271606445,1.57581627368927,4.355802059173584,3.0339338779449463
-5.98394250869751,-2.0112576484680176,-0.13805890083312988,4.081599712371826,4.355449199676514,2.5120158195495605
-3.2455501556396484,-1.2521705627441406,-0.34569431468844414,3.137697696685791,4.2801923751831055,0.0541926808655262
-4.1011662147939205,-1.304440464824438,0.2890758514404297,0.03634980693459511,0.03634980693459511,2.8791942596435547
-4.16634797421284,-1.102289080619812,-0.1464672088623047,0.002801424590870738,0.01911616325378418,3.808257579803467
-4.3652045573689975,-0.942015134729445,-0.22196340560913086,0.0009606037638150156,0.01386640127748251,3.004096031188965
-6.747903376817703,-0.8162170983850956,0.08714914321899414,0.14441248774528503,0.04635467752814293,2.786106586456299
-3.3028584104031324,-0.7362657822668552,0.2766416072845459,0.004239263013005257,0.03645354136824608,3.2651638984680176
-6.973357677459717,-0.8869268298149109,-0.005747079849243164,0.9080328941345215,0.18337315320968628,2.6022696495056152
-3.120072141289711,-0.840424969792366,0.0062580108642578125,0.2039007991552353,0.1847030371427536,2.650909900665283
-4.9420445412397385,-0.7916857898235321,-0.05766831338405609,0.0731179267168045,0.1711655557155609,0.08751043677330017
-3.868712415918708,-1.858618250116706,0.04437255859375,0.019905099645256996,0.019905099645256996,3.0251259803771973
-5.980659639695659,-1.5983426542952657,0.04373931884765625,0.0020302177872508764,0.010966899804770947,3.920429229736328
-6.2661807389813475,-1.4001166056841612,0.12270784378051758,0.0008280424517579377,0.007763700559735298,2.968010902404785
-3.4660163521766663,-0.2161770835518837,-0.14847135543823242,0.34619206190109253,0.09234797209501266,2.653730869293213
-4.383792349137366,-0.08322854340076447,0.12144875526428223,0.0068727051839232445,0.07348310947418213,2.983274459838867
-1.984830617904663,-0.48438602685928345,-0.11736178398132324,2.6351983547210693,0.5022885203361511,2.805262565612793
-1.0507431030273438,-0.9859167337417603,-0.008226871490478516,4.156481742858887,1.0231388807296753,2.7652602195739746
-2.9897923469543457,-1.0410445928573608,-0.14977788925170898,1.1569409370422363,1.0504592657089233,2.389514923095703
-1.9915838241577148,-0.9190337657928467,-0.17108750343322754,3.264606475830078,1.301257610321045,2.4696500301361084
-2.5796823501586914,-0.8780845403671265,-0.2031238079071045,2.674912452697754,1.4433852434158325,2.5914340019226074
-1.0109224319458008,-0.8697893619537354,-0.12665843963623047,5.538993835449219,1.8116168975830078,2.753478527069092
-8.963797569274902,-0.9007229804992676,0.021147966384887695,5.00563907623291,2.077786445617676,2.8111445903778076
1.8944265842437744,-0.8247852325439453,-0.009566545486450195,3.4242162704467773,2.1821553707122803,2.546938419342041
-4.028547167778015,-0.7365708351135254,-0.049605369567871094,1.6331416368484497,2.1514394283294678,2.971548557281494
-7.760373115539551,-0.7701096534729004,-0.12392878532409668,4.144040107727051,2.285623073577881,3.131995916366577
-4.171834945678711,-0.7390601634979248,-0.09047842025756836,0.7437458038330078,2.185059070587158,2.56685733795166
-2.601134181022644,-0.7239985466003418,-0.23174452781677246,1.9477063417434692,2.1630043983459473,2.823328733444214
-5.493374347686768,-0.7929730415344238,-0.13114404678344727,2.3993754386901855,2.176223039627075,2.4032130241394043
-2.9835842847824097,-0.0876457691192627,-0.009656667709350586,1.5519520044326782,2.1344361305236816,3.046308994293213
-5.311768531799316,0.21726572513580322,0.021125078201293945,1.2171006202697754,2.095480442047119,2.967125177383423
-5.802570223808289,0.2584303617477417,0.007622957229614258,1.2385812997817993,2.0542728900909424,2.682685136795044
-3.2446422576904297,-0.510035514831543,0.010977029800415039,8.11556339263916,2.3306305408477783,2.8460817337036133
-5.978999599814415,-0.1703934669494629,0.03348731994628906,0.1084752231836319,2.2396786212921143,2.684812068939209
-3.616532325744629,-0.1889946460723877,0.010788202285766602,2.5583105087280273,2.253141403198242,3.055698871612549
-5.034182071685791,-0.11893463134765625,0.08853960037231445,1.2184271812438965,2.205920696258545,2.708176612854004
-0.9370617866516113,-1.8281347751617432,-0.07297825813293457,3.531912326812744,2.2654550075531006,2.183629035949707
0.07602262496948242,-2.723195791244507,-0.1543266773223877,6.840529918670654,2.4365556240081787,2.5537776947021484
-8.769454956054688,-2.817350149154663,-0.24517321586608887,5.204080581665039,2.5362489223480225,2.118147373199463
-4.451103210449219,-2.1027822494506836,-0.3395094871520996,2.478327751159668,2.529336452484131,2.2855429649353027
-3.217735767364502,-1.5334055423736572,-0.5130654349923134,2.5425171852111816,2.5308926105499268,0.04604317992925644
-1.542941838502884,-2.313171774148941,0.5352439880371094,0.1117163598537445,0.1117163598537445,2.8723530769348145
-7.057015575002879,-1.7669221051037312,0.18510937690734863,0.0030206074006855488,0.054762374609708786,3.929337739944458
-3.3296928771887906,-1.4212289154529572,-0.1785435676574707,0.0008878341759555042,0.03656551241874695,3.0394530296325684
-5.825439453125,-1.3149528354406357,0.13448262214660645,0.10072517395019531,0.05280269682407379,2.6271615028381348
-4.1966314520686865,-1.1294956877827644,0.48819613456726074,0.003847578540444374,0.043392114341259,3.5182929039001465
-4.0065107345581055,-1.4204111099243164,-0.27384138107299805,4.2249755859375,0.7396605014801025,2.1899871826171875
-12.67157469689846,-2.11190527677536,-0.32277941703796387,0.18136300146579742,0.6547864079475403,2.0139753818511963
-3.0368005335330963,-1.2876120209693909,-0.1860520839691162,0.4200218617916107,0.6191449761390686,2.5135581493377686
-4.443271115422249,-0.9091447591781616,-0.352326488122344,0.24338774383068085,0.5838401317596436,0.02662053145468235
-3.5563139505684376,-1.5560832805931568,0.368361234664917,0.04259113594889641,0.04259113594889641,3.085019588470459
-5.60676131490618,-1.4548363666981459,-0.11974763870239258,0.004018447361886501,0.02422487922012806,3.787259578704834
-6.621218062646221,0.01534079568227753,0.26444053649902344,0.0008183944155462086,0.016186347231268883,3.118868827819824
-5.271537978202105,-0.5061327666044235,-0.8275659084320068,0.05059603974223137,0.025262847542762756,2.8700520992279053
-5.372998513048515,-0.316832821816206,0.008932352066040039,0.0022532569710165262,0.020510006695985794,2.9727866649627686
0.7902002334594727,-0.7183467149734497,-0.4319288730621338,5.483901500701904,0.9311227798461914,2.5015506744384766
-5.259631156921387,-0.8855541944503784,-0.36634349822998047,6.11209774017334,1.6731730699539185,2.474766254425049
-5.390101030468941,-0.6776745319366455,-0.3072962760925293,0.18852464854717255,1.480900526046753,2.6414942741394043
-2.600618839263916,-0.5400911569595337,-0.4369804859161377,2.3975157737731934,1.588807225227356,2.4894580841064453
-4.1649580001831055,-1.093092441558838,-0.46232151985168457,9.018489837646484,2.3358776569366455,2.2175326347351074
-0.7836141586303711,-6.296555995941162,-0.45848941802978516,8.734747886657715,2.9125962257385254,1.7334864139556885
-3.325875759124756,-3.344644784927368,-0.3323197364807129,3.7611145973205566,2.977722406387329,2.5500245094299316
-1.618609368801117,-1.6913425922393799,-0.30653953552246094,0.5277348160743713,2.799328088760376,2.3891215324401855
-4.1872406005859375,-1.6421737670898438,-0.3746633529663086,4.1109724044799805,2.885566234588623,2.399766445159912
-2.3043971061706543,-1.5744273662567139,-0.39739227294921875,3.7010226249694824,2.9360711574554443,2.4812092781066895
-6.81271493434906,-1.0990450382232666,-0.35942840576171875,0.5333572626113892,2.7865586280822754,2.512294292449951
-3.8311853408813477,-1.697977066040039,-0.4698505401611328,11.380439758300781,3.2915024757385254,2.1399197578430176
-2.4010088443756104,-1.4138779640197754,-0.3542032241821289,2.1862599849700928,3.2267651557922363,2.2446351051330566
-1.6124215126037598,-1.4877374172210693,-0.4190075397491455,6.403188228607178,3.3939173221588135,2.2985546588897705
-1.9667713642120361,-1.2884492874145508,-0.3127422332763672,2.2536532878875732,3.3429946899414062,2.283099412918091
-2.648906707763672,-1.202695608139038,-0.3023216724395752,4.162102699279785,3.379380464553833,2.155343532562256
-0.5619587898254395,-0.7569718360900879,-0.3618960380554199,4.422959804534912,3.424269199371338,2.6235122680664062
-4.008385449647903,0.8890388011932373,-0.4770536422729492,0.43103286623954773,3.2941997051239014,2.7801413536071777
-11.53238034248352,1.3073316812515259,-0.4581620693206787,0.6120259761810303,3.1828832626342773,1.9244186878204346
-2.261702537536621,1.0329480171203613,-0.344879150390625,2.7394204139709473,3.1655805110931396,2.362900972366333
-3.8849401473999023,-0.05086541175842285,-0.34055233001708984,4.635645866394043,3.2197153568267822,2.9371533393859863
-2.2097983360290527,-0.1924905776977539,-0.5137217044830322,3.8756766319274902,3.247035026550293,2.3578901290893555
-1.2202911376953125,-0.30373501777648926,-0.594444990158081,3.7415223121643066,3.261242389678955,2.14420485496521
-2.4995474815368652,-2.6771721839904785,-0.45333218574523926,6.271461009979248,3.367410182952881,2.637099504470825
-1.4891552925109863,-1.2567012310028076,-0.39524364471435547,3.29085636138916,3.3651721477508545,2.5772595405578613
-5.756657123565674,-0.8752620220184326,-0.3874852657318115,3.135739803314209,3.3571817874908447,2.91213321685791
-4.829557418823242,-0.9799115657806396,-0.4137115478515625,4.820001602172852,3.4037625789642334,2.46565580368042
-0.4735560417175293,-1.3229753971099854,-0.37399792671203613,6.48103141784668,3.4959828853607178,2.605618715286255
-0.9241890907287598,-1.5080327987670898,-0.33550238609313965,6.916659832000732,3.5916295051574707,2.73122501373291
-6.660609245300293,-1.2013728618621826,-0.3761634826660156,2.30075740814209,3.559227705001831,2.6729865074157715
-4.399868011474609,-1.0858089923858643,-0.20974206924438477,4.0808000564575195,3.576993227005005,3.0258727073669434
-5.602058172225952,-0.8143415451049805,-0.2329709529876709,2.339834451675415,3.5486960411071777,2.840569257736206
-4.556399345397949,-4.5795958042144775,-0.3052670955657959,8.779825210571289,3.680668592453003,2.394077777862549
-6.501115679740906,-1.3888132572174072,-0.31014060974121094,1.7808209657669067,3.6344120502471924,2.4684042930603027
-1.7434992790222168,-2.1978862285614014,-0.3289557695388794,5.998435020446777,3.694697141647339,1.8655656576156616
-0.4414548873901367,-2.9709243774414062,-0.1194295883178711,10.253016471862793,3.854243278503418,2.507964611053467
-0.5499258041381836,-2.818427085876465,-0.156083345413208,5.6595916748046875,3.896850109100342,2.8102779388427734
-5.660130977630615,-2.8263351917266846,-0.3699026107788086,7.515121936798096,3.980464220046997,2.51666522026062
-1.8711652755737305,-2.1774730682373047,-0.33870530128479004,2.0529143810272217,3.9366540908813477,2.219810962677002
-5.902713745832443,3.619209945201874,-0.30359984561800957,0.47561314702033997,3.8626132011413574,0.04459964111447334
-3.7082432880997658,-0.7044467702507973,0.24548554420471191,0.07500656694173813,0.07500656694173813,2.673661470413208
-6.259256222750992,-0.5863827615976334,0.01964712142944336,0.004971167538315058,0.03840707242488861,3.8034820556640625
-4.78700228134403,-0.5010735150426626,-0.03594660758972168,0.0009305914281867445,0.026494288817048073,2.8681695461273193
-6.685615733265877,-0.6301038041710854,0.16825151443481445,0.10556535422801971,0.04593690484762192,2.8510630130767822
-4.979546983260661,-0.5585154071450233,-0.05122995376586914,0.003984014969319105,0.03532566875219345,2.940812110900879
-4.7654194831848145,-3.905597448348999,-0.06874918937683105,3.3482279777526855,0.5893094539642334,2.7332539558410645
1.055077075958252,-2.3436838388442993,-0.052006736397743225,5.980760097503662,1.3585506677627563,0.09408611059188843
-5.237325951457024,-0.6363826245069504,0.09289741516113281,0.15545625984668732,0.15545625984668732,3.0500919818878174
-4.584827305283397,-0.39453713595867157,0.026105880737304688,0.0026737437583506107,0.09387893974781036,3.7971649169921875
-4.159757690911647,-0.3273692615330219,-0.06935286521911621,0.0007938570925034583,0.05072961375117302,2.802122116088867
-3.426702618598938,-0.28800421953201294,-0.2292804718017578,0.24273669719696045,0.09373688697814941,2.6652345657348633
-3.584477646276355,-0.22311197221279144,-0.06740880012512207,0.0030028987675905228,0.09906603395938873,2.8874456882476807
-4.39886474609375,-0.15036463737487793,-0.22941255569458008,4.040460586547852,0.7820947170257568,2.4467673301696777
-0.9112534523010254,-5.19205367565155,-0.27051734924316406,6.746235370635986,1.623716950416565,2.060469150543213
-5.774600803852081,-2.1950840950012207,-0.24595189094543457,0.3998824954032898,1.461594581604004,2.2773470878601074
-1.6375799179077148,-2.2823386192321777,-0.24902796745300293,4.5976691246032715,1.8068280220031738,2.3963699340820312
-1.0157710313796997,-1.7030645608901978,-0.17734289169311523,1.9122141599655151,1.8236767053604126,2.6538031101226807
-0.6145153045654297,-2.0899698734283447,-0.26717042922973633,6.051069259643555,2.2102267742156982,2.7108585834503174
-1.8720498085021973,-1.851306676864624,-0.20975422859191895,2.7980880737304688,2.248098134994507,2.856248140335083
-5.165160179138184,-1.78568434715271,-0.21680927276611328,3.0188045501708984,2.2977635860443115,2.6636061668395996
-0.935678243637085,-1.0879085063934326,-0.1588573455810547,3.3225767612457275,2.3777153491973877,3.205768585205078
-5.873348295688629,-0.8463411331176758,-0.007661104202270508,0.6937302947044373,2.254699468612671,2.759782075881958
0.423187255859375,-1.491760015487671,-0.0987708568572998,4.873476982116699,2.4175596237182617,2.5533766746520996
-7.5359585881233215,-0.7762064933776855,-0.08419585227966309,0.48379772901535034,2.2919085025787354,2.776597738265991
-5.3947127014398575,-0.3600759506225586,-0.09053897857666016,0.12301896512508392,2.1737306118011475,3.0656018257141113
-4.641796350479126,-0.2116405963897705,-0.014143228530883789,0.9441888332366943,2.105565071105957,2.8826394081115723
-2.316211462020874,-0.21007680892944336,-0.03955435752868652,2.0484774112701416,2.104970932006836,2.7438735961914062
-1.9813776016235352,-2.6707184314727783,-0.17084121704101562,4.5268096923828125,2.221348524093628,2.7647597789764404
-2.5930819511413574,-1.5485620498657227,-0.187666654586792,3.6212401390075684,2.2851765155792236,3.1179161071777344
-4.679051041603088,-1.4877214431762695,-0.18577790260314941,1.8759359121322632,2.2670443058013916,2.556466817855835
0.6113576889038086,-1.5557396411895752,-0.31605831533670425,5.594344139099121,2.4059531688690186,0.09619926661252975
-3.5302812308073044,-0.4223170131444931,0.15326380729675293,0.21530874073505402,0.21530874073505402,2.677389621734619
-3.9534969818778336,-0.4585249423980713,0.07062053680419922,0.003632496576756239,0.12085801362991333,3.8258509635925293
-5.335599951213226,-0.4478137269616127,0.14211463928222656,0.0007619338575750589,0.07790263742208481,3.032288074493408
-7.2620957642793655,-0.3641982525587082,-0.06336808204650879,0.20634619891643524,0.10611887276172638,2.5879318714141846
-5.463661927729845,-0.15518079698085785,0.07824873924255371,0.007301550358533859,0.09336954355239868,3.3742222785949707
-4.200080871582031,-0.2510719895362854,-0.3571934700012207,4.689361572265625,0.8653789162635803,2.514010429382324
-2.431545376777649,-0.1610228419303894,-0.3390984535217285,1.0937789678573608,0.8989676833152771,2.4723000526428223
-5.510229721665382,-0.10166060924530029,-0.3491128273308277,0.19473253190517426,0.8111443519592285,0.025052648037672043
-3.498045140877366,-0.5243636313825846,0.3556690216064453,0.026698177680373192,0.026698177680373192,3.140076160430908
-5.233471320010722,-0.4252606127411127,0.1288132667541504,0.0042644282802939415,0.016593685373663902,4.025303840637207
-5.472983351151925,-0.35509852319955826,0.08826923370361328,0.0006771179032512009,0.010815851390361786,3.0725784301757812
-9.143604904413223,-0.3178272359073162,-0.6229407787322998,0.15154966711997986,0.046269018203020096,2.6376843452453613
-4.165524997282773,0.03812578390352428,-0.06167435646057129,0.0053953747265040874,0.04105047509074211,2.86854887008667
-2.520212411880493,-1.3432421386241913,-0.29828429222106934,1.4436724185943604,0.27402082085609436,2.871884822845459
-0.9742200374603271,-1.3490294218063354,-0.3216381072998047,3.7235448360443115,0.7672280073165894,2.6955249309539795
-2.3159713745117188,-1.618912696838379,-0.3264174461364746,6.2925310134887695,1.4615089893341064,3.1696972846984863
-2.191447913646698,-1.4195024967193604,-0.28458523750305176,0.9653821587562561,1.401444673538208,3.3218822479248047
3.083132743835449,-1.4083847999572754,-0.3571171760559082,7.649576663970947,2.017521619796753,2.4966115951538086
-3.886349678039551,-1.780221700668335,-0.3075754642486572,10.068184852600098,2.7430107593536377,2.4957497119903564
-2.69146728515625,-1.6831762790679932,-0.2760605812072754,7.590921401977539,3.1461174488067627,2.2642292976379395
-2.2271454334259033,-1.3836987018585205,-0.23953962326049805,2.4533584117889404,3.098479986190796,2.7454094886779785
-2.7439498901367188,-4.088445425033569,-0.16652154922485352,4.40101432800293,3.191666841506958,2.1451354026794434
-1.8928420543670654,-2.537026882171631,-0.26049351692199707,3.854841470718384,3.231013774871826,2.369983196258545
-2.28707218170166,-1.7416462898254395,-0.32542894035577774,4.030183792114258,3.2891178131103516,0.06101929396390915
-5.0281633995473385,-1.7024510763585567,0.1658163070678711,0.035084281116724014,0.035084281116724014,2.770700454711914
-3.775596430990845,-1.4780318923294544,-0.01478886604309082,0.0029856651090085506,0.020130496472120285,3.8840153217315674
-5.233185603341553,-1.2990614185109735,0.0903615951538086,0.0006210067658685148,0.013967393897473812,3.114225149154663
-6.773405700922012,-1.1764352843165398,-0.023001432418823242,0.25399050116539,0.07359761744737625,2.5899581909179688
-5.616856175241992,-1.0652566626667976,-0.18485546112060547,0.0029138748068362474,0.06059735268354416,2.766157627105713
-4.78105354309082,-0.9569181799888611,-0.213606595993042,4.163268089294434,0.738576352596283,2.2158191204071045
-9.750417470932007,-1.0767506957054138,-0.10027027130126953,1.0941050052642822,0.7858081459999084,2.0858407020568848
-2.6321735829114914,-1.059325397014618,-0.14092707633972168,0.15761251747608185,0.7092238068580627,2.0879569053649902
-4.809149235486984,-0.9958134889602661,-0.20933865569531918,0.2908330261707306,0.6653362512588501,0.02881547249853611
-6.202190935611725,-2.333097994327545,0.274461030960083,0.04625171422958374,0.04625171422958374,2.9297640323638916
-9.03966770786792,-2.124987419694662,-0.15906286239624023,0.005971330218017101,0.02620023861527443,3.8484129905700684
-5.530613878625445,-1.9513357300311327,0.11067461967468262,0.0006599632324650884,0.018490968272089958,3.0098583698272705
-7.2182022631168365,-0.11290964111685753,-0.09653019905090332,0.15751108527183533,0.052802134305238724,2.55485200881958
-5.194407707080245,-0.04039161279797554,-0.007256507873535156,0.009553665295243263,0.04519451782107353,2.6818506717681885
-1.2466750144958496,-0.5832837224006653,-0.14093470573425293,3.0261616706848145,0.542711079120636,2.7969861030578613
-0.5780019760131836,-1.2476615905761719,-0.15671062469482422,7.032049179077148,1.4507896900177002,2.5931038856506348
2.3479180335998535,-1.439908742904663,-0.20882010459899902,8.333168029785156,2.3066084384918213,2.471431255340576
-1.9611217975616455,-1.4263322353363037,-0.00017499923706054688,2.7590081691741943,2.3504374027252197,2.596501111984253
-1.8939399719238281,-1.079939842224121,0.12447142601013184,1.844470500946045,2.2993311882019043,2.6945602893829346
-0.7442526817321777,-1.1515626907348633,0.04507732391357422,4.4523420333862305,2.496593713760376,2.7280170917510986
0.35956621170043945,-0.553236722946167,0.14932727813720703,3.747314691543579,2.591535806655884,2.700960636138916
-5.8009724617004395,-0.4439270496368408,0.14417004585266113,1.8073606491088867,2.5286293029785156,2.3838603496551514
-2.56022572517395,-0.02254962921142578,0.13338327407836914,1.3827745914459229,2.4442498683929443,2.635504722595215
-1.0886926651000977,-0.33295202255249023,0.029478073120117188,4.846822738647461,2.6073923110961914,2.5522475242614746
-1.1732573509216309,-0.8883335590362549,0.1212148666381836,5.495656490325928,2.7805557250976562,3.1810197830200195
-3.649188280105591,-0.8837301731109619,-0.04648542404174805,3.6576602458953857,2.835214853286743,2.9304585456848145
-8.905692726781126,-0.5753450393676758,-0.08784985542297363,0.000880568812135607,2.681885004043579,2.6856486797332764
-5.625509262084961,-0.7168655395507812,-0.20693397521972656,3.829923629760742,2.737931966781616,3.033973217010498
-3.843714416027069,1.449279546737671,-0.25088071823120117,0.5663188099861145,2.6322336196899414,2.7696385383605957
2.7493624687194824,-1.101552963256836,-0.1607522964477539,8.373289108276367,2.899928092956543,2.675074815750122
-2.5683822631835938,-0.7662088871002197,-0.3244450092315674,2.202425003051758,2.8688371181488037,2.8487677574157715
-5.407645225524902,-1.6404783725738525,-0.3667294979095459,7.500589370727539,3.0750625133514404,3.0539889335632324
-9.045313119888306,-1.4321773052215576,-0.3556206226348877,2.743354558944702,3.061742067337036,2.549469232559204
-2.5417184829711914,-1.0606300830841064,-0.21751070022583008,2.3695149421691895,3.0362017154693604,2.345783233642578
-1.349534273147583,-0.9602575302124023,-0.2039644718170166,3.348191499710083,3.045475482940674,2.624401569366455
-2.6842641830444336,-0.7776288986206055,-0.3197627067565918,2.0409908294677734,3.009589910507202,2.8230762481689453
-7.908292293548584,-0.762779712677002,-0.15163087844848633,3.674464702606201,3.0349252223968506,3.034872531890869
-8.029093742370605,1.2617011070251465,-0.24179601669311523,1.338963508605957,2.977473497390747,2.5984859466552734
-0.970395565032959,0.8096234798431396,-0.346707820892334,3.2419161796569824,2.983187437057495,2.269075632095337
-3.7999649047851562,0.026117563247680664,-0.35769176483154297,4.963542938232422,3.045660972595215,2.6511101722717285
-5.266540229320526,0.5993757247924805,-0.17171645164489746,0.40475302934646606,2.9655258655548096,2.7460219860076904
-4.730495929718018,0.5642704963684082,-0.23009109497070312,2.5347208976745605,2.954281806945801,2.978916883468628
-6.777302546426654,0.8536577224731445,-0.2486579418182373,0.012330727651715279,2.8667283058166504,3.266392469406128
-3.6654653549194336,0.38054585456848145,-0.25666189193725586,5.006402015686035,2.9306468963623047,2.6674516201019287
-5.594858646392822,0.36767053604125977,-0.3191566467285156,2.1143927574157715,2.9039480686187744,2.5739846229553223
-2.0934534072875977,0.20687174797058105,-0.15330910682678223,4.339160919189453,2.9481041431427,2.6520047187805176
-1.8792967796325684,-0.26965904235839844,-0.07220745086669922,7.857045650482178,3.073254346847534,2.7777791023254395
-8.293604373931885,-0.3595767021179199,-0.06765604019165039,3.7855334281921387,3.0903921127319336,2.645293951034546
-2.8488943576812744,-0.23290634155273438,-0.0566563606262207,1.542614221572876,3.057410478591919,2.9395811557769775
-0.19210338592529297,-0.2939035892486572,-0.2535248100757599,5.42981481552124,3.1175754070281982,0.23160353302955627
-3.266612470149994,-2.06678169965744,0.2085273265838623,0.8378663659095764,0.8378663659095764,2.5281689167022705
-6.977726540528238,-2.3185760974884033,-0.025798559188842773,0.010752596892416477,0.41446757316589355,3.8064639568328857
-5.763847817201167,-2.326203376054764,0.02356863021850586,0.00067473528906703,0.2518162429332733,2.917086124420166
-5.749089986085892,-2.202436000108719,-0.15748119354248047,0.3030383288860321,0.28291890025138855,2.517887592315674
-3.8313494930043817,-2.1333578377962112,-0.07597780227661133,0.0029286136850714684,0.22506682574748993,3.815829038619995
-2.644306182861328,-1.5789940357208252,-0.3174121379852295,4.494948387145996,0.9271841049194336,2.6551625728607178
-14.898686148226261,-1.587143063545227,-0.319415807723999,0.07588507980108261,0.8080552816390991,2.0876822471618652
-5.87711963057518,-1.5586584210395813,-0.41515111923217773,0.2682279646396637,0.7510904669761658,2.4091992378234863
-5.114465057849884,-1.5482114553451538,-0.5317334709689021,0.208232581615448,0.6847103834152222,0.011587482877075672
-3.8498948216438293,-4.167711794376373,0.6919260025024414,0.04210561513900757,0.04210561513900757,3.383317232131958
-6.367609116947278,0.01536541897803545,0.19187211990356445,0.0034774804953485727,0.021782800555229187,3.903081178665161
-5.742456497217063,0.010397692443802953,0.48580050468444824,0.0007738456479273736,0.014094426296651363,3.307363986968994
-5.046670245938003,-0.17581401020288467,-0.3552989959716797,0.008408737368881702,0.012335218489170074,3.615379810333252
-4.602976504713297,-0.13110357336699963,0.11459708213806152,0.004126843065023422,0.010590897873044014,3.523455858230591
-3.5710134506225586,-0.6940363049507141,0.08036303520202637,3.5203351974487305,0.5955114960670471,3.1869795322418213
-5.407062530517578,-1.235702395439148,-0.16471004486083984,7.165225028991699,1.5348433256149292,2.7910685539245605
-1.9946355819702148,-1.0483109951019287,-0.20642375946044922,1.0613555908203125,1.4804694652557373,2.6488687992095947
-3.5109434127807617,-2.7908225059509277,-0.324629545211792,4.06986141204834,1.758047103881836,2.9032845497131348
-5.414036154747009,-0.9707608222961426,-0.2505333423614502,0.26638567447662354,1.6154241561889648,2.8626787662506104
-4.849979877471924,-1.8031084537506104,-0.30849695205688477,5.367204189300537,1.9487824440002441,2.9448230266571045
-2.8474466800689697,-1.3052011728286743,-0.25986385345458984,1.4056189060211182,1.9060486555099487,2.6209349632263184
-3.97184419631958,-1.2182376384735107,-0.2962946891784668,2.9026169776916504,1.9973015785217285,3.022294282913208
-5.755195066332817,-0.8959519863128662,-0.2156376838684082,0.15974004566669464,1.8465347290039062,2.8090310096740723
-3.2924764156341553,-0.7492138147354126,-0.29428720474243164,2.2411892414093018,1.8668204545974731,2.6160058975219727
-1.1952753067016602,-0.736034631729126,-0.24488282203674316,3.100428581237793,1.9434311389923096,3.3450825214385986
-2.7850608825683594,-0.6385025978088379,-0.3042173385620117,4.310662269592285,2.086282730102539,3.032153606414795
-8.101203843252733,1.9728100674692541,-0.3545949459075928,0.0010205067228525877,1.9749552011489868,3.076275110244751
-4.894459009170532,0.7288943529129028,-0.2876904010772705,2.7705743312835693,2.018214225769043,2.9215922355651855
-3.747384160757065,0.9994510412216187,-0.26635265350341797,0.1739133894443512,1.9269460439682007,3.0031685829162598
-3.8457837104797363,0.48873817920684814,-0.29753708839416504,2.945796012878418,1.9732922315597534,2.6875195503234863
-3.3937597274780273,0.20901823043823242,-0.5066690444946289,3.818387985229492,2.056814432144165,2.565422534942627
-4.9798107743263245,0.3002030849456787,-0.5622022151947021,0.6620854735374451,1.9944984912872314,2.8881564140319824
-4.20721435546875,0.22462916374206543,-0.32380080223083496,1.7824182510375977,1.9853183031082153,3.3861491680145264
-8.690282821655273,0.20794808864593506,-0.3738822937011719,1.1615972518920898,1.9509915113449097,2.617621421813965
-1.402982234954834,0.14356577396392822,-0.42107367515563965,2.226069450378418,1.962782382965088,2.199296474456787
-5.063512325286865,0.2102973461151123,-0.48661674559116364,0.5539059638977051,1.918391227722168,0.07686536014080048
-7.340041141957045,-1.2022585682570934,0.13647794723510742,0.04369213059544563,0.04369213059544563,2.725511074066162
-4.460683730430901,-1.1470145918428898,0.0005788803100585938,0.0032454458996653557,0.023506786674261093,3.8972697257995605
-3.618484776467085,-1.111436367034912,-0.10023665428161621,0.0007474012672901154,0.014984369277954102,2.9317870140075684
-6.397057235240936,-1.06704942882061,0.007800579071044922,0.2833297848701477,0.08267326653003693,2.4755828380584717
-6.575606349855661,0.06678026402369142,-0.08644819259643555,0.004364963620901108,0.0702316090464592,2.790663719177246
-5.947840213775635,-2.5367576479911804,-0.05572676658630371,3.305077075958252,0.6059806942939758,2.7169029712677
-8.88940766453743,-1.754515528678894,-0.06637763977050781,0.045958012342453,0.5195387601852417,2.180154800415039
-4.405851606279612,-1.277224838733673,0.00634312629699707,0.05762266740202904,0.46076053380966187,2.1560723781585693
-6.261866241693497,-0.9954403340816498,-0.044316915795207024,0.22149071097373962,0.43318501114845276,0.013210853561758995
