p1,p2,p3,p2_pca,P3_pca
,,5.67961311340332,8.689339637756348,5.67961311340332
8.689339637756348,8.689339637756348,4.582077503204346,8.689339637756348,4.582077503204346
6.234130859375,7.461735248565674,3.234658718109131,7.461735248565674,3.234658718109131
4.770368576049805,6.564613342285156,2.01849365234375,6.564613342285156,2.01849365234375
3.035107135772705,5.682233810424805,1.7112995386123657,5.682233810424805,1.7112995386123657
6.1083831787109375,5.767463684082031,2.193448543548584,5.767463684082031,2.193448543548584
3.5015511512756348,5.389812469482422,1.939209222793579,5.389812469482422,1.939209222793579
6.080738544464111,5.488516330718994,2.1731173992156982,5.488516330718994,2.1731173992156982
2.046487808227539,5.058261871337891,1.918386697769165,5.058261871337891,1.918386697769165
0.8809158802032471,4.594112396240234,1.8594077825546265,4.594112396240234,1.8594077825546265
3.9441308975219727,4.529115200042725,2.5907950401306152,4.529115200042725,2.5907950401306152
0.6891183257102966,4.18002462387085,2.5956900119781494,4.18002462387085,2.5956900119781494
11.934220314025879,4.826206684112549,2.717860698699951,4.826206684112549,2.717860698699951
0.4764062464237213,4.491606712341309,2.1578564643859863,4.491606712341309,2.1578564643859863
0.5917364358901978,4.2130446434021,1.813372254371643,4.2130446434021,1.813372254371643
5.889887809753418,4.32483434677124,1.8489608764648438,4.32483434677124,1.8489608764648438
8.174834251403809,8.174834251403809,1.7666308879852295,8.174834251403809,1.7666308879852295
0.7175298929214478,4.446183681488037,3.0304760932922363,4.446183681488037,3.0304760932922363
0.006408142391592264,2.966259241104126,2.217568874359131,2.966259241104126,2.217568874359131
0.9771353602409363,2.4689784049987793,2.5482378005981445,2.4689784049987793,2.5482378005981445
0.005067362450063229,1.976194977760315,2.605742931365967,1.976194977760315,2.605742931365967
5.544826030731201,2.5709688663482666,2.528212785720825,2.5709688663482666,2.528212785720825
1.1585454940795898,2.3691928386688232,2.3141636848449707,2.3691928386688232,2.3141636848449707
1.82357919216156,2.3009912967681885,1.6749827861785889,2.3009912967681885,1.6749827861785889
0.17347079515457153,0.17347079515457153,2.8308873176574707,0.17347079515457153,2.8308873176574707
0.059409238398075104,0.11644001305103302,3.730050563812256,0.11644001305103302,3.730050563812256
0.0017337066819891334,0.07820450514554977,2.532451629638672,0.07820450514554977,2.532451629638672
2.9892890453338623,0.805975615978241,2.1896812915802,0.805975615978241,2.1896812915802
0.005559221841394901,0.6458923816680908,2.5813345909118652,0.6458923816680908,2.5813345909118652
3.5672247409820557,1.1327811479568481,2.205179452896118,1.1327811479568481,2.205179452896118
0.4749072790145874,1.0387991666793823,2.1240100860595703,1.0387991666793823,2.1240100860595703
6.301433563232422,1.6966280937194824,2.3769888877868652,1.6966280937194824,2.3769888877868652
8.832721710205078,2.489527463912964,1.401151418685913,2.489527463912964,1.401151418685913
7.920043468475342,3.032578945159912,1.9857515096664429,3.032578945159912,1.9857515096664429
0.48226624727249146,2.8007335662841797,1.9720218181610107,2.8007335662841797,1.9720218181610107
0.4361734092235565,2.603686809539795,1.4205695390701294,2.603686809539795,1.4205695390701294
0.06663040816783905,0.06663040816783905,2.9127917289733887,0.06663040816783905,2.9127917289733887
0.017900697886943817,0.04226566478610039,3.694187879562378,0.04226566478610039,3.694187879562378
0.0014331794809550047,0.028654836118221283,2.8252792358398438,0.028654836118221283,2.8252792358398438
0.08059905469417572,0.04164089262485504,2.5421319007873535,0.04164089262485504,2.5421319007873535
0.001122916815802455,0.03353729844093323,2.4733734130859375,0.03353729844093323,2.4733734130859375
2.4912593364715576,0.4431576430797577,2.560486316680908,0.4431576430797577,2.560486316680908
3.699470043182373,0.908345639705658,1.7980180978775024,0.908345639705658,1.7980180978775024
4.558716773986816,1.3646420240402222,2.3984885215759277,1.3646420240402222,2.3984885215759277
5.044853210449219,1.7735543251037598,2.4981040954589844,1.7735543251037598,2.4981040954589844
8.523118019104004,2.4485106468200684,2.4646453857421875,2.4485106468200684,2.4646453857421875
1.2271144390106201,2.3374745845794678,1.7781531810760498,2.3374745845794678,1.7781531810760498
6.542307376861572,2.6878774166107178,2.0299696922302246,2.6878774166107178,2.0299696922302246
0.5408936738967896,2.522723913192749,2.1048359870910645,2.522723913192749,2.1048359870910645
6.208756923675537,2.7860119342803955,2.7264647483825684,2.7860119342803955,2.7264647483825684
6.242982387542725,3.0164763927459717,2.6568055152893066,3.0164763927459717,2.6568055152893066
3.872331380844116,3.069967269897461,3.3104960918426514,3.069967269897461,3.3104960918426514
5.275449275970459,3.1997013092041016,3.104982852935791,3.1997013092041016,3.104982852935791
4.1223344802856445,3.2509586811065674,3.020120143890381,3.2509586811065674,3.020120143890381
0.9551074504852295,3.130124568939209,2.2873759269714355,3.130124568939209,2.2873759269714355
3.1508116722106934,3.1311588287353516,2.9692206382751465,3.1311588287353516,2.9692206382751465
5.387394905090332,3.2385995388031006,2.4898695945739746,3.2385995388031006,2.4898695945739746
10.47775650024414,3.5676519870758057,2.2811670303344727,3.5676519870758057,2.2811670303344727
4.565788269042969,3.611049175262451,2.7847237586975098,3.611049175262451,2.7847237586975098
2.252717971801758,3.5544519424438477,2.441124677658081,3.5544519424438477,2.441124677658081
2.6337103843688965,3.517622470855713,2.1381804943084717,3.517622470855713,2.1381804943084717
0.49419811367988586,3.401336908340454,1.9217439889907837,3.401336908340454,1.9217439889907837
0.47018468379974365,3.292775869369507,1.5288840532302856,3.292775869369507,1.5288840532302856
0.06989076733589172,0.06989076733589172,2.6240575313568115,0.06989076733589172,2.6240575313568115
0.016495633870363235,0.04319319874048233,3.8852686882019043,0.04319319874048233,3.8852686882019043
0.0013987767742946744,0.02926172874867916,2.7177367210388184,0.02926172874867916,2.7177367210388184
0.9497978687286377,0.2593957483768463,2.573943614959717,0.2593957483768463,2.573943614959717
0.0012409137561917305,0.20776478946208954,2.557358741760254,0.20776478946208954,2.557358741760254
4.034506797790527,0.845555305480957,2.512969493865967,0.845555305480957,2.512969493865967
0.291450560092926,0.7663974761962891,2.0217623710632324,0.7663974761962891,2.0217623710632324
0.7958877682685852,0.7700837850570679,1.386706829071045,0.7700837850570679,1.386706829071045
0.05305404216051102,0.05305404216051102,3.043829917907715,0.05305404216051102,3.043829917907715
0.00755524355918169,0.030304642394185066,3.7816014289855957,0.030304642394185066,3.7816014289855957
0.0010790961096063256,0.020562794059515,2.8169071674346924,0.020562794059515,2.8169071674346924
0.07818013429641724,0.034967128187417984,2.4909541606903076,0.034967128187417984,2.4909541606903076
0.0014396075857803226,0.028261622413992882,2.528501033782959,0.028261622413992882,2.528501033782959
3.7281653881073,0.6449122428894043,2.954572916030884,0.6449122428894043,2.954572916030884
0.2535417973995209,0.5890021920204163,2.7219173908233643,0.5890021920204163,2.7219173908233643
2.0741119384765625,0.7746409177780151,2.8595118522644043,0.7746409177780151,2.8595118522644043
1.5909944772720337,0.8653468489646912,2.3288609981536865,0.8653468489646912,2.3288609981536865
0.2362651824951172,0.8024387359619141,1.9676828384399414,0.8024387359619141,1.9676828384399414
6.990326881408691,1.364974021911621,2.117260217666626,1.364974021911621,2.117260217666626
3.5125527381896973,1.5439389944076538,2.8116660118103027,1.5439389944076538,2.8116660118103027
3.3439345359802246,1.6824002265930176,2.7552528381347656,1.6824002265930176,2.7552528381347656
2.4468605518341064,1.7370045185089111,2.49839448928833,1.7370045185089111,2.49839448928833
7.086180686950684,2.0936155319213867,2.0412065982818604,2.0936155319213867,2.0412065982818604
5.417512893676758,2.301359176635742,2.322913646697998,2.301359176635742,2.322913646697998
4.3409247398376465,2.4213335514068604,2.0515480041503906,2.4213335514068604,2.0515480041503906
4.953396797180176,2.5620036125183105,1.9827553033828735,2.5620036125183105,1.9827553033828735
0.4175558388233185,2.4491379261016846,2.0275137424468994,2.4491379261016846,2.0275137424468994
6.132485866546631,2.633305311203003,2.678201913833618,2.633305311203003,2.678201913833618
0.4156247079372406,2.5277016162872314,3.0560803413391113,2.5277016162872314,3.0560803413391113
4.120981216430664,2.600123405456543,2.980173110961914,2.600123405456543,2.980173110961914
0.0006436422117985785,2.487102508544922,3.2373974323272705,2.487102508544922,3.2373974323272705
1.2399108409881592,2.435136079788208,2.5383124351501465,2.435136079788208,2.5383124351501465
0.5195450186729431,2.3585214614868164,2.4805126190185547,2.3585214614868164,2.4805126190185547
3.1370420455932617,2.3884646892547607,2.758204936981201,2.3884646892547607,2.758204936981201
5.338015079498291,2.497706890106201,2.304011583328247,2.497706890106201,2.304011583328247
1.398748517036438,2.458458185195923,2.463900089263916,2.458458185195923,2.463900089263916
6.487185478210449,2.5973799228668213,1.9646852016448975,2.5973799228668213,1.9646852016448975
1.3308407068252563,2.555161952972412,2.320117950439453,2.555161952972412,2.320117950439453
5.655787467956543,2.655182123184204,2.3419036865234375,2.655182123184204,2.3419036865234375
6.959285736083984,2.7896857261657715,2.497725009918213,2.7896857261657715,2.497725009918213
2.446094512939453,2.7792739868164062,2.261359214782715,2.7792739868164062,2.261359214782715
1.2438485622406006,2.734114408493042,1.9729464054107666,2.734114408493042,1.9729464054107666
5.956082344055176,2.8261706829071045,2.7748794555664062,2.8261706829071045,2.7748794555664062
0.28456830978393555,2.755570411682129,2.8413147926330566,2.755570411682129,2.8413147926330566
2.2008261680603027,2.740577459335327,2.2140071392059326,2.740577459335327,2.2140071392059326
3.1771740913391113,2.7520668506622314,2.221222400665283,2.7520668506622314,2.221222400665283
0.30224454402923584,2.689250946044922,2.9755442142486572,2.689250946044922,2.9755442142486572
6.766173362731934,2.7911739349365234,2.2843313217163086,2.7911739349365234,2.2843313217163086
3.150151252746582,2.799929618835449,2.773563861846924,2.799929618835449,2.773563861846924
2.5338549613952637,2.7935943603515625,2.034116268157959,2.7935943603515625,2.034116268157959
4.911323070526123,2.8428423404693604,2.6773550510406494,2.8428423404693604,2.6773550510406494
0.6587458252906799,2.793203592300415,2.4724059104919434,2.793203592300415,2.4724059104919434
4.575167179107666,2.8328027725219727,2.283616542816162,2.8328027725219727,2.283616542816162
0.8086415529251099,2.7887990474700928,2.1456923484802246,2.7887990474700928,2.1456923484802246
0.9028854966163635,2.748673439025879,1.3758134841918945,2.748673439025879,1.3758134841918945
0.12965011596679688,0.12965011596679688,3.6742966175079346,0.12965011596679688,3.6742966175079346
0.03439471498131752,0.08202241361141205,4.515041828155518,0.08202241361141205,4.515041828155518
0.0012725834967568517,0.05510580539703369,3.4832959175109863,0.05510580539703369,3.4832959175109863
0.46074333786964417,0.1565151810646057,3.46821928024292,0.1565151810646057,3.46821928024292
0.0018820922123268247,0.1255885660648346,3.6965250968933105,0.1255885660648346,3.6965250968933105
7.413562774658203,1.3402509689331055,2.401409149169922,1.3402509689331055,2.401409149169922
5.577348709106445,1.9455506801605225,3.906970262527466,1.9455506801605225,3.906970262527466
2.6693153381347656,2.0360212326049805,3.5715034008026123,2.0360212326049805,3.5715034008026123
4.062411785125732,2.2611758708953857,4.210278034210205,2.2611758708953857,4.210278034210205
0.14488565921783447,2.049546718597412,4.4926347732543945,2.049546718597412,4.4926347732543945
1.437076449394226,1.9938677549362183,3.5594921112060547,1.9938677549362183,3.5594921112060547
0.3962395191192627,1.860732078552246,3.0905442237854004,1.860732078552246,3.0905442237854004
0.23350052535533905,1.7355602979660034,2.8127212524414062,1.7355602979660034,2.8127212524414062
0.030234219506382942,0.030234219506382942,2.8936657905578613,0.030234219506382942,2.8936657905578613
0.009626633487641811,0.01993042603135109,3.6716582775115967,0.01993042603135109,3.6716582775115967
0.000976919662207365,0.013612590730190277,2.7397899627685547,0.013612590730190277,2.7397899627685547
7.5060954093933105,1.8867332935333252,2.1670005321502686,1.8867332935333252,2.1670005321502686
0.05203189328312874,1.5197930335998535,2.358675956726074,1.5197930335998535,2.358675956726074
2.5629258155822754,1.6936484575271606,2.5920000076293945,1.6936484575271606,2.5920000076293945
4.680106163024902,2.1202852725982666,2.0982697010040283,2.1202852725982666,2.0982697010040283
0.8893124461174011,1.9664137363433838,2.3035645484924316,1.9664137363433838,2.3035645484924316
4.272025108337402,2.22259259223938,1.921175241470337,2.22259259223938,1.921175241470337
0.9591139554977417,2.0962448120117188,2.115568161010742,2.0962448120117188,2.115568161010742
0.28697919845581055,1.931766152381897,1.742328405380249,1.931766152381897,1.742328405380249
0.035204093903303146,0.035204093903303146,2.740490674972534,0.035204093903303146,2.740490674972534
0.008267819881439209,0.021735956892371178,3.896517515182495,0.021735956892371178,3.896517515182495
0.0013146100100129843,0.014928841032087803,2.6570069789886475,0.014928841032087803,2.6570069789886475
0.409421443939209,0.11355198919773102,2.7052409648895264,0.11355198919773102,2.7052409648895264
0.0017279945313930511,0.09118719398975372,2.853482723236084,0.09118719398975372,2.853482723236084
3.9233362674713135,0.7298787236213684,2.334197521209717,0.7298787236213684,2.334197521209717
2.576813220977783,0.9937265515327454,2.3797104358673096,0.9937265515327454,2.3797104358673096
0.272300124168396,0.9035482406616211,2.790097236633301,0.9035482406616211,2.790097236633301
0.6310331225395203,0.8732687830924988,2.2441492080688477,0.8732687830924988,2.2441492080688477
3.311429023742676,1.1170847415924072,2.4741334915161133,1.1170847415924072,2.4741334915161133
4.266764163970947,1.4034193754196167,2.5107262134552,1.4034193754196167,2.5107262134552
0.5703843832015991,1.333999752998352,2.367013454437256,1.333999752998352,2.367013454437256
7.346860408782959,1.796527624130249,3.196721315383911,1.796527624130249,3.196721315383911
0.16864852607250214,1.6802504062652588,3.1642870903015137,1.6802504062652588,3.1642870903015137
5.202520370483398,1.9150683879852295,3.497021436691284,1.9150683879852295,3.497021436691284
1.4816147089004517,1.8879776000976562,2.898242712020874,1.8879776000976562,2.898242712020874
0.9868840575218201,1.8349720239639282,3.113161087036133,1.8349720239639282,3.113161087036133
0.2878451645374298,1.7490205764770508,2.2266836166381836,1.7490205764770508,2.2266836166381836
0.10476214438676834,1.6624807119369507,1.694170594215393,1.6624807119369507,1.694170594215393
0.01874587871134281,0.01874587871134281,2.612908124923706,0.01874587871134281,2.612908124923706
0.007940748706459999,0.013343313708901405,3.7308058738708496,0.013343313708901405,3.7308058738708496
0.0013112765736877918,0.009332634508609772,2.4636600017547607,0.009332634508609772,2.4636600017547607
0.7621264457702637,0.1975310891866684,2.6364314556121826,0.1975310891866684,2.6364314556121826
0.0026165556628257036,0.15854819118976593,2.740142822265625,0.15854819118976593,2.740142822265625
2.8408379554748535,0.6055964827537537,2.558501720428467,0.6055964827537537,2.558501720428467
0.5958940386772156,0.604210376739502,2.4596879482269287,0.604210376739502,2.4596879482269287
0.48476865887641907,0.5892801880836487,1.6929734945297241,0.5892801880836487,1.6929734945297241
0.04814811423420906,0.04814811423420906,2.7918708324432373,0.04814811423420906,2.7918708324432373
0.01074693538248539,0.029447581619024277,3.9863810539245605,0.029447581619024277,3.9863810539245605
0.0015664937673136592,0.020153885707259178,2.6324000358581543,0.020153885707259178,2.6324000358581543
0.41132262349128723,0.1179460734128952,2.9007391929626465,0.1179460734128952,2.9007391929626465
0.0013492538128048182,0.09462670981884003,3.015812397003174,0.09462670981884003,3.015812397003174
5.7029314041137695,1.0293442010879517,3.390817165374756,1.0293442010879517,3.390817165374756
0.2496621012687683,0.9179610013961792,2.9125616550445557,0.9179610013961792,2.9125616550445557
1.6379739046096802,1.0079625844955444,2.963977575302124,1.0079625844955444,2.963977575302124
1.730999231338501,1.0882999897003174,3.927741289138794,1.0882999897003174,3.927741289138794
0.022227678447961807,0.9816926717758179,3.4963741302490234,0.9816926717758179,3.4963741302490234
3.5386972427368164,1.214147686958313,3.3356330394744873,1.214147686958313,3.3356330394744873
1.0904525518417358,1.203839659690857,3.0707411766052246,1.203839659690857,3.0707411766052246
0.199807807803154,1.1266064643859863,2.596531629562378,1.1266064643859863,2.596531629562378
6.54372501373291,1.5135434865951538,3.1890676021575928,1.5135434865951538,3.1890676021575928
6.511384010314941,1.8467328548431396,2.993523120880127,1.8467328548431396,2.993523120880127
3.8296704292297363,1.9706664085388184,3.44331693649292,1.9706664085388184,3.44331693649292
3.3018100261688232,2.048969030380249,3.208366870880127,2.048969030380249,3.208366870880127
6.053136348724365,2.2714226245880127,3.4416141510009766,2.2714226245880127,3.4416141510009766
2.7101519107818604,2.294513702392578,3.507434129714966,2.294513702392578,3.507434129714966
1.74882173538208,2.2672290802001953,3.053968667984009,2.2672290802001953,3.053968667984009
5.946016788482666,2.4424095153808594,3.152198314666748,2.4424095153808594,3.152198314666748
1.2357171773910522,2.3875598907470703,2.4153599739074707,2.3875598907470703,2.4153599739074707
9.89322280883789,2.713893175125122,2.3946878910064697,2.713893175125122,2.3946878910064697
9.171440124511719,2.982957124710083,2.2856831550598145,2.982957124710083,2.2856831550598145
8.135467529296875,3.1890575885772705,2.2098426818847656,3.1890575885772705,2.2098426818847656
2.3552260398864746,3.156987190246582,2.29559588432312,3.156987190246582,2.29559588432312
7.919275283813477,3.3333680629730225,2.553699016571045,3.3333680629730225,2.553699016571045
6.264626502990723,3.438056230545044,2.962761163711548,3.438056230545044,2.962761163711548
5.18060302734375,3.4981439113616943,2.430424213409424,3.4981439113616943,2.430424213409424
8.859383583068848,3.676852226257324,3.043104410171509,3.676852226257324,3.043104410171509
0.28749701380729675,3.5675179958343506,4.6034746170043945,3.5675179958343506,4.6034746170043945
0.0032412870787084103,3.456134557723999,1.968433141708374,3.456134557723999,1.968433141708374
2.4708468914031982,3.4262771606445312,2.4275383949279785,3.4262771606445312,2.4275383949279785
9.768583297729492,3.6128156185150146,2.796175956726074,3.6128156185150146,2.796175956726074
0.08475998789072037,3.512014150619507,2.6271088123321533,3.512014150619507,2.6271088123321533
8.498268127441406,3.6505212783813477,3.0230538845062256,3.6505212783813477,3.0230538845062256
7.7409234046936035,3.7610721588134766,3.30273175239563,3.7610721588134766,3.30273175239563
8.349566459655762,3.881822347640991,2.1359646320343018,3.881822347640991,2.1359646320343018
0.7682413458824158,3.8019871711730957,2.435720205307007,3.8019871711730957,2.435720205307007
8.770380973815918,3.926196336746216,2.942171096801758,3.926196336746216,2.942171096801758
0.7216934561729431,3.8480372428894043,2.3621952533721924,3.8480372428894043,2.3621952533721924
5.974710941314697,3.8986728191375732,2.335421085357666,3.8986728191375732,2.335421085357666
10.83970832824707,4.060092449188232,2.6350629329681396,4.060092449188232,2.6350629329681396
7.00554084777832,4.1270341873168945,2.19929838180542,4.1270341873168945,2.19929838180542
5.135110378265381,4.1494364738464355,3.2118499279022217,4.1494364738464355,3.2118499279022217
2.645780324935913,4.116748332977295,2.1461985111236572,4.116748332977295,2.1461985111236572
7.0388689041137695,4.178921222686768,2.8452682495117188,4.178921222686768,2.8452682495117188
1.1202287673950195,4.115198135375977,2.0604662895202637,4.115198135375977,2.0604662895202637
5.396942138671875,4.141355991363525,2.7684695720672607,4.141355991363525,2.7684695720672607
3.0083329677581787,4.1186957359313965,3.3629353046417236,4.1186957359313965,3.3629353046417236
4.937395095825195,4.134748935699463,2.717648983001709,4.134748935699463,2.717648983001709
0.6912701725959778,4.068527698516846,3.2272205352783203,4.068527698516846,3.2272205352783203
1.6346545219421387,4.022605895996094,2.828697681427002,4.022605895996094,2.828697681427002
1.2325263023376465,3.970937728881836,3.0471696853637695,3.970937728881836,3.0471696853637695
4.75321102142334,3.9851605892181396,2.901604175567627,3.9851605892181396,2.901604175567627
0.32885509729385376,3.9198696613311768,3.411673069000244,3.9198696613311768,3.411673069000244
0.5337263345718384,3.8604633808135986,3.1784656047821045,3.8604633808135986,3.1784656047821045
13.235499382019043,4.022101879119873,2.8638219833374023,4.022101879119873,2.8638219833374023
1.0987751483917236,3.9725542068481445,2.7482380867004395,3.9725542068481445,2.7482380867004395
0.9950708150863647,3.922929048538208,2.645975351333618,3.922929048538208,2.645975351333618
6.219796180725098,3.9605824947357178,1.8362910747528076,3.9605824947357178,1.8362910747528076
3.6188011169433594,3.9550700187683105,1.745165467262268,3.9550700187683105,1.745165467262268
0.5621504187583923,0.5621504187583923,2.3688480854034424,0.5621504187583923,2.3688480854034424
0.0724610835313797,0.3173057436943054,3.5478382110595703,0.3173057436943054,3.5478382110595703
0.00238788896240294,0.21233312785625458,2.285437822341919,0.21233312785625458,2.285437822341919
2.8765461444854736,0.878386378288269,2.4366679191589355,0.878386378288269,2.4366679191589355
0.0020207001361995935,0.7031131982803345,2.566751003265381,0.7031131982803345,2.566751003265381
5.072621822357178,1.43136465549469,3.0682120323181152,1.43136465549469,3.0682120323181152
1.3322770595550537,1.4172093868255615,3.171128273010254,1.4172093868255615,3.171128273010254
1.9491218328475952,1.4836983680725098,3.3095009326934814,1.4836983680725098,3.3095009326934814
0.20059938728809357,1.3411318063735962,2.8638691902160645,1.3411318063735962,2.8638691902160645
2.271554946899414,1.4341741800308228,2.890475273132324,1.4341741800308228,2.890475273132324
8.052218437194824,2.0358145236968994,1.8764495849609375,2.0358145236968994,1.8764495849609375
1.1917939186096191,1.9654793739318848,1.2709081172943115,1.9654793739318848,1.2709081172943115
2.109860420227051,1.9765856266021729,1.2193537950515747,1.9765856266021729,1.2193537950515747
1.4278314113616943,1.4278314113616943,2.949676036834717,1.4278314113616943,2.949676036834717
0.005976662505418062,0.7169040441513062,3.7038092613220215,0.7169040441513062,3.7038092613220215
0.0014871024759486318,0.47843173146247864,2.518953800201416,0.47843173146247864,2.518953800201416
0.6238582134246826,0.5147883892059326,2.9563965797424316,0.5147883892059326,2.9563965797424316
0.001680630026385188,0.4121668338775635,2.8297300338745117,0.4121668338775635,2.8297300338745117
3.744093179702759,0.9674878716468811,2.7265193462371826,0.9674878716468811,2.7265193462371826
7.248398303985596,1.8647607564926147,2.0048446655273438,1.8647607564926147,2.0048446655273438
0.5305767059326172,1.6979877948760986,2.298072338104248,1.6979877948760986,2.298072338104248
6.661443710327148,2.2494828701019287,2.459057331085205,2.2494828701019287,2.459057331085205
1.6478271484375,2.189317226409912,2.7807250022888184,2.189317226409912,2.7807250022888184
6.517915725708008,2.5828263759613037,2.1076507568359375,2.5828263759613037,2.1076507568359375
0.8097381591796875,2.4350688457489014,2.338641405105591,2.4350688457489014,2.338641405105591
5.394094467163086,2.662681818008423,1.9155981540679932,2.662681818008423,1.9155981540679932
1.0834311246871948,2.5498783588409424,2.487175941467285,2.5498783588409424,2.487175941467285
3.63676381111145,2.6223368644714355,2.730391025543213,2.6223368644714355,2.730391025543213
6.962580680847168,2.8936023712158203,2.704497814178467,2.8936023712158203,2.704497814178467
2.396994113922119,2.864389657974243,2.5350914001464844,2.864389657974243,2.5350914001464844
1.8958731889724731,2.8105833530426025,2.308391809463501,2.8105833530426025,2.308391809463501
10.383334159851074,3.2091493606567383,2.7027859687805176,3.2091493606567383,2.7027859687805176
2.6873769760131836,3.18306040763855,2.194559335708618,3.18306040763855,2.194559335708618
1.046459674835205,3.081317663192749,1.5817354917526245,3.081317663192749,1.5817354917526245
0.06480955332517624,0.06480955332517624,2.3496522903442383,0.06480955332517624,2.3496522903442383
0.01693924330174923,0.04087439924478531,3.6883387565612793,0.04087439924478531,3.6883387565612793
0.0012499623699113727,0.027666253969073296,2.5687527656555176,0.027666253969073296,2.5687527656555176
0.7220996618270874,0.20127460360527039,2.6488804817199707,0.20127460360527039,2.6488804817199707
0.0018705505644902587,0.16139379143714905,2.6745991706848145,0.16139379143714905,2.6745991706848145
3.9508955478668213,0.7929773926734924,2.8045716285705566,0.7929773926734924,2.8045716285705566
0.29266002774238586,0.7215035557746887,2.978005886077881,0.7215035557746887,2.978005886077881
0.3461326062679291,0.6745821833610535,3.1114652156829834,0.6745821833610535,3.1114652156829834
0.5981549024581909,0.6660902500152588,2.7120141983032227,0.6660902500152588,2.7120141983032227
0.9498428106307983,0.6944655179977417,2.699140787124634,0.6944655179977417,2.699140787124634
1.6187998056411743,0.7784959673881531,2.381296396255493,0.7784959673881531,2.381296396255493
5.1464338302612305,1.1424907445907593,2.7118659019470215,1.1424907445907593,2.7118659019470215
0.23777201771736145,1.0728970766067505,2.456249475479126,1.0728970766067505,2.456249475479126
1.8437812328338623,1.127960205078125,2.6735429763793945,1.127960205078125,2.6735429763793945
1.1495428085327148,1.129399061203003,2.663564920425415,1.129399061203003,2.663564920425415
4.980191707611084,1.370073676109314,2.5095531940460205,1.370073676109314,2.5095531940460205
0.6625558137893677,1.3284549713134766,2.102553367614746,1.3284549713134766,2.102553367614746
0.22485031187534332,1.2671436071395874,1.6318848133087158,1.2671436071395874,1.6318848133087158
0.028978878632187843,0.028978878632187843,2.6699910163879395,0.028978878632187843,2.6699910163879395
0.009264691732823849,0.01912178471684456,4.1519365310668945,0.01912178471684456,4.1519365310668945
0.001334729720838368,0.013192766346037388,3.1862714290618896,0.013192766346037388,3.1862714290618896
0.7946458458900452,0.20855604112148285,3.1198906898498535,0.20855604112148285,3.1198906898498535
0.0016280265990644693,0.1671704351902008,3.0779106616973877,0.1671704351902008,3.0779106616973877
4.09520149230957,0.8218422532081604,3.180359363555908,0.8218422532081604,3.180359363555908
1.3550587892532349,0.8980160355567932,2.977304220199585,0.8980160355567932,2.977304220199585
2.543501138687134,1.1037017107009888,3.685743808746338,1.1037017107009888,3.685743808746338
3.2409839630126953,1.3411774635314941,3.057267189025879,1.3411774635314941,3.057267189025879
0.2654085159301758,1.2336006164550781,3.147686719894409,1.2336006164550781,3.147686719894409
0.12782402336597443,1.133075475692749,2.8007636070251465,1.133075475692749,2.8007636070251465
0.20741088688373566,1.0559366941452026,2.5151143074035645,1.0559366941452026,2.5151143074035645
0.21094954013824463,0.9909376502037048,1.8777906894683838,0.9909376502037048,1.8777906894683838
0.025435132905840874,0.025435132905840874,2.624234199523926,0.025435132905840874,2.624234199523926
0.007925018668174744,0.016680076718330383,3.853024959564209,0.016680076718330383,3.853024959564209
0.0011717366287484765,0.011510630138218403,2.720308303833008,0.011510630138218403,2.720308303833008
1.550291895866394,0.39620596170425415,2.771400213241577,0.39620596170425415,2.771400213241577
0.003923220559954643,0.31774941086769104,2.761948823928833,0.31774941086769104,2.761948823928833
3.40078067779541,0.8315879702568054,1.912427544593811,0.8315879702568054,1.912427544593811
3.6690096855163574,1.2369338274002075,2.2180066108703613,1.2369338274002075,2.2180066108703613
3.0198822021484375,1.4598023891448975,1.153599739074707,1.4598023891448975,1.153599739074707
0.4071454107761383,0.4071454107761383,2.6691582202911377,0.4071454107761383,2.6691582202911377
0.011693505570292473,0.20941945910453796,4.060384273529053,0.20941945910453796,4.060384273529053
0.0010084786918014288,0.13994912803173065,2.862894058227539,0.13994912803173065,2.862894058227539
0.2866429090499878,0.17662256956100464,3.0813546180725098,0.17662256956100464,3.0813546180725098
0.00150079105515033,0.14159820973873138,3.0697836875915527,0.14159820973873138,3.0697836875915527
1.3793995380401611,0.3478984534740448,2.0778486728668213,0.3478984534740448,2.0778486728668213
1.5390381813049316,0.5180612802505493,2.335880756378174,0.5180612802505493,2.335880756378174
5.933424949645996,1.1949816942214966,2.616542339324951,1.1949816942214966,2.616542339324951
0.49986857175827026,1.1177468299865723,2.637831926345825,1.1177468299865723,2.637831926345825
6.020720958709717,1.6080442667007446,2.9778077602386475,1.6080442667007446,2.9778077602386475
7.361010551452637,2.1310410499572754,3.1285595893859863,2.1310410499572754,3.1285595893859863
1.7957974672317505,2.1031041145324707,2.449320077896118,2.1031041145324707,2.449320077896118
0.18421751260757446,1.9554975032806396,1.9292923212051392,1.9554975032806396,1.9292923212051392
0.015521323308348656,0.015521323308348656,2.623962879180908,0.015521323308348656,2.623962879180908
0.004678019322454929,0.01009967178106308,3.841578245162964,0.01009967178106308,3.841578245162964
0.0008484101272188127,0.007015917915850878,2.4808669090270996,0.007015917915850878,2.4808669090270996
0.6475920081138611,0.16715994477272034,2.967602252960205,0.16715994477272034,2.967602252960205
0.0025503274518996477,0.13423801958560944,2.745370626449585,0.13423801958560944,2.745370626449585
2.5013010501861572,0.5287485122680664,2.079784870147705,0.5287485122680664,2.079784870147705
0.08864930272102356,0.4658772051334381,2.290369749069214,0.4658772051334381,2.290369749069214
0.2574097514152527,0.43981876969337463,1.6650407314300537,0.43981876969337463,1.6650407314300537
0.03131146728992462,0.03131146728992462,2.900064468383789,0.03131146728992462,2.900064468383789
0.0031994604505598545,0.01725546456873417,4.1024017333984375,0.01725546456873417,4.1024017333984375
0.0010206258157268167,0.011843851767480373,3.040642738342285,0.011843851767480373,3.040642738342285
0.2102208137512207,0.06143809109926224,3.187901020050049,0.06143809109926224,3.187901020050049
0.0017432268941774964,0.04949911683797836,2.996685266494751,0.04949911683797836,2.996685266494751
0.6498854756355286,0.1495635062456131,2.191892385482788,0.1495635062456131,2.191892385482788
0.10485231876373291,0.14317619800567627,2.6214346885681152,0.14317619800567627,2.6214346885681152
2.1514663696289062,0.3942124843597412,1.6276695728302002,0.3942124843597412,1.6276695728302002
0.06641045212745667,0.06641045212745667,2.6755714416503906,0.06641045212745667,2.6755714416503906
0.003678580978885293,0.03504451736807823,3.8690223693847656,0.03504451736807823,3.8690223693847656
0.0010100268991664052,0.0236996877938509,2.6206297874450684,0.0236996877938509,2.6206297874450684
0.9050461649894714,0.24403630197048187,3.1493048667907715,0.24403630197048187,3.1493048667907715
0.0014678190927952528,0.19552260637283325,2.7934229373931885,0.19552260637283325,2.7934229373931885
0.2974001169204712,0.21250219643115997,2.205138921737671,0.21250219643115997,2.205138921737671
0.004277959931641817,0.18275587260723114,2.3576931953430176,0.18275587260723114,2.3576931953430176
0.06489468365907669,0.1680232286453247,1.6800559759140015,0.1680232286453247,1.6800559759140015
0.025198141112923622,0.025198141112923622,3.0924172401428223,0.025198141112923622,3.0924172401428223
0.0018886362668126822,0.013543388806283474,4.099978923797607,0.013543388806283474,4.099978923797607
0.000988114275969565,0.009358297102153301,2.8361198902130127,0.009358297102153301,2.8361198902130127
0.46266523003578186,0.1226850301027298,3.1198348999023438,0.1226850301027298,3.1198348999023438
0.0019921474158763885,0.09854645282030106,3.163942813873291,0.09854645282030106,3.163942813873291
0.1027771607041359,0.09925156831741333,2.6452555656433105,0.09925156831741333,2.6452555656433105
0.004798326175659895,0.0857582539319992,2.3555150032043457,0.0857582539319992,2.3555150032043457
7.4254560470581055,1.0032204389572144,3.0647382736206055,1.0032204389572144,3.0647382736206055
4.760650157928467,1.4207125902175903,2.7408010959625244,1.4207125902175903,2.7408010959625244
0.9347637891769409,1.3721177577972412,2.564275026321411,1.3721177577972412,2.564275026321411
5.1667656898498535,1.7170857191085815,2.1992878913879395,1.7170857191085815,2.1992878913879395
4.272475242614746,1.9300349950790405,2.873680591583252,1.9300349950790405,2.873680591583252
2.9444215297698975,2.0080645084381104,2.280355930328369,2.0080645084381104,2.280355930328369
0.5543952584266663,1.9042309522628784,2.6303000450134277,1.9042309522628784,2.6303000450134277
0.7387880682945251,1.8265347480773926,2.159970998764038,1.8265347480773926,2.159970998764038
1.5269088745117188,1.8078081607818604,2.566643238067627,1.8078081607818604,2.566643238067627
0.8875905275344849,1.7536778450012207,1.9694410562515259,1.7536778450012207,1.9694410562515259
0.0392831452190876,0.0392831452190876,2.5355913639068604,0.0392831452190876,2.5355913639068604
0.0054933070205152035,0.02238822542130947,3.8901984691619873,0.02238822542130947,3.8901984691619873
0.000816131301689893,0.015197527594864368,2.5050806999206543,0.015197527594864368,2.5050806999206543
2.3738365173339844,0.6048572659492493,2.60295033454895,0.6048572659492493,2.60295033454895
0.0014659145381301641,0.48417896032333374,2.5627756118774414,0.48417896032333374,2.5627756118774414
2.7788801193237305,0.8666291236877441,2.545868396759033,0.8666291236877441,2.545868396759033
4.335285186767578,1.3621513843536377,2.568136692047119,1.3621513843536377,2.568136692047119
2.4744603633880615,1.5011900663375854,2.291287660598755,1.5011900663375854,2.291287660598755
1.1372690200805664,1.46075439453125,2.3791823387145996,1.46075439453125,2.3791823387145996
0.5986672639846802,1.374545693397522,1.7383143901824951,1.374545693397522,1.7383143901824951
0.026361173018813133,0.026361173018813133,2.7589635848999023,0.026361173018813133,2.7589635848999023
0.0044084032997488976,0.015384787693619728,4.071883201599121,0.015384787693619728,4.071883201599121
0.0012271024752408266,0.010665559209883213,3.103694438934326,0.010665559209883213,3.103694438934326
0.5740016102790833,0.15149956941604614,3.0605928897857666,0.15149956941604614,3.0605928897857666
0.001846038969233632,0.12156885862350464,3.1552529335021973,0.12156885862350464,3.1552529335021973
2.603729248046875,0.5352622866630554,2.0475687980651855,0.5352622866630554,2.0475687980651855
11.229425430297852,2.062999963760376,2.920301914215088,2.062999963760376,2.920301914215088
7.76903772354126,2.776254653930664,2.7276816368103027,2.776254653930664,2.7276816368103027
0.6508162617683411,2.5400948524475098,2.525341749191284,2.5400948524475098,2.525341749191284
4.231329441070557,2.7092182636260986,3.312232494354248,2.7092182636260986,3.312232494354248
1.2609511613845825,2.5775575637817383,2.8167338371276855,2.5775575637817383,2.8167338371276855
0.6003403663635254,2.4127895832061768,2.5147407054901123,2.4127895832061768,2.5147407054901123
5.247736930847168,2.630862236022949,2.599616050720215,2.630862236022949,2.599616050720215
4.261911392211914,2.747365713119507,3.202658176422119,2.747365713119507,3.202658176422119
0.1506023108959198,2.5742480754852295,2.600383758544922,2.5742480754852295,2.600383758544922
0.5828701257705688,2.449786901473999,2.4978885650634766,2.449786901473999,2.4978885650634766
1.2240105867385864,2.377687692642212,1.7229458093643188,2.377687692642212,1.7229458093643188
8.125000953674316,2.6969828605651855,2.768186569213867,2.6969828605651855,2.768186569213867
4.047125816345215,2.768042802810669,3.18049693107605,2.768042802810669,3.18049693107605
0.4883565604686737,2.6540586948394775,3.545327663421631,2.6540586948394775,3.545327663421631
4.6677985191345215,2.749950885772705,3.3101048469543457,2.749950885772705,3.3101048469543457
5.9615373611450195,2.895932197570801,2.776130199432373,2.895932197570801,2.776130199432373
0.12188462913036346,2.7753214836120605,3.229452133178711,2.7753214836120605,3.229452133178711
4.963988304138184,2.866515874862671,2.7442290782928467,2.866515874862671,2.7442290782928467
7.876884460449219,3.0669307708740234,2.835279941558838,3.0669307708740234,2.835279941558838
3.264510154724121,3.0745301246643066,2.5499730110168457,3.0745301246643066,2.5499730110168457
0.10013961046934128,2.964367389678955,2.726574659347534,2.964367389678955,2.726574659347534
6.648875713348389,3.0959572792053223,3.329277753829956,3.0959572792053223,3.329277753829956
0.6912715435028076,3.0130369663238525,2.7711727619171143,3.0130369663238525,2.7711727619171143
7.932845115661621,3.1770308017730713,2.963013172149658,3.1770308017730713,2.963013172149658
10.678025245666504,3.4189984798431396,2.6980605125427246,3.4189984798431396,2.6980605125427246
1.1890841722488403,3.349313735961914,2.398174524307251,3.349313735961914,2.398174524307251
0.4379126727581024,3.261089324951172,1.6695339679718018,3.261089324951172,1.6695339679718018
4.809239864349365,3.3066232204437256,1.5762466192245483,3.3066232204437256,1.5762466192245483
0.4753783941268921,0.4753783941268921,3.01692533493042,0.4753783941268921,3.01692533493042
0.0067262426018714905,0.2410523146390915,3.9348320960998535,0.2410523146390915,3.9348320960998535
0.0010926711838692427,0.16106577217578888,2.633063316345215,0.16106577217578888,2.633063316345215
1.0438554286956787,0.38176319003105164,2.9521403312683105,0.38176319003105164,2.9521403312683105
0.002955951262265444,0.3060017228126526,2.9066660404205322,0.3060017228126526,2.9066660404205322
5.914953231811523,1.240826964378357,1.2653828859329224,1.240826964378357,1.2653828859329224
2.8820695877075195,1.475290298461914,1.385871171951294,1.475290298461914,1.385871171951294
0.6654164791107178,0.6654164791107178,2.5295376777648926,0.6654164791107178,2.5295376777648926
0.0048472038470208645,0.33513185381889343,3.5486273765563965,0.33513185381889343,3.5486273765563965
0.0013631823239848018,0.22387562692165375,2.345388412475586,0.22387562692165375,2.345388412475586
2.177565813064575,0.7122981548309326,2.629793643951416,0.7122981548309326,2.629793643951416
0.0009566736407577991,0.5700298547744751,2.5506911277770996,0.5700298547744751,2.5506911277770996
2.4318437576293945,0.8803321719169617,2.5719761848449707,0.8803321719169617,2.5719761848449707
5.822710990905762,1.5863863229751587,3.0991435050964355,1.5863863229751587,3.0991435050964355
0.0013344916515052319,1.3882547616958618,2.528330087661743,1.3882547616958618,2.528330087661743
4.351413726806641,1.7174946069717407,2.92234206199646,1.7174946069717407,2.92234206199646
1.7702865600585938,1.7227739095687866,2.700802803039551,1.7227739095687866,2.700802803039551
3.1285674571990967,1.8505734205245972,2.648776054382324,1.8505734205245972,2.648776054382324
0.2705058157444,1.7189010381698608,2.45161509513855,1.7189010381698608,2.45161509513855
0.31812241673469543,1.6111488342285156,1.6112741231918335,1.6111488342285156,1.6112741231918335
0.25046029686927795,0.25046029686927795,2.6810030937194824,0.25046029686927795,2.6810030937194824
0.005536460317671299,0.12799838185310364,3.9849019050598145,0.12799838185310364,3.9849019050598145
0.0013100859941914678,0.08576894551515579,2.9760875701904297,0.08576894551515579,2.9760875701904297
0.4775157868862152,0.1837056577205658,3.146070957183838,0.1837056577205658,3.146070957183838
0.00167444150429219,0.1472994089126587,2.9611806869506836,0.1472994089126587,2.9611806869506836
3.4398155212402344,0.696052074432373,2.9717960357666016,0.696052074432373,2.9717960357666016
2.4864869117736816,0.9518284797668457,2.7212324142456055,0.9518284797668457,2.7212324142456055
0.04722077399492264,0.8387525081634521,2.705681085586548,0.8387525081634521,2.705681085586548
7.787567138671875,1.6108430624008179,3.847214937210083,1.6108430624008179,3.847214937210083
0.00048708971007727087,1.4498074054718018,2.9221746921539307,1.4498074054718018,2.9221746921539307
1.1358067989349365,1.4212619066238403,3.4466445446014404,1.4212619066238403,3.4466445446014404
0.7441830635070801,1.364838719367981,3.106034755706787,1.364838719367981,3.106034755706787
0.5453325510025024,1.3017997741699219,2.667325973510742,1.3017997741699219,2.667325973510742
0.30011627078056335,1.2302509546279907,2.707252025604248,1.2302509546279907,2.707252025604248
4.55560302734375,1.4519410133361816,1.8193893432617188,1.4519410133361816,1.8193893432617188
5.231412887573242,1.6881580352783203,2.87076997756958,1.6881580352783203,2.87076997756958
6.659521102905273,1.9805912971496582,2.7143826484680176,1.9805912971496582,2.7143826484680176
7.041581153869629,2.2617573738098145,1.8996795415878296,2.2617573738098145,1.8996795415878296
2.0704801082611084,2.251690149307251,1.6168773174285889,2.251690149307251,1.6168773174285889
3.980607509613037,2.3381359577178955,1.7689170837402344,2.3381359577178955,1.7689170837402344
0.19664150476455688,0.19664150476455688,2.4255948066711426,0.19664150476455688,2.4255948066711426
0.013550092466175556,0.10509579628705978,3.913135051727295,0.10509579628705978,3.913135051727295
0.0007046362152323127,0.07029873877763748,2.533327102661133,0.07029873877763748,2.533327102661133
0.7743393182754517,0.24630889296531677,2.8743345737457275,0.24630889296531677,2.8743345737457275
0.002516319742426276,0.19755038619041443,2.53751540184021,0.19755038619041443,2.53751540184021
5.514002799987793,1.0836257934570312,1.8510863780975342,1.0836257934570312,1.8510863780975342
0.6077778339385986,1.015647530555725,2.169745922088623,1.015647530555725,2.169745922088623
3.221623420715332,1.2913943529129028,1.9186986684799194,1.2913943529129028,1.9186986684799194
2.4528920650482178,1.4204497337341309,1.5854275226593018,1.4204497337341309,1.5854275226593018
0.0907851979136467,0.0907851979136467,2.7571959495544434,0.0907851979136467,2.7571959495544434
0.006741044111549854,0.04876312240958214,4.065651893615723,0.04876312240958214,4.065651893615723
0.001141373417340219,0.03288920596241951,3.033435344696045,0.03288920596241951,3.033435344696045
0.6253548860549927,0.18100562691688538,3.2092385292053223,0.18100562691688538,3.2092385292053223
0.0017178792040795088,0.14514806866645813,3.0010523796081543,0.14514806866645813,3.0010523796081543
3.4885315895080566,0.7023786902427673,2.017035961151123,0.7023786902427673,2.017035961151123
6.877997398376465,1.5846099853515625,2.136206865310669,1.5846099853515625,2.136206865310669
6.026351451873779,2.1398277282714844,2.7492010593414307,2.1398277282714844,2.7492010593414307
4.347928047180176,2.385172128677368,2.5210862159729004,2.385172128677368,2.5210862159729004
3.0276262760162354,2.4494175910949707,2.5517983436584473,2.4494175910949707,2.5517983436584473
0.4859410524368286,2.2709195613861084,3.050424098968506,2.2709195613861084,3.050424098968506
0.13649263978004456,2.093050718307495,2.805257797241211,2.093050718307495,2.805257797241211
0.5193592309951782,1.9719974994659424,3.1965584754943848,1.9719974994659424,3.1965584754943848
0.05434141680598259,1.8350220918655396,2.7628793716430664,1.8350220918655396,2.7628793716430664
0.5142802000045776,1.746972680091858,2.507922887802124,1.746972680091858,2.507922887802124
0.9053048491477966,1.6943683624267578,1.855247139930725,1.6943683624267578,1.855247139930725
7.750406742095947,2.0506060123443604,3.129812240600586,2.0506060123443604,3.129812240600586
1.011937141418457,1.992902159690857,2.812464475631714,1.992902159690857,2.812464475631714
0.5859121680259705,1.9188499450683594,2.4993247985839844,1.9188499450683594,2.4993247985839844
4.648481369018555,2.0553314685821533,2.8018219470977783,2.0553314685821533,2.8018219470977783
1.4382870197296143,2.0259482860565186,3.202775239944458,2.0259482860565186,3.202775239944458
3.2120721340179443,2.0798628330230713,2.8518259525299072,2.0798628330230713,2.8518259525299072
0.3063601851463318,2.002753973007202,2.4183526039123535,2.002753973007202,2.4183526039123535
0.5850425958633423,1.9436826705932617,1.705506682395935,1.9436826705932617,1.705506682395935
0.07572495192289352,0.07572495192289352,2.4192233085632324,0.07572495192289352,2.4192233085632324
0.011475509032607079,0.043600231409072876,3.861083984375,0.043600231409072876,3.861083984375
0.0008206575294025242,0.02934037335216999,2.4536538124084473,0.02934037335216999,2.4536538124084473
0.639194667339325,0.18180394172668457,2.9008374214172363,0.18180394172668457,2.9008374214172363
0.002703465986996889,0.14598384499549866,2.4700257778167725,0.14598384499549866,2.4700257778167725
1.9640259742736816,0.4489908516407013,1.81256902217865,0.4489908516407013,1.81256902217865
6.61561393737793,1.3299369812011719,1.6591289043426514,1.3299369812011719,1.6591289043426514
1.5920560359954834,1.3627018928527832,1.578946828842163,1.3627018928527832,1.578946828842163
0.06187169998884201,0.06187169998884201,2.6241955757141113,0.06187169998884201,2.6241955757141113
0.009282290004193783,0.035576995462179184,4.017434597015381,0.035576995462179184,4.017434597015381
0.0011092231143265963,0.024087736383080482,2.990849494934082,0.024087736383080482,2.990849494934082
0.47625380754470825,0.13712924718856812,3.1774563789367676,0.13712924718856812,3.1774563789367676
0.0027384182903915644,0.11025108397006989,2.837097644805908,0.11025108397006989,2.837097644805908
9.24759578704834,1.6331418752670288,3.5858235359191895,1.6331418752670288,3.5858235359191895
8.999225616455078,2.6854395866394043,2.895602226257324,2.6854395866394043,2.895602226257324
2.543787717819214,2.6677329540252686,2.498657703399658,2.6677329540252686,2.498657703399658
9.172280311584473,3.39046049118042,2.771414041519165,3.39046049118042,2.771414041519165
3.2392172813415527,3.375336170196533,2.5564804077148438,3.375336170196533,2.5564804077148438
1.1672135591506958,3.17459774017334,2.3852524757385254,3.17459774017334,2.3852524757385254
9.512998580932617,3.7027976512908936,2.7096431255340576,3.7027976512908936,2.7096431255340576
1.6898949146270752,3.5479588508605957,2.5845625400543213,3.5479588508605957,2.5845625400543213
2.262040376663208,3.4561076164245605,2.715345859527588,3.4561076164245605,2.715345859527588
5.724032402038574,3.607302665710449,2.3336102962493896,3.607302665710449,2.3336102962493896
0.43939951062202454,3.409308671951294,1.6503496170043945,3.409308671951294,1.6503496170043945
0.29353663325309753,0.29353663325309753,2.6075940132141113,0.29353663325309753,2.6075940132141113
0.00528569333255291,0.12461019307374954,4.171306610107422,0.12461019307374954,4.171306610107422
0.0011431594612076879,0.085128553211689,3.149836778640747,0.085128553211689,3.149836778640747
0.6741867065429688,0.2284860908985138,3.5293660163879395,0.2284860908985138,3.5293660163879395
0.004833798389881849,0.17855343222618103,3.3864643573760986,0.17855343222618103,3.3864643573760986
2.464980363845825,0.5609720349311829,1.4459550380706787,0.5609720349311829,1.4459550380706787
10.925893783569336,2.0320448875427246,2.894028425216675,2.0320448875427246,2.894028425216675
1.0978323221206665,1.905346155166626,2.830981492996216,1.905346155166626,2.830981492996216
0.46027466654777527,1.7537931203842163,2.536170244216919,1.7537931203842163,2.536170244216919
1.9885830879211426,1.7833667993545532,2.540695905685425,1.7833667993545532,2.540695905685425
0.5029650330543518,1.668785572052002,1.5662200450897217,1.668785572052002,1.5662200450897217
2.9322097301483154,1.7694259881973267,1.57784104347229,1.7694259881973267,1.57784104347229
0.2977412939071655,0.2977412939071655,2.7439615726470947,0.2977412939071655,2.7439615726470947
0.006586035247892141,0.15706662833690643,4.318432807922363,0.15706662833690643,4.318432807922363
0.000952267087996006,0.10715188831090927,3.3033664226531982,0.10715188831090927,3.3033664226531982
0.5513619184494019,0.2165122777223587,3.477163314819336,0.2165122777223587,3.477163314819336
0.0037336894311010838,0.18267452716827393,3.2125706672668457,0.18267452716827393,3.2125706672668457
6.3456244468688965,1.2016644477844238,3.3298237323760986,1.2016644477844238,3.3298237323760986
3.4577572345733643,1.5276931524276733,3.0505361557006836,1.5276931524276733,3.0505361557006836
5.036733150482178,1.9587476253509521,2.0498571395874023,1.9587476253509521,2.0498571395874023
0.7503136396408081,1.825602650642395,1.6323177814483643,1.825602650642395,1.6323177814483643
0.07787206768989563,0.07787206768989563,2.6401753425598145,0.07787206768989563,2.6401753425598145
0.006154158152639866,0.04546128958463669,4.181709289550781,0.04546128958463669,4.181709289550781
0.0009236836922354996,0.03141837194561958,2.9725890159606934,0.03141837194561958,2.9725890159606934
0.5094895362854004,0.15041351318359375,3.3003265857696533,0.15041351318359375,3.3003265857696533
0.003257565898820758,0.11415024101734161,3.0318007469177246,0.11415024101734161,3.0318007469177246
5.0201005935668945,0.92476487159729,2.335531234741211,0.92476487159729,2.335531234741211
2.8976829051971436,1.2048490047454834,2.1673336029052734,1.2048490047454834,2.1673336029052734
0.9007495045661926,1.1718628406524658,1.525388479232788,1.1718628406524658,1.525388479232788
0.17768923938274384,0.17768923938274384,2.658291816711426,0.17768923938274384,2.658291816711426
0.0055944304913282394,0.09421529620885849,4.22184944152832,0.09421529620885849,4.22184944152832
0.001095171901397407,0.061796460300683975,3.2370808124542236,0.061796460300683975,3.2370808124542236
0.3116832673549652,0.12771299481391907,3.5544116497039795,0.12771299481391907,3.5544116497039795
0.0022386270575225353,0.09954868257045746,3.3095595836639404,0.09954868257045746,3.3095595836639404
1.6283957958221436,0.3526029586791992,2.4495418071746826,0.3526029586791992,2.4495418071746826
9.50124740600586,1.6581131219863892,2.976501941680908,1.6581131219863892,2.976501941680908
3.1079487800598145,1.8352301120758057,2.5967085361480713,1.8352301120758057,2.5967085361480713
1.6737297773361206,1.8209824562072754,3.3704917430877686,1.8209824562072754,3.3704917430877686
0.06756722182035446,1.6467514038085938,3.2742042541503906,1.6467514038085938,3.2742042541503906
0.48652729392051697,1.5455327033996582,2.786806583404541,1.5455327033996582,2.786806583404541
0.3162430226802826,1.4410510063171387,1.6071974039077759,1.4410510063171387,1.6071974039077759
1.0684713125228882,1.0684713125228882,2.6909244060516357,1.0684713125228882,2.6909244060516357
0.003573700087144971,0.5248363018035889,4.06870174407959,0.5248363018035889,4.06870174407959
0.0010278901318088174,0.3580242097377777,2.9724583625793457,0.3580242097377777,2.9724583625793457
0.5784264802932739,0.42197364568710327,3.431893825531006,0.42197364568710327,3.431893825531006
0.003361648181453347,0.3325407803058624,3.231175184249878,0.3325407803058624,3.231175184249878
1.6662495136260986,0.5594850182533264,1.6054813861846924,0.5594850182533264,1.6054813861846924
4.86491060256958,1.1777290105819702,1.7470104694366455,1.1777290105819702,1.7470104694366455
2.0622386932373047,1.2849457263946533,1.3707019090652466,1.2849457263946533,1.3707019090652466
0.5088895559310913,0.5088895559310913,2.6093602180480957,0.5088895559310913,2.6093602180480957
0.010408168658614159,0.2848435044288635,4.294002056121826,0.2848435044288635,4.294002056121826
0.0007040405762381852,0.18402771651744843,3.2209460735321045,0.18402771651744843,3.2209460735321045
0.5114910006523132,0.267034113407135,3.4066290855407715,0.267034113407135,3.4066290855407715
0.0023999004624783993,0.21627449989318848,3.2136642932891846,0.21627449989318848,3.2136642932891846
4.575277805328369,0.9410629868507385,3.498983860015869,0.9410629868507385,3.498983860015869
2.727733612060547,1.1983022689819336,2.890833854675293,1.1983022689819336,2.890833854675293
0.16648507118225098,1.0632140636444092,1.7716684341430664,1.0632140636444092,1.7716684341430664
0.07107571512460709,0.07107571512460709,2.8224196434020996,0.07107571512460709,2.8224196434020996
0.0027149980887770653,0.035623665899038315,4.0252861976623535,0.035623665899038315,4.0252861976623535
0.0008530553313903511,0.024823660030961037,2.968169689178467,0.024823660030961037,2.968169689178467
0.3982945382595062,0.11822231113910675,3.4158310890197754,0.11822231113910675,3.4158310890197754
0.003172723576426506,0.09421984851360321,3.2566990852355957,0.09421984851360321,3.2566990852355957
6.48304557800293,1.1584426164627075,1.4546120166778564,1.1584426164627075,1.4546120166778564
2.2106282711029053,1.3121877908706665,1.6463708877563477,1.3121877908706665,1.6463708877563477
0.05127770081162453,0.05127770081162453,2.5798985958099365,0.05127770081162453,2.5798985958099365
0.008358023129403591,0.03178291395306587,4.355376243591309,0.03178291395306587,4.355376243591309
0.0009654866298660636,0.021079419180750847,3.474245071411133,0.021079419180750847,3.474245071411133
0.45057135820388794,0.12911218404769897,3.7125861644744873,0.12911218404769897,3.7125861644744873
0.0027707540430128574,0.10674940049648285,3.5229644775390625,0.10674940049648285,3.5229644775390625
8.264163970947266,1.4664759635925293,4.1930131912231445,1.4664759635925293,4.1930131912231445
5.223883628845215,1.9997997283935547,2.6898646354675293,1.9997997283935547,2.6898646354675293
6.4075469970703125,2.5405352115631104,3.864421844482422,2.5405352115631104,3.864421844482422
4.501743316650391,2.7635865211486816,3.7936718463897705,2.7635865211486816,3.7936718463897705
0.15066896378993988,2.496316432952881,3.229262590408325,2.496316432952881,3.229262590408325
6.113986492156982,2.8298451900482178,2.8919906616210938,2.8298451900482178,2.8919906616210938
3.1348824501037598,2.858433723449707,3.2961888313293457,2.858433723449707,3.2961888313293457
5.503594875335693,3.056645631790161,2.880648374557495,3.056645631790161,2.880648374557495
5.25642204284668,3.22049880027771,3.524993896484375,3.22049880027771,3.524993896484375
0.9973066449165344,3.0748870372772217,3.083526372909546,3.0748870372772217,3.083526372909546
4.804501533508301,3.1841185092926025,2.8880038261413574,3.1841185092926025,2.8880038261413574
3.004124641418457,3.1689183712005615,2.7558963298797607,3.1689183712005615,2.7558963298797607
0.9888332486152649,3.050981044769287,2.479843854904175,3.050981044769287,2.479843854904175
5.389307975769043,3.184082508087158,3.911827564239502,3.184082508087158,3.911827564239502
0.4902440309524536,3.041027307510376,3.4235596656799316,3.041027307510376,3.4235596656799316
0.1735633909702301,2.908980131149292,3.011911153793335,2.908980131149292,3.011911153793335
0.14491093158721924,2.7886533737182617,3.157890796661377,2.7886533737182617,3.157890796661377
0.30066657066345215,2.680689573287964,3.3597617149353027,2.680689573287964,3.3597617149353027
0.5824009776115417,2.5891096591949463,2.4612503051757812,2.5891096591949463,2.4612503051757812
0.6969713568687439,2.5165045261383057,1.710663080215454,2.5165045261383057,1.710663080215454
0.08734114468097687,0.08734114468097687,2.613280773162842,0.08734114468097687,2.613280773162842
0.005555546842515469,0.04679577052593231,4.235385894775391,0.04679577052593231,4.235385894775391
0.0007164295529946685,0.030972354114055634,2.892429828643799,0.030972354114055634,2.892429828643799
0.2780371904373169,0.09188200533390045,3.2279601097106934,0.09188200533390045,3.2279601097106934
0.003278121817857027,0.07557441294193268,3.1803066730499268,0.07557441294193268,3.1803066730499268
4.887462615966797,0.8788655400276184,2.6259093284606934,0.8788655400276184,2.6259093284606934
5.811739921569824,1.5835790634155273,3.1885340213775635,1.5835790634155273,3.1885340213775635
8.603388786315918,2.4590635299682617,1.8421742916107178,2.4590635299682617,1.8421742916107178
1.3939423561096191,2.3491899967193604,1.696089744567871,2.3491899967193604,1.696089744567871
0.22935505211353302,0.22935505211353302,2.8238348960876465,0.22935505211353302,2.8238348960876465
0.003146223723888397,0.11275129020214081,4.262173652648926,0.11275129020214081,4.262173652648926
0.0006650857976637781,0.07072552293539047,3.169898271560669,0.07072552293539047,3.169898271560669
0.653328537940979,0.22349028289318085,3.46797513961792,0.22349028289318085,3.46797513961792
0.0027304531540721655,0.17758508026599884,3.6601765155792236,0.17758508026599884,3.6601765155792236
3.8806087970733643,0.7954673767089844,1.5856677293777466,0.7954673767089844,1.5856677293777466
5.872798919677734,1.5255930423736572,4.115450382232666,1.5255930423736572,4.115450382232666
0.28047987818717957,1.371763825416565,3.9511802196502686,1.371763825416565,3.9511802196502686
0.05725967511534691,1.2234596014022827,3.3849048614501953,1.2234596014022827,3.3849048614501953
0.04507855325937271,1.1016783714294434,3.400601863861084,1.1016783714294434,3.400601863861084
0.10080115497112274,1.0080302953720093,3.4687507152557373,1.0080302953720093,3.4687507152557373
0.49260950088500977,0.9631859660148621,2.901109457015991,0.9631859660148621,2.901109457015991
10.434549331665039,1.6928112506866455,3.5856385231018066,1.6928112506866455,3.5856385231018066
3.7907910346984863,1.8421157598495483,2.920337200164795,1.8421157598495483,2.920337200164795
3.554417133331299,1.958069920539856,3.7485251426696777,1.958069920539856,3.7485251426696777
0.2616531252861023,1.8462979793548584,3.0879478454589844,1.8462979793548584,3.0879478454589844
0.7379248738288879,1.7860984802246094,3.118236780166626,1.7860984802246094,3.118236780166626
3.362083673477173,1.8714357614517212,3.511136531829834,1.8714357614517212,3.511136531829834
0.44570380449295044,1.7908666133880615,2.8951077461242676,1.7908666133880615,2.8951077461242676
0.6095770001411438,1.7389307022094727,1.7600886821746826,1.7389307022094727,1.7600886821746826
0.0484481006860733,0.0484481006860733,2.6673007011413574,0.0484481006860733,2.6673007011413574
0.0032020746730268,0.023213116452097893,4.266007423400879,0.023213116452097893,4.266007423400879
0.0006804534932598472,0.017095739021897316,3.1569089889526367,0.017095739021897316,3.1569089889526367
0.23374778032302856,0.07131069898605347,3.473949909210205,0.07131069898605347,3.473949909210205
0.0031932813581079245,0.05288306996226311,3.298483371734619,0.05288306996226311,3.298483371734619
4.516581058502197,0.7966274619102478,3.438249111175537,0.7966274619102478,3.438249111175537
1.5115325450897217,0.9033272862434387,2.7937722206115723,0.9033272862434387,2.7937722206115723
1.196931004524231,0.9419585466384888,1.5819172859191895,0.9419585466384888,1.5819172859191895
0.20343996584415436,0.20343996584415436,2.9102158546447754,0.20343996584415436,2.9102158546447754
0.0057427179999649525,0.10176677256822586,4.4213361740112305,0.10176677256822586,4.4213361740112305
0.0007591941393911839,0.0690171867609024,3.3517849445343018,0.0690171867609024,3.3517849445343018
0.28331100940704346,0.11790234595537186,3.6792283058166504,0.11790234595537186,3.6792283058166504
0.0030027797911316156,0.10063405334949493,3.7234179973602295,0.10063405334949493,3.7234179973602295
2.355642080307007,0.48879313468933105,3.7685256004333496,0.48879313468933105,3.7685256004333496
0.6033978462219238,0.505250096321106,3.06927752494812,0.505250096321106,3.06927752494812
0.6561010479927063,0.5313966870307922,2.142653226852417,0.5313966870307922,2.142653226852417
0.26366204023361206,0.26366204023361206,2.524700164794922,0.26366204023361206,2.524700164794922
0.003892228240147233,0.14121560752391815,4.327331066131592,0.14121560752391815,4.327331066131592
0.0008647278300486505,0.10401175171136856,3.247767686843872,0.10401175171136856,3.247767686843872
3.9289391040802,1.0583692789077759,2.897907257080078,1.0583692789077759,2.897907257080078
0.002887367969378829,0.8242823481559753,3.216153621673584,0.8242823481559753,3.216153621673584
5.248672962188721,1.5650213956832886,3.9429428577423096,1.5650213956832886,3.9429428577423096
1.7728750705718994,1.6261972188949585,3.0202207565307617,1.6261972188949585,3.0202207565307617
6.231368541717529,2.1868693828582764,3.4678053855895996,2.1868693828582764,3.4678053855895996
1.821398377418518,2.1378159523010254,3.5763473510742188,2.1378159523010254,3.5763473510742188
0.1169697493314743,1.9126631021499634,3.115143299102783,1.9126631021499634,3.115143299102783
7.40415620803833,2.4240100383758545,3.1284332275390625,2.4240100383758545,3.1284332275390625
0.23447616398334503,2.1955814361572266,2.690242290496826,2.1955814361572266,2.690242290496826
0.2856740653514862,2.1086435317993164,1.747245192527771,2.1086435317993164,1.747245192527771
0.05581361800432205,0.05581361800432205,2.5086801052093506,0.05581361800432205,2.5086801052093506
0.005284270271658897,0.03022104874253273,4.220156192779541,0.03022104874253273,4.220156192779541
0.0007344171172007918,0.019748974591493607,3.2175135612487793,0.019748974591493607,3.2175135612487793
1.3073501586914062,0.3417942523956299,3.4820899963378906,0.3417942523956299,3.4820899963378906
0.0027461457066237926,0.2705228328704834,3.2771811485290527,0.2705228328704834,3.2771811485290527
4.008241653442383,0.8933587074279785,4.377497673034668,0.8933587074279785,4.377497673034668
0.05835218355059624,0.7725304961204529,3.635815143585205,0.7725304961204529,3.635815143585205
0.12873156368732452,0.6889693140983582,3.403501033782959,0.6889693140983582,3.403501033782959
1.9923442602157593,0.8310646414756775,2.8815407752990723,0.8310646414756775,2.8815407752990723
6.261432647705078,1.3764435052871704,3.7630386352539062,1.3764435052871704,3.7630386352539062
0.18956783413887024,1.272538423538208,3.0786588191986084,1.272538423538208,3.0786588191986084
4.459307670593262,1.5437322854995728,3.5038902759552,1.5437322854995728,3.5038902759552
2.2549543380737305,1.5822257995605469,3.008957624435425,1.5822257995605469,3.008957624435425
1.1590925455093384,1.5602409839630127,3.213200330734253,1.5602409839630127,3.213200330734253
0.7781960368156433,1.5090985298156738,2.6017117500305176,1.5090985298156738,2.6017117500305176
0.24049679934978485,1.429054856300354,1.7574388980865479,1.429054856300354,1.7574388980865479
0.03256873041391373,0.03256873041391373,2.4759130477905273,0.03256873041391373,2.4759130477905273
0.007278591860085726,0.019727865234017372,4.169507026672363,0.019727865234017372,4.169507026672363
0.000779205875005573,0.013541984371840954,3.0107436180114746,0.013541984371840954,3.0107436180114746
0.40752238035202026,0.11178562045097351,3.2566771507263184,0.11178562045097351,3.2566771507263184
0.0033275492023676634,0.09363698959350586,2.8856329917907715,0.09363698959350586,2.8856329917907715
4.68916130065918,0.8587584495544434,1.9334226846694946,0.8587584495544434,1.9334226846694946
0.7940399646759033,0.8511499762535095,2.126667022705078,0.8511499762535095,2.126667022705078
6.042568683624268,1.4929277896881104,1.7240720987319946,1.4929277896881104,1.7240720987319946
0.7557573914527893,1.4107844829559326,2.206655263900757,1.4107844829559326,2.206655263900757
3.5369772911071777,1.6318073272705078,1.723642110824585,1.6318073272705078,1.723642110824585
0.6745070219039917,1.5487195253372192,1.8832967281341553,1.5487195253372192,1.8832967281341553
4.558280944824219,1.8066977262496948,1.8174707889556885,1.8066977262496948,1.8174707889556885
0.09637926518917084,1.6772091388702393,2.1460795402526855,1.6772091388702393,2.1460795402526855
3.1720235347747803,1.7767351865768433,1.6841014623641968,1.7767351865768433,1.6841014623641968
0.3283182680606842,1.6800974607467651,2.200395107269287,1.6800974607467651,2.200395107269287
1.889212727546692,1.690940499305725,1.5515552759170532,1.690940499305725,1.5515552759170532
0.11135883629322052,0.11135883629322052,2.433931350708008,0.11135883629322052,2.433931350708008
0.011413282714784145,0.06041911989450455,4.143744945526123,0.06041911989450455,4.143744945526123
0.0015097183641046286,0.03911106660962105,2.976135492324829,0.03911106660962105,2.976135492324829
0.8147391080856323,0.23248611390590668,3.392224073410034,0.23248611390590668,3.392224073410034
0.003207065397873521,0.19027161598205566,3.0981945991516113,0.19027161598205566,3.0981945991516113
8.186799049377441,1.5221920013427734,3.067986011505127,1.5221920013427734,3.067986011505127
1.5903949737548828,1.5234081745147705,2.5886991024017334,1.5234081745147705,2.5886991024017334
7.542969703674316,2.271178960800171,3.2518856525421143,2.271178960800171,3.2518856525421143
1.7927356958389282,2.2203259468078613,2.833629846572876,2.2203259468078613,2.833629846572876
0.4716913402080536,2.0455105304718018,2.6062567234039307,2.0455105304718018,2.6062567234039307
5.374272346496582,2.3497328758239746,4.116509437561035,2.3497328758239746,4.116509437561035
0.17081645131111145,2.1686885356903076,3.116913318634033,2.1686885356903076,3.116913318634033
2.8107078075408936,2.2345564365386963,2.3969993591308594,2.2345564365386963,2.3969993591308594
0.38306161761283875,2.1052703857421875,1.6585114002227783,2.1052703857421875,1.6585114002227783
0.031237753108143806,0.031237753108143806,2.4211394786834717,0.031237753108143806,2.4211394786834717
0.006057475693523884,0.019054794684052467,4.159671306610107,0.019054794684052467,4.159671306610107
0.0009167758980765939,0.01315639540553093,2.795598268508911,0.01315639540553093,2.795598268508911
0.3143107295036316,0.0881711095571518,3.103309154510498,0.0881711095571518,3.103309154510498
0.006868680007755756,0.07271625846624374,2.782522678375244,0.07271625846624374,2.782522678375244
7.934617042541504,1.3803462982177734,3.3548502922058105,1.3803462982177734,3.3548502922058105
2.575521469116211,1.556117057800293,2.6851553916931152,1.556117057800293,2.6851553916931152
0.5715998411178589,1.4260952472686768,2.536940574645996,1.4260952472686768,2.536940574645996
0.19516140222549438,1.2927069664001465,2.9873828887939453,1.2927069664001465,2.9873828887939453
0.16248370707035065,1.1810336112976074,2.313115119934082,1.1810336112976074,2.313115119934082
0.8197401165962219,1.1477872133255005,2.6570773124694824,1.1477872133255005,2.6570773124694824
0.3197387158870697,1.0823034048080444,2.2446448802948,1.0823034048080444,2.2446448802948
0.838951587677002,1.0554351806640625,2.784709930419922,1.0554351806640625,2.784709930419922
0.2170063704252243,1.0023303031921387,2.2369627952575684,1.0023303031921387,2.2369627952575684
1.2395765781402588,1.0175060033798218,2.465663433074951,1.0175060033798218,2.465663433074951
0.30291759967803955,0.9773805737495422,1.74440598487854,0.9773805737495422,1.74440598487854
0.05812523141503334,0.05812523141503334,2.6510262489318848,0.05812523141503334,2.6510262489318848
0.005094404332339764,0.031029488891363144,4.280241966247559,0.031029488891363144,4.280241966247559
0.0010205067228525877,0.02068176306784153,3.0842366218566895,0.02068176306784153,3.0842366218566895
0.7870830297470093,0.21211065351963043,3.378807544708252,0.21211065351963043,3.378807544708252
0.005753504112362862,0.16799238324165344,3.408292770385742,0.16799238324165344,3.408292770385742
4.736103057861328,0.9285474419593811,3.168513774871826,0.9285474419593811,3.168513774871826
0.7099380493164062,0.884486973285675,3.430540084838867,0.884486973285675,3.430540084838867
9.530223846435547,1.9641215801239014,1.9232717752456665,1.9641215801239014,1.9232717752456665
1.4439175128936768,1.9049687385559082,2.34468936920166,1.9049687385559082,2.34468936920166
0.8646993637084961,1.818535566329956,2.5884995460510254,1.818535566329956,2.5884995460510254
5.938382625579834,2.1904685497283936,2.5499014854431152,2.1904685497283936,2.5499014854431152
0.3296140730381012,2.022965908050537,2.989509105682373,2.022965908050537,2.989509105682373
3.2286956310272217,2.1117727756500244,2.6549315452575684,2.1117727756500244,2.6549315452575684
1.564066767692566,2.076450824737549,2.6902825832366943,2.076450824737549,2.6902825832366943
5.642655849456787,2.323669195175171,3.048335075378418,2.323669195175171,3.048335075378418
4.732847690582275,2.472529411315918,2.404923915863037,2.472529411315918,2.404923915863037
9.149373054504395,2.856254816055298,3.3059744834899902,2.856254816055298,3.3059744834899902
3.857470989227295,2.926325798034668,3.0724079608917236,2.926325798034668,3.0724079608917236
0.9119777679443359,2.834829330444336,2.674950122833252,2.834829330444336,2.674950122833252
0.6167792677879333,2.729631185531616,1.799462914466858,2.729631185531616,1.799462914466858
0.06353123486042023,0.06353123486042023,2.782466173171997,0.06353123486042023,2.782466173171997
0.006347139831632376,0.03304048627614975,4.380610942840576,0.03304048627614975,4.380610942840576
0.0007413261337205768,0.021559149026870728,2.9611074924468994,0.021559149026870728,2.9611074924468994
0.4422532618045807,0.12443694472312927,3.363964796066284,0.12443694472312927,3.363964796066284
0.006916746497154236,0.09804932773113251,3.3316617012023926,0.09804932773113251,3.3316617012023926
5.450002670288086,0.9980708956718445,3.2353274822235107,0.9980708956718445,3.2353274822235107
1.7026972770690918,1.109354853630066,2.7542386054992676,1.109354853630066,2.7542386054992676
0.6917576193809509,1.0597208738327026,2.0454471111297607,1.0597208738327026,2.0454471111297607
0.04327450692653656,0.04327450692653656,2.5165839195251465,0.04327450692653656,2.5165839195251465
0.004203057382255793,0.022318949922919273,4.078428268432617,0.022318949922919273,4.078428268432617
0.0007500219508074224,0.015349903143942356,2.9835617542266846,0.015349903143942356,2.9835617542266846
1.8783509731292725,0.48139962553977966,2.945796251296997,0.48139962553977966,2.945796251296997
0.0037268009036779404,0.3965473175048828,2.989004611968994,0.3965473175048828,2.989004611968994
11.577144622802734,2.246770143508911,3.3345210552215576,2.246770143508911,3.3345210552215576
0.8311164379119873,2.0459749698638916,3.0528461933135986,2.0459749698638916,3.0528461933135986
0.5844965577125549,1.8751170635223389,1.852677583694458,1.8751170635223389,1.852677583694458
0.08715400099754333,0.08715400099754333,2.863779067993164,0.08715400099754333,2.863779067993164
0.0028733417857438326,0.04801012948155403,4.27535343170166,0.04801012948155403,4.27535343170166
0.0009615565068088472,0.033014748245477676,3.3647797107696533,0.033014748245477676,3.3647797107696533
1.2927730083465576,0.3493727147579193,3.5600247383117676,0.3493727147579193,3.5600247383117676
0.0035649100318551064,0.2685892879962921,3.4976234436035156,0.2685892879962921,3.4976234436035156
3.229931354522705,0.7720468640327454,3.746659755706787,0.7720468640327454,3.746659755706787
1.5352674722671509,0.8785170912742615,3.2390410900115967,0.8785170912742615,3.2390410900115967
0.7795069813728333,0.8625528216362,2.8532872200012207,0.8625528216362,2.8532872200012207
3.202094078063965,1.1281583309173584,2.867353677749634,1.1281583309173584,2.867353677749634
5.621106147766113,1.5814964771270752,3.8330845832824707,1.5814964771270752,3.8330845832824707
7.419896602630615,2.106146812438965,3.4610297679901123,2.106146812438965,3.4610297679901123
2.658677101135254,2.152313470840454,3.0409982204437256,2.152313470840454,3.0409982204437256
3.585036039352417,2.269408702850342,3.197434425354004,2.269408702850342,3.197434425354004
0.8926832675933838,2.187973737716675,2.6578609943389893,2.187973737716675,2.6578609943389893
5.351058006286621,2.398106575012207,3.2243568897247314,2.398106575012207,3.2243568897247314
9.53841495513916,2.8484742641448975,3.6420817375183105,2.8484742641448975,3.6420817375183105
0.5286756753921509,2.711808443069458,3.223214626312256,2.711808443069458,3.223214626312256
0.03984323516488075,2.5705976486206055,2.906076669692993,2.5705976486206055,2.906076669692993
0.6218185424804688,2.472428560256958,3.0221683979034424,2.472428560256958,3.0221683979034424
5.811441421508789,2.641561508178711,3.065485954284668,2.641561508178711,3.065485954284668
3.379094362258911,2.676722288131714,2.709555149078369,2.676722288131714,2.709555149078369
8.620527267456055,2.943497657775879,2.6924986839294434,2.943497657775879,2.6924986839294434
1.8490960597991943,2.8994641304016113,2.694845676422119,2.8994641304016113,2.694845676422119
8.430068016052246,3.1215598583221436,2.675410747528076,3.1215598583221436,2.675410747528076
11.932235717773438,3.467039108276367,2.8434479236602783,3.467039108276367,2.8434479236602783
1.3429213762283325,3.3868343830108643,2.9680254459381104,3.3868343830108643,2.9680254459381104
10.302007675170898,3.6358234882354736,2.4702000617980957,3.6358234882354736,2.4702000617980957
9.848563194274902,3.8610360622406006,3.299170970916748,3.8610360622406006,3.299170970916748
5.434519290924072,3.913151502609253,3.0409910678863525,3.913151502609253,3.0409910678863525
1.224596619606018,3.8249948024749756,2.7097582817077637,3.8249948024749756,2.7097582817077637
1.2883939743041992,3.7437901496887207,3.1273603439331055,3.7437901496887207,3.1273603439331055
4.746002197265625,3.7790496349334717,3.164494514465332,3.7790496349334717,3.164494514465332
1.5809301137924194,3.7165184020996094,2.7658915519714355,3.7165184020996094,2.7658915519714355
2.6675634384155273,3.6816983222961426,3.4455008506774902,3.6816983222961426,3.4455008506774902
0.08133333176374435,3.5756797790527344,3.2513012886047363,3.5756797790527344,3.2513012886047363
0.3670877516269684,3.4892444610595703,2.749605894088745,3.4892444610595703,2.749605894088745
0.9718207120895386,3.427122116088867,1.5887725353240967,3.427122116088867,1.5887725353240967
9.25796127319336,3.584599494934082,3.2679896354675293,3.584599494934082,3.2679896354675293
0.23413240909576416,3.495800018310547,2.8267016410827637,3.495800018310547,2.8267016410827637
4.26764440536499,3.5193352699279785,2.3079960346221924,3.5193352699279785,2.3079960346221924
3.5948188304901123,3.4987010955810547,1.5566166639328003,3.4987010955810547,1.5566166639328003
0.6605267524719238,0.6605267524719238,2.7014236450195312,0.6605267524719238,2.7014236450195312
0.010794933885335922,0.3462330400943756,4.023139953613281,0.3462330400943756,4.023139953613281
0.0009550062823109329,0.2179918736219406,2.735443592071533,0.2179918736219406,2.735443592071533
0.6027332544326782,0.3025723695755005,3.1109824180603027,0.3025723695755005,3.1109824180603027
0.005485245026648045,0.25408491492271423,2.931220293045044,0.25408491492271423,2.931220293045044
6.413113117218018,1.2825912237167358,2.916184186935425,1.2825912237167358,2.916184186935425
2.9383366107940674,1.5214107036590576,2.757753610610962,1.5214107036590576,2.757753610610962
1.645811676979065,1.5412507057189941,2.714038133621216,1.5412507057189941,2.714038133621216
0.4244380593299866,1.4125486612319946,1.646061658859253,1.4125486612319946,1.646061658859253
0.11293617635965347,0.11293617635965347,2.8580377101898193,0.11293617635965347,2.8580377101898193
0.005415530875325203,0.05959073454141617,4.146557807922363,0.05959073454141617,4.146557807922363
0.0007568117580376565,0.03842034563422203,3.250593900680542,0.03842034563422203,3.250593900680542
0.4052152931690216,0.13219758868217468,3.3066585063934326,0.13219758868217468,3.3066585063934326
0.004372797440737486,0.12590713798999786,3.3710579872131348,0.12590713798999786,3.3710579872131348
4.174671173095703,0.7950339317321777,3.1975419521331787,0.7950339317321777,3.1975419521331787
5.374439716339111,1.4545258283615112,2.966209650039673,1.4545258283615112,2.966209650039673
4.463392734527588,1.8327641487121582,2.984893560409546,1.8327641487121582,2.984893560409546
2.6891160011291504,1.9223482608795166,2.7690482139587402,1.9223482608795166,2.7690482139587402
0.32396212220191956,1.7731481790542603,2.8539769649505615,1.7731481790542603,2.8539769649505615
0.4806702435016632,1.6535522937774658,1.7287967205047607,1.6535522937774658,1.7287967205047607
0.23088273406028748,0.23088273406028748,2.622932195663452,0.23088273406028748,2.622932195663452
0.006600601598620415,0.11820287257432938,4.187788963317871,0.11820287257432938,4.187788963317871
0.0007239343249239028,0.08096391707658768,2.9708919525146484,0.08096391707658768,2.9708919525146484
0.7000744938850403,0.23753100633621216,3.2099831104278564,0.23753100633621216,3.2099831104278564
0.004378613084554672,0.19629310071468353,3.105396032333374,0.19629310071468353,3.105396032333374
6.002458572387695,1.1680115461349487,2.225170135498047,1.1680115461349487,2.225170135498047
3.7143406867980957,1.5318881273269653,2.3223206996917725,1.5318881273269653,2.3223206996917725
1.5111629962921143,1.5284758806228638,1.9687974452972412,1.5284758806228638,1.9687974452972412
0.6416171789169312,1.4509893655776978,2.734374523162842,1.4509893655776978,2.734374523162842
1.916562557220459,1.4886023998260498,1.9499883651733398,1.4886023998260498,1.9499883651733398
0.9213656187057495,1.4437817335128784,2.6064515113830566,1.4437817335128784,2.6064515113830566
1.0054914951324463,1.3981399536132812,1.8401683568954468,1.3981399536132812,1.8401683568954468
1.2444757223129272,1.3892672061920166,2.286407947540283,1.3892672061920166,2.286407947540283
0.379062682390213,1.3134047985076904,1.6995160579681396,1.3134047985076904,1.6995160579681396
0.04966949671506882,0.04966949671506882,2.5898265838623047,0.04966949671506882,2.5898265838623047
0.005579730961471796,0.029086722061038017,4.066586494445801,0.029086722061038017,4.066586494445801
0.0009578645695000887,0.018208451569080353,3.132145404815674,0.018208451569080353,3.132145404815674
0.410943865776062,0.11613393574953079,3.3749446868896484,0.11613393574953079,3.3749446868896484
0.0026955006178468466,0.09241531789302826,3.495069980621338,0.09241531789302826,3.495069980621338
5.222316741943359,0.9488605856895447,2.646231174468994,0.9488605856895447,2.646231174468994
1.5400604009628296,1.0336230993270874,3.182316780090332,1.0336230993270874,3.182316780090332
0.4665858745574951,0.9552028179168701,2.304001569747925,0.9552028179168701,2.304001569747925
0.5216357111930847,0.9035449624061584,2.798659324645996,0.9035449624061584,2.798659324645996
9.72384262084961,1.7897329330444336,3.044172763824463,1.7897329330444336,3.044172763824463
7.4841413497924805,2.31125807762146,3.141435146331787,2.31125807762146,3.141435146331787
1.2406749725341797,2.2271244525909424,3.0227160453796387,2.2271244525909424,3.0227160453796387
3.5208077430725098,2.324859142303467,3.0310399532318115,2.324859142303467,3.0310399532318115
5.0395331382751465,2.5161006450653076,2.507443904876709,2.5161006450653076,2.507443904876709
0.28687381744384766,2.374995231628418,3.0195260047912598,2.374995231628418,3.0195260047912598
7.787430763244629,2.719000816345215,3.8114898204803467,2.719000816345215,3.8114898204803467
2.7174556255340576,2.726229429244995,3.5346035957336426,2.726229429244995,3.5346035957336426
0.09031098335981369,2.5724565982818604,3.245748996734619,2.5724565982818604,3.245748996734619
0.33684834837913513,2.4534804821014404,3.327099561691284,2.4534804821014404,3.327099561691284
0.21623161435127258,2.336533308029175,3.460235595703125,2.336533308029175,3.460235595703125
10.05627727508545,2.707364797592163,3.8302161693573,2.707364797592163,3.8302161693573
0.4460480511188507,2.603227376937866,2.9592480659484863,2.603227376937866,2.9592480659484863
1.6894581317901611,2.5753493309020996,3.257753372192383,2.5753493309020996,3.257753372192383
0.7025155425071716,2.4955079555511475,2.503937005996704,2.4955079555511475,2.503937005996704
5.235400199890137,2.6048760414123535,3.6959431171417236,2.6048760414123535,3.6959431171417236
0.22036048769950867,2.5034940242767334,2.7131593227386475,2.5034940242767334,2.7131593227386475
0.661968469619751,2.434393882751465,3.122551441192627,2.434393882751465,3.122551441192627
0.8659942746162415,2.377535343170166,3.1931943893432617,2.377535343170166,3.1931943893432617
1.2381131649017334,2.3390002250671387,3.3391404151916504,2.3390002250671387,3.3391404151916504
0.18373560905456543,2.264356851577759,3.3137848377227783,2.264356851577759,3.3137848377227783
0.07608947902917862,2.199887752532959,3.4446861743927,2.199887752532959,3.4446861743927
1.9862185716629028,2.197105646133423,3.0750069618225098,2.197105646133423,3.0750069618225098
2.544424057006836,2.205479860305786,3.40734601020813,2.205479860305786,3.40734601020813
0.537651777267456,2.1598472595214844,2.7075932025909424,2.1598472595214844,2.7075932025909424
0.22499501705169678,2.0988757610321045,1.6562893390655518,2.0988757610321045,1.6562893390655518
0.034596141427755356,0.034596141427755356,2.589360237121582,0.034596141427755356,2.589360237121582
0.006935333367437124,0.021223558112978935,4.179810523986816,0.021223558112978935,4.179810523986816
0.0006369707407429814,0.016673890873789787,2.8030037879943848,0.016673890873789787,2.8030037879943848
0.10976020991802216,0.039175987243652344,2.788234233856201,0.039175987243652344,2.788234233856201
0.005025374703109264,0.032973214983940125,3.0798068046569824,0.032973214983940125,3.0798068046569824
2.7501161098480225,0.48568084836006165,2.5334365367889404,0.48568084836006165,2.5334365367889404
5.2924394607543945,1.1698485612869263,2.353580951690674,1.1698485612869263,2.353580951690674
3.742058753967285,1.4908381700515747,1.686657190322876,1.4908381700515747,1.686657190322876
0.9178715348243713,1.4563831090927124,2.297982692718506,1.4563831090927124,2.297982692718506
3.7267723083496094,1.6822582483291626,1.7592719793319702,1.6822582483291626,1.7592719793319702
1.1185585260391235,1.6315045356750488,2.4453272819519043,1.6315045356750488,2.4453272819519043
3.4291129112243652,1.773366928100586,1.7019885778427124,1.773366928100586,1.7019885778427124
0.8987396359443665,1.7117233276367188,2.4809963703155518,1.7117233276367188,2.4809963703155518
2.0199687480926514,1.7390044927597046,1.864060401916504,1.7390044927597046,1.864060401916504
0.5840273499488831,1.656929612159729,2.656951427459717,1.656929612159729,2.656951427459717
3.211552143096924,1.7462279796600342,1.9184494018554688,1.7462279796600342,1.9184494018554688
0.540906548500061,1.6711158752441406,2.560350179672241,1.6711158752441406,2.560350179672241
0.7895504832267761,1.626218557357788,1.7909765243530273,1.626218557357788,1.7909765243530273
0.3284510672092438,1.547975778579712,2.474970817565918,1.547975778579712,2.474970817565918
1.3458306789398193,1.5460013151168823,1.6930005550384521,1.5460013151168823,1.6930005550384521
0.8301167488098145,1.5017006397247314,2.358823537826538,1.5017006397247314,2.358823537826538
5.399932861328125,1.6761994361877441,1.7866833209991455,1.6761994361877441,1.7866833209991455
0.31954458355903625,1.6249698400497437,2.74894118309021,1.6249698400497437,2.74894118309021
0.5119075775146484,1.5706225633621216,1.6908090114593506,1.5706225633621216,1.6908090114593506
5.607498645782471,1.7302887439727783,1.6140018701553345,1.7302887439727783,1.6140018701553345
3.013698101043701,1.787998914718628,1.5327061414718628,1.787998914718628,1.5327061414718628
0.06276831030845642,0.06276831030845642,2.7437262535095215,0.06276831030845642,2.7437262535095215
0.004444838967174292,0.034391168504953384,4.100316047668457,0.034391168504953384,4.100316047668457
0.0009379754774272442,0.02488046884536743,3.1495208740234375,0.02488046884536743,3.1495208740234375
0.3619881272315979,0.1095103770494461,3.4741032123565674,0.1095103770494461,3.4741032123565674
0.003056618385016918,0.08836343884468079,3.67407488822937,0.08836343884468079,3.67407488822937
3.7617709636688232,0.6981580257415771,3.3913416862487793,0.6981580257415771,3.3913416862487793
10.456891059875488,2.0948266983032227,2.348446846008301,2.0948266983032227,2.348446846008301
4.370112419128418,2.3750858306884766,3.2389492988586426,2.3750858306884766,3.2389492988586426
4.229199409484863,2.575972557067871,3.1901772022247314,2.575972557067871,3.1901772022247314
5.241361618041992,2.860563039779663,3.227602005004883,2.860563039779663,3.227602005004883
0.6105684041976929,2.6553142070770264,2.7203099727630615,2.6553142070770264,2.7203099727630615
3.84897518157959,2.7552268505096436,2.9643778800964355,2.7552268505096436,2.9643778800964355
0.5162935256958008,2.5779550075531006,3.1604018211364746,2.5779550075531006,3.1604018211364746
5.6930694580078125,2.81499981880188,3.84578275680542,2.81499981880188,3.84578275680542
0.07699374854564667,2.6445367336273193,3.039341449737549,2.6445367336273193,3.039341449737549
0.31598666310310364,2.5116381645202637,3.4263622760772705,2.5116381645202637,3.4263622760772705
0.3845027685165405,2.373877763748169,3.2412078380584717,2.373877763748169,3.2412078380584717
0.20756492018699646,2.262000799179077,3.307150363922119,2.262000799179077,3.307150363922119
0.1080259159207344,2.1444759368896484,3.2956085205078125,2.1444759368896484,3.2956085205078125
0.06801459193229675,2.0536789894104004,3.627000331878662,2.0536789894104004,3.627000331878662
0.40428996086120605,1.9764020442962646,3.384510040283203,1.9764020442962646,3.384510040283203
4.857551097869873,2.1124298572540283,3.072688579559326,2.1124298572540283,3.072688579559326
0.7446267604827881,2.0471439361572266,3.6331124305725098,2.0471439361572266,3.6331124305725098
0.2811812460422516,1.974001407623291,3.4414374828338623,1.974001407623291,3.4414374828338623
0.20286107063293457,1.9077337980270386,2.8008322715759277,1.9077337980270386,2.8008322715759277
0.17383995652198792,1.8407739400863647,1.744689702987671,1.8407739400863647,1.744689702987671
0.023682579398155212,0.023682579398155212,2.6358582973480225,0.023682579398155212,2.6358582973480225
0.0048963166773319244,0.013256032951176167,4.184658050537109,0.013256032951176167,4.184658050537109
0.0007687236065976322,0.008788940496742725,2.935542583465576,0.008788940496742725,2.935542583465576
0.16580389440059662,0.0471920445561409,3.144134759902954,0.0471920445561409,3.144134759902954
0.004559596534818411,0.035662174224853516,3.20525860786438,0.035662174224853516,3.20525860786438
4.205004692077637,0.7291417717933655,2.3311569690704346,0.7291417717933655,2.3311569690704346
1.039426326751709,0.7681154012680054,2.589287519454956,0.7681154012680054,2.589287519454956
0.2585257589817047,0.7088224291801453,1.7455730438232422,0.7088224291801453,1.7455730438232422
0.04024031385779381,0.04024031385779381,2.8293967247009277,0.04024031385779381,2.8293967247009277
0.005034507717937231,0.022665176540613174,4.231797218322754,0.022665176540613174,4.231797218322754
0.0006291079334914684,0.015057063661515713,2.9747567176818848,0.015057063661515713,2.9747567176818848
0.5515915155410767,0.14900527894496918,3.1037535667419434,0.14900527894496918,3.1037535667419434
0.002869419287890196,0.12079986184835434,3.308798313140869,0.12079986184835434,3.308798313140869
4.164722442626953,0.7961375117301941,2.973893880844116,0.7961375117301941,2.973893880844116
1.0162920951843262,0.825389564037323,3.0141122341156006,0.825389564037323,3.0141122341156006
3.512873888015747,1.1560633182525635,2.847822904586792,1.1560633182525635,2.847822904586792
3.537473201751709,1.4228136539459229,3.1172232627868652,1.4228136539459229,3.1172232627868652
1.769639253616333,1.4500759840011597,2.6204590797424316,1.4500759840011597,2.6204590797424316
2.181678533554077,1.5088893175125122,2.711001396179199,1.5088893175125122,2.711001396179199
5.6275811195373535,1.8490376472473145,3.882244825363159,1.8490376472473145,3.882244825363159
0.26975879073143005,1.713463306427002,3.177420139312744,1.713463306427002,3.177420139312744
2.009068012237549,1.741787314414978,2.828064203262329,1.741787314414978,2.828064203262329
0.9407867193222046,1.6882305145263672,2.594686985015869,1.6882305145263672,2.594686985015869
5.264506816864014,1.910707950592041,2.891702651977539,1.910707950592041,2.891702651977539
7.457197666168213,2.2271058559417725,2.3408989906311035,2.2271058559417725,2.3408989906311035
1.746943473815918,2.2018251419067383,2.7539095878601074,2.2018251419067383,2.7539095878601074
1.132165789604187,2.146172523498535,2.291182041168213,2.146172523498535,2.291182041168213
0.9074628353118896,2.0832724571228027,2.6589040756225586,2.0832724571228027,2.6589040756225586
3.7908003330230713,2.165212869644165,2.3073854446411133,2.165212869644165,2.3073854446411133
0.5931892991065979,2.1025476455688477,2.7955448627471924,2.1025476455688477,2.7955448627471924
2.367368459701538,2.1154513359069824,2.9133591651916504,2.1154513359069824,2.9133591651916504
2.3551459312438965,2.127070665359497,2.482295036315918,2.127070665359497,2.482295036315918
2.192427158355713,2.12910795211792,2.7275848388671875,2.12910795211792,2.7275848388671875
6.370738983154297,2.296599864959717,2.445425510406494,2.296599864959717,2.445425510406494
0.654823362827301,2.24130916595459,2.838604211807251,2.24130916595459,2.838604211807251
2.5163331031799316,2.2463700771331787,2.244415760040283,2.2463700771331787,2.244415760040283
3.7180047035217285,2.3009414672851562,1.8305175304412842,2.3009414672851562,1.8305175304412842
1.1860809326171875,2.265613555908203,1.7536962032318115,2.265613555908203,1.7536962032318115
0.081902876496315,0.081902876496315,2.636915683746338,0.081902876496315,2.636915683746338
0.005148130003362894,0.049430638551712036,4.058488845825195,0.049430638551712036,4.058488845825195
0.000835903687402606,0.032835476100444794,3.145752191543579,0.032835476100444794,3.145752191543579
1.0899109840393066,0.29813286662101746,3.3048324584960938,0.29813286662101746,3.3048324584960938
0.0027789566665887833,0.2400619238615036,3.243565797805786,0.2400619238615036,3.243565797805786
3.978729724884033,0.8550217151641846,1.4023181200027466,0.8550217151641846,1.4023181200027466
5.701844215393066,1.5582354068756104,2.4451663494110107,1.5582354068756104,2.4451663494110107
1.234439492225647,1.5096371173858643,2.1773219108581543,1.5096371173858643,2.1773219108581543
0.7329088449478149,1.4248055219650269,2.1070609092712402,1.4248055219650269,2.1070609092712402
0.2421381026506424,1.3188600540161133,2.370871067047119,1.3188600540161133,2.370871067047119
0.44883042573928833,1.2218683958053589,1.7672792673110962,1.2218683958053589,1.7672792673110962
2.013564348220825,1.2966668605804443,2.1732828617095947,1.2966668605804443,2.1732828617095947
0.2527352273464203,1.212395429611206,1.714056372642517,1.212395429611206,1.714056372642517
0.0451243631541729,0.0451243631541729,3.0779454708099365,0.0451243631541729,3.0779454708099365
0.0024120304733514786,0.024665996432304382,4.132259368896484,0.024665996432304382,4.132259368896484
0.0008055302896536887,0.01669018156826496,3.4717135429382324,0.01669018156826496,3.4717135429382324
0.08196383714675903,0.03294762969017029,3.2446587085723877,0.03294762969017029,3.2446587085723877
0.0034708278253674507,0.027317095547914505,3.342223644256592,0.027317095547914505,3.342223644256592
3.6324069499969482,0.6293027997016907,3.2007339000701904,0.6293027997016907,3.2007339000701904
6.48600959777832,1.4627940654754639,3.162792444229126,1.4627940654754639,3.162792444229126
2.3428759574890137,1.5765223503112793,3.427773952484131,1.5765223503112793,3.427773952484131
1.5576876401901245,1.5735735893249512,2.7326269149780273,1.5735735893249512,2.7326269149780273
0.5388854742050171,1.4697811603546143,2.832486629486084,1.4697811603546143,2.832486629486084
0.3182445764541626,1.3627715110778809,2.0329296588897705,1.3627715110778809,2.0329296588897705
0.02699689380824566,0.02699689380824566,2.8778367042541504,0.02699689380824566,2.8778367042541504
0.0034110716078430414,0.01576961949467659,4.258193016052246,0.01576961949467659,4.258193016052246
0.0005477358354255557,0.010031689889729023,3.292755126953125,0.010031689889729023,3.292755126953125
0.8867954015731812,0.2289908081293106,3.314918041229248,0.2289908081293106,3.314918041229248
0.0033899242989718914,0.17719170451164246,3.3269317150115967,0.17719170451164246,3.3269317150115967
5.099574089050293,0.997698962688446,2.6537251472473145,0.997698962688446,2.6537251472473145
3.199686050415039,1.3041564226150513,2.3282887935638428,1.3041564226150513,2.3282887935638428
8.048096656799316,2.1535592079162598,2.949384927749634,2.1535592079162598,2.949384927749634
1.7131534814834595,2.0914018154144287,3.04756760597229,2.0914018154144287,3.04756760597229
1.3079732656478882,2.0033934116363525,2.416356325149536,2.0033934116363525,2.416356325149536
6.803313732147217,2.4502248764038086,2.5437307357788086,2.4502248764038086,2.5437307357788086
0.3697110116481781,2.2876431941986084,2.7323861122131348,2.2876431941986084,2.7323861122131348
0.30534470081329346,2.1250338554382324,1.8355700969696045,2.1250338554382324,1.8355700969696045
0.03971561789512634,0.03971561789512634,2.884258508682251,0.03971561789512634,2.884258508682251
0.0027359218802303076,0.022047344595193863,4.349023342132568,0.022047344595193863,4.349023342132568
0.0007828985108062625,0.013545767404139042,3.460752010345459,0.013545767404139042,3.460752010345459
0.2345382124185562,0.06974505633115768,3.169736862182617,0.06974505633115768,3.169736862182617
0.004119838587939739,0.04843376204371452,3.227938175201416,0.04843376204371452,3.227938175201416
3.5300545692443848,0.632128119468689,2.582308530807495,0.632128119468689,2.582308530807495
0.4386414587497711,0.6050558090209961,3.023254156112671,0.6050558090209961,3.023254156112671
2.192082405090332,0.7969957590103149,2.6950523853302,0.7969957590103149,2.6950523853302
5.813265800476074,1.3539751768112183,2.3691439628601074,1.3539751768112183,2.3691439628601074
1.048807144165039,1.3113768100738525,2.7294154167175293,1.3113768100738525,2.7294154167175293
0.3708309829235077,1.230531930923462,2.087878704071045,1.230531930923462,2.087878704071045
0.04917832463979721,0.04917832463979721,2.7248404026031494,0.04917832463979721,2.7248404026031494
0.004528624005615711,0.02841530181467533,4.393456935882568,0.02841530181467533,4.393456935882568
0.0006191005813889205,0.018809674307703972,3.3252227306365967,0.018809674307703972,3.3252227306365967
0.5926573276519775,0.1620282530784607,3.151259660720825,0.1620282530784607,3.151259660720825
0.006152973510324955,0.13631463050842285,3.1553969383239746,0.13631463050842285,3.1553969383239746
10.20588493347168,1.8199433088302612,3.0834028720855713,1.8199433088302612,3.0834028720855713
0.8039289116859436,1.687544822692871,2.5592458248138428,1.687544822692871,2.5592458248138428
0.335994154214859,1.5182422399520874,1.7735965251922607,1.5182422399520874,1.7735965251922607
0.049042925238609314,0.049042925238609314,2.873469829559326,0.049042925238609314,2.873469829559326
0.004465607926249504,0.02689056470990181,4.373834133148193,0.02689056470990181,4.373834133148193
0.0008046964649111032,0.018733127042651176,3.0950236320495605,0.018733127042651176,3.0950236320495605
0.6866908669471741,0.18566881120204926,3.0550730228424072,0.18566881120204926,3.0550730228424072
0.0031558494083583355,0.1494167149066925,3.0822834968566895,0.1494167149066925,3.0822834968566895
5.520270347595215,1.0420440435409546,4.264687538146973,1.0420440435409546,4.264687538146973
0.07362738251686096,0.9065042734146118,3.1823387145996094,0.9065042734146118,3.1823387145996094
8.971170425415039,1.9086848497390747,1.384986400604248,1.9086848497390747,1.384986400604248
9.215780258178711,2.6792144775390625,2.075745105743408,2.6792144775390625,2.075745105743408
11.278076171875,3.545358657836914,4.129878520965576,3.545358657836914,4.129878520965576
0.1945849508047104,3.260756492614746,5.1494526863098145,3.260756492614746,5.1494526863098145
0.0006581762572750449,2.983928680419922,3.567941188812256,2.983928680419922,3.567941188812256
1.8879640102386475,2.891002655029297,2.933621644973755,2.891002655029297,2.933621644973755
5.3335795402526855,3.0542378425598145,4.0029988288879395,3.0542378425598145,4.0029988288879395
0.09014661610126495,2.8529436588287354,2.800433397293091,2.8529436588287354,2.800433397293091
2.989022970199585,2.8490521907806396,3.145503520965576,2.8490521907806396,3.145503520965576
3.2153704166412354,2.872117042541504,3.1131606101989746,2.872117042541504,3.1131606101989746
1.4202710390090942,2.8120720386505127,3.107599973678589,2.8120720386505127,3.107599973678589
2.2363479137420654,2.756448268890381,4.966501712799072,2.756448268890381,4.966501712799072
0.04118935763835907,2.6398425102233887,5.275918483734131,2.6398425102233887,5.275918483734131
0.0014177043922245502,2.5158345699310303,4.075669288635254,2.5158345699310303,4.075669288635254
10.567445755004883,2.885357141494751,4.105762004852295,2.885357141494751,4.105762004852295
0.027073705568909645,2.768760919570923,2.888522148132324,2.768760919570923,2.888522148132324
6.127811908721924,2.904550313949585,3.4907641410827637,2.904550313949585,3.4907641410827637
1.6274758577346802,2.852193832397461,2.866995096206665,2.852193832397461,2.866995096206665
0.16671304404735565,2.7626216411590576,1.7746431827545166,2.7626216411590576,1.7746431827545166
0.028192490339279175,0.028192490339279175,2.778228521347046,0.028192490339279175,2.778228521347046
0.0042719063349068165,0.017412416636943817,4.211991310119629,0.017412416636943817,4.211991310119629
0.0006559127941727638,0.010219315998256207,3.291966199874878,0.010219315998256207,3.291966199874878
0.14585863053798676,0.04452502727508545,3.1111090183258057,0.04452502727508545,3.1111090183258057
0.0060963393189013,0.04103118181228638,3.308490753173828,0.04103118181228638,3.308490753173828
3.8669419288635254,0.6732873320579529,2.9961864948272705,0.6732873320579529,2.9961864948272705
1.2752926349639893,0.7532981634140015,2.770782709121704,0.7532981634140015,2.770782709121704
0.14234687387943268,0.6742139458656311,1.6966050863265991,0.6742139458656311,1.6966050863265991
0.038403645157814026,0.038403645157814026,3.125265121459961,0.038403645157814026,3.125265121459961
0.0026167933829128742,0.021092016249895096,4.291396141052246,0.021092016249895096,4.291396141052246
0.0006990373367443681,0.014189801178872585,3.4134750366210938,0.014189801178872585,3.4134750366210938
0.05699677765369415,0.02467476949095726,3.1150503158569336,0.02467476949095726,3.1150503158569336
0.0042588491924107075,0.020945824682712555,3.5970141887664795,0.020945824682712555,3.5970141887664795
3.295135498046875,0.5692533850669861,2.9509172439575195,0.5692533850669861,2.9509172439575195
3.6320583820343018,1.006155252456665,3.017953872680664,1.006155252456665,3.017953872680664
1.4553275108337402,1.0665836334228516,2.8967273235321045,1.0665836334228516,2.8967273235321045
4.384759426116943,1.4376816749572754,2.990959405899048,1.4376816749572754,2.990959405899048
3.3237662315368652,1.6244175434112549,2.4000558853149414,1.6244175434112549,2.4000558853149414
2.0648579597473145,1.671976923942566,2.760241985321045,1.671976923942566,2.760241985321045
2.8471593856811523,1.7646526098251343,3.2005562782287598,1.7646526098251343,3.2005562782287598
2.3998570442199707,1.8207091093063354,3.0657267570495605,1.8207091093063354,3.0657267570495605
2.5333611965179443,1.8643043041229248,3.082507848739624,1.8643043041229248,3.082507848739624
2.293501853942871,1.892077922821045,3.373924732208252,1.892077922821045,3.373924732208252
3.950507164001465,2.0196330547332764,3.3591952323913574,2.0196330547332764,3.3591952323913574
1.2612241506576538,1.9691038131713867,3.4523463249206543,1.9691038131713867,3.4523463249206543
1.2020187377929688,1.9269258975982666,3.1135871410369873,1.9269258975982666,3.1135871410369873
3.089134693145752,1.9846587181091309,2.808220386505127,1.9846587181091309,2.808220386505127
0.5284780263900757,1.9184675216674805,3.1706671714782715,1.9184675216674805,3.1706671714782715
5.4057464599609375,2.085397481918335,3.205432176589966,2.085397481918335,3.205432176589966
7.103011608123779,2.307863473892212,3.260284423828125,2.307863473892212,3.260284423828125
2.041137218475342,2.300736904144287,3.54669451713562,2.300736904144287,3.54669451713562
3.641423225402832,2.3616719245910645,3.0916330814361572,2.3616719245910645,3.0916330814361572
0.647817850112915,2.2924108505249023,3.3791937828063965,2.2924108505249023,3.3791937828063965
0.15337541699409485,2.2062501907348633,3.029160976409912,2.2062501907348633,3.029160976409912
5.647144317626953,2.3369882106781006,3.6598358154296875,2.3369882106781006,3.6598358154296875
0.21127627789974213,2.2613720893859863,3.0138893127441406,2.2613720893859863,3.0138893127441406
1.9449788331985474,2.2395143508911133,3.5908706188201904,2.2395143508911133,3.5908706188201904
0.322407990694046,2.1741127967834473,3.007291078567505,2.1741127967834473,3.007291078567505
2.068474054336548,2.174241065979004,3.366985321044922,2.174241065979004,3.366985321044922
0.5173863172531128,2.116734266281128,3.3369579315185547,2.116734266281128,3.3369579315185547
0.8471622467041016,2.0788261890411377,3.287242889404297,2.0788261890411377,3.287242889404297
4.075109481811523,2.1318395137786865,2.9830269813537598,2.1318395137786865,2.9830269813537598
8.19502067565918,2.3115737438201904,3.73506236076355,2.3115737438201904,3.73506236076355
0.3930716812610626,2.256387710571289,3.3271687030792236,2.256387710571289,3.3271687030792236
1.6697272062301636,2.2462871074676514,3.006582021713257,2.2462871074676514,3.006582021713257
1.108961582183838,2.212522506713867,3.3025805950164795,2.212522506713867,3.3025805950164795
0.28044259548187256,2.164360523223877,2.645357847213745,2.164360523223877,2.645357847213745
4.8730974197387695,2.2245028018951416,3.457486629486084,2.2245028018951416,3.457486629486084
1.2165532112121582,2.20841121673584,3.948523759841919,2.20841121673584,3.948523759841919
0.13496902585029602,2.1561520099639893,3.638406276702881,2.1561520099639893,3.638406276702881
3.141080856323242,2.180225372314453,3.0707027912139893,2.180225372314453,3.0707027912139893
1.351505160331726,2.1645383834838867,2.64351224899292,2.1645383834838867,2.64351224899292
0.3104105293750763,2.1236507892608643,1.7807257175445557,2.1236507892608643,1.7807257175445557
0.022777942940592766,0.022777942940592766,2.610201835632324,0.022777942940592766,2.610201835632324
0.007966647855937481,0.015748994424939156,4.265796661376953,0.015748994424939156,4.265796661376953
0.0005038899253122509,0.01083331648260355,3.1143102645874023,0.01083331648260355,3.1143102645874023
0.22164879739284515,0.06326895952224731,3.0813000202178955,0.06326895952224731,3.0813000202178955
0.004032220225781202,0.04976925998926163,3.1604723930358887,0.04976925998926163,3.1604723930358887
5.248674392700195,0.916832685470581,2.9438509941101074,0.916832685470581,2.9438509941101074
0.547369122505188,0.8712444305419922,2.802673578262329,0.8712444305419922,2.802673578262329
0.08282528817653656,0.7681206464767456,1.9110546112060547,0.7681206464767456,1.9110546112060547
0.023232867941260338,0.023232867941260338,3.1774466037750244,0.023232867941260338,3.1774466037750244
0.0020404488313943148,0.010833107866346836,4.413285255432129,0.010833107866346836,4.413285255432129
0.0006550788530148566,0.009018831886351109,3.791637420654297,0.009018831886351109,3.791637420654297
0.1273646503686905,0.038721952587366104,3.161970376968384,0.038721952587366104,3.161970376968384
0.006006997544318438,0.025081342086195946,3.7091598510742188,0.025081342086195946,3.7091598510742188
2.246298313140869,0.39633217453956604,3.3768811225891113,0.39633217453956604,3.3768811225891113
0.8483383655548096,0.4567805230617523,2.860058069229126,0.4567805230617523,2.860058069229126
7.575650215148926,1.3479273319244385,3.431786060333252,1.3479273319244385,3.431786060333252
1.192993402481079,1.3378758430480957,3.182173013687134,1.3378758430480957,3.182173013687134
6.424668312072754,1.853511095046997,3.110231876373291,1.853511095046997,3.110231876373291
3.2455615997314453,1.966282606124878,3.1981639862060547,1.966282606124878,3.1981639862060547
3.771059989929199,2.111968994140625,3.7456703186035156,2.111968994140625,3.7456703186035156
3.5939345359802246,2.2258050441741943,3.6863417625427246,2.2258050441741943,3.6863417625427246
0.4974820613861084,2.0994324684143066,2.8831992149353027,2.0994324684143066,2.8831992149353027
14.015681266784668,2.8864617347717285,2.1385855674743652,2.8864617347717285,2.1385855674743652
2.4809579849243164,2.855175495147705,2.632302761077881,2.855175495147705,2.632302761077881
4.672062873840332,2.9745638370513916,4.101734161376953,2.9745638370513916,4.101734161376953
0.20273658633232117,2.817425012588501,2.920732021331787,2.817425012588501,2.920732021331787
3.8315963745117188,2.8692123889923096,3.4617342948913574,2.8692123889923096,3.4617342948913574
7.325148105621338,3.08634614944458,3.495964765548706,3.08634614944458,3.495964765548706
1.4470429420471191,3.0186283588409424,3.553056001663208,3.0186283588409424,3.553056001663208
2.9343960285186768,3.0194246768951416,3.0991334915161133,3.0194246768951416,3.0991334915161133
3.7542996406555176,3.048903465270996,3.2272346019744873,3.048903465270996,3.2272346019744873
0.8410972952842712,2.953274965286255,2.5124757289886475,2.953274965286255,2.5124757289886475
3.103602170944214,2.959423780441284,3.0660958290100098,2.959423780441284,3.0660958290100098
1.231618881225586,2.9012155532836914,2.691016674041748,2.9012155532836914,2.691016674041748
1.3249545097351074,2.845055103302002,2.7214837074279785,2.845055103302002,2.7214837074279785
2.0428895950317383,2.822284460067749,2.824213981628418,2.822284460067749,2.824213981628418
0.4831591844558716,2.746333599090576,3.061096668243408,2.746333599090576,3.061096668243408
0.6402408480644226,2.675584077835083,2.7717814445495605,2.675584077835083,2.7717814445495605
3.2056636810302734,2.6924238204956055,3.2860400676727295,2.6924238204956055,3.2860400676727295
1.295622706413269,2.6496963500976562,4.070841312408447,2.6496963500976562,4.070841312408447
0.25424522161483765,2.579802989959717,3.317000150680542,2.579802989959717,3.317000150680542
1.3115968704223633,2.5378503799438477,3.151057720184326,2.5378503799438477,3.151057720184326
0.43541383743286133,2.4766907691955566,3.6827940940856934,2.4766907691955566,3.6827940940856934
8.416391372680664,2.6510841846466064,3.3976683616638184,2.6510841846466064,3.3976683616638184
1.6372063159942627,2.6248421669006348,2.8387207984924316,2.6248421669006348,2.8387207984924316
4.05671501159668,2.663975238800049,3.7775275707244873,2.663975238800049,3.7775275707244873
0.02081315591931343,2.587096929550171,2.9804022312164307,2.587096929550171,2.9804022312164307
3.054635524749756,2.59909725189209,3.5168838500976562,2.59909725189209,3.5168838500976562
3.8203072547912598,2.6313493251800537,2.48966646194458,2.6313493251800537,2.48966646194458
0.645494282245636,2.584787130355835,1.6453860998153687,2.584787130355835,1.6453860998153687
0.02968885377049446,0.02968885377049446,2.596123456954956,0.02968885377049446,2.596123456954956
0.009217328391969204,0.018761463463306427,4.265916347503662,0.018761463463306427,4.265916347503662
0.0007483542431145906,0.013617082498967648,2.9064526557922363,0.013617082498967648,2.9064526557922363
0.17906975746154785,0.05514296144247055,2.971681594848633,0.05514296144247055,2.971681594848633
0.002891409443691373,0.046228233724832535,3.2831904888153076,0.046228233724832535,3.2831904888153076
2.244809150695801,0.40937674045562744,3.329773426055908,0.40937674045562744,3.329773426055908
0.3189387619495392,0.3953874111175537,2.754549264907837,0.3953874111175537,2.754549264907837
0.2117004245519638,0.37492018938064575,1.6243078708648682,0.37492018938064575,1.6243078708648682
0.05264924466609955,0.05264924466609955,3.2123234272003174,0.05264924466609955,3.2123234272003174
0.0027402015402913094,0.0238853320479393,4.436274528503418,0.0238853320479393,4.436274528503418
0.0009149893885478377,0.014914789237082005,3.4441161155700684,0.014914789237082005,3.4441161155700684
0.041190844029188156,0.022325336933135986,3.2714638710021973,0.022325336933135986,3.2714638710021973
0.00330746965482831,0.016586847603321075,3.5296950340270996,0.016586847603321075,3.5296950340270996
4.977224349975586,0.8483393788337708,3.4270992279052734,0.8483393788337708,3.4270992279052734
4.773726463317871,1.4152991771697998,3.19179105758667,1.4152991771697998,3.19179105758667
2.0668375492095947,1.4983549118041992,3.8561642169952393,1.4983549118041992,3.8561642169952393
4.123720169067383,1.7890286445617676,3.540128231048584,1.7890286445617676,3.540128231048584
0.897124171257019,1.6960947513580322,3.223271131515503,1.6960947513580322,3.223271131515503
4.486519813537598,1.9472101926803589,3.360229015350342,1.9472101926803589,3.360229015350342
1.110493779182434,1.8754385709762573,4.044230937957764,1.8754385709762573,4.044230937957764
0.07766946405172348,1.7437387704849243,3.6373074054718018,1.7437387704849243,3.6373074054718018
0.2335851788520813,1.636489987373352,3.7995803356170654,1.636489987373352,3.7995803356170654
7.4154133796691895,2.020700216293335,3.1470913887023926,2.020700216293335,3.1470913887023926
5.462322235107422,2.2305784225463867,4.563276767730713,2.2305784225463867,4.563276767730713
0.18445882201194763,2.115222930908203,3.491097927093506,2.115222930908203,3.491097927093506
6.506247043609619,2.353412389755249,3.3599636554718018,2.353412389755249,3.3599636554718018
4.662026882171631,2.4734151363372803,2.3551175594329834,2.4734151363372803,2.3551175594329834
3.251426935195923,2.5109074115753174,2.9571385383605957,2.5109074115753174,2.9571385383605957
0.8862206935882568,2.4286398887634277,2.9412007331848145,2.4286398887634277,2.9412007331848145
7.50095272064209,2.666626214981079,2.945925235748291,2.666626214981079,2.945925235748291
1.6657440662384033,2.633723258972168,2.595613718032837,2.633723258972168,2.595613718032837
0.22019866108894348,2.537858724594116,2.9008476734161377,2.537858724594116,2.9008476734161377
5.126034736633301,2.641219139099121,3.8404183387756348,2.641219139099121,3.8404183387756348
0.07199307531118393,2.531257152557373,3.292027235031128,2.531257152557373,3.292027235031128
1.5461381673812866,2.496051549911499,3.5336430072784424,2.496051549911499,3.5336430072784424
0.6944336891174316,2.4331092834472656,3.678529739379883,2.4331092834472656,3.678529739379883
1.115584373474121,2.393653154373169,3.723785877227783,2.393653154373169,3.723785877227783
3.575471878051758,2.4320268630981445,3.664172410964966,2.4320268630981445,3.664172410964966
1.04315984249115,2.3887722492218018,3.7185134887695312,2.3887722492218018,3.7185134887695312
0.5961000919342041,2.331415891647339,3.5234344005584717,2.331415891647339,3.5234344005584717
1.3164002895355225,2.2997453212738037,3.2677459716796875,2.2997453212738037,3.2677459716796875
0.28707537055015564,2.2398903369903564,4.072684288024902,2.2398903369903564,4.072684288024902
0.14792348444461823,2.1825714111328125,4.005710601806641,2.1825714111328125,4.005710601806641
0.14501363039016724,2.128176212310791,3.391352415084839,2.128176212310791,3.391352415084839
0.20926161110401154,2.0732054710388184,2.4369685649871826,2.0732054710388184,2.4369685649871826
0.04204801097512245,0.04204801097512245,2.5843772888183594,0.04204801097512245,2.5843772888183594
0.009082313627004623,0.0253203846514225,4.121811389923096,0.0253203846514225,4.121811389923096
0.0007612191257067025,0.01943964511156082,3.1223254203796387,0.01943964511156082,3.1223254203796387
6.654984951019287,1.6791443824768066,2.6551225185394287,1.6791443824768066,2.6551225185394287
0.0020239122677594423,1.3072216510772705,3.1901681423187256,1.3072216510772705,3.1901681423187256
4.018396377563477,1.787858486175537,3.231525421142578,1.787858486175537,3.231525421142578
0.3298761248588562,1.5677909851074219,2.4769630432128906,1.5677909851074219,2.4769630432128906
0.18086519837379456,1.4487224817276,1.7744382619857788,1.4487224817276,1.7744382619857788
0.032630693167448044,0.032630693167448044,2.8624837398529053,0.032630693167448044,2.8624837398529053
0.0036789372097700834,0.017842954024672508,4.223860263824463,0.017842954024672508,4.223860263824463
0.0007799206068739295,0.012265664525330067,3.224332094192505,0.012265664525330067,3.224332094192505
0.8647159337997437,0.2253008782863617,3.2774384021759033,0.2253008782863617,3.2774384021759033
0.0017382287187501788,0.17853443324565887,3.6409926414489746,0.17853443324565887,3.6409926414489746
2.3151419162750244,0.5452108979225159,3.5365219116210938,0.5452108979225159,3.5365219116210938
0.5848062038421631,0.5482891201972961,2.849973201751709,0.5482891201972961,2.849973201751709
4.676684856414795,1.0643811225891113,3.7545108795166016,1.0643811225891113,3.7545108795166016
0.2553820312023163,0.9709686636924744,3.353071928024292,0.9709686636924744,3.353071928024292
2.497697591781616,1.1253478527069092,3.1865251064300537,1.1253478527069092,3.1865251064300537
3.9240787029266357,1.358238935470581,3.0863382816314697,1.358238935470581,3.0863382816314697
0.8056613802909851,1.3151987791061401,2.7368931770324707,1.3151987791061401,2.7368931770324707
1.017072081565857,1.3042330741882324,1.8001123666763306,1.3042330741882324,1.8001123666763306
0.04069526121020317,0.04069526121020317,2.874891996383667,0.04069526121020317,2.874891996383667
0.004671849310398102,0.020697420462965965,4.197994232177734,0.020697420462965965,4.197994232177734
0.0010388459777459502,0.013869944959878922,3.196225643157959,0.013869944959878922,3.196225643157959
1.3610296249389648,0.3507513999938965,3.0371174812316895,0.3507513999938965,3.0371174812316895
0.0039316508919000626,0.27643948793411255,3.0557210445404053,0.27643948793411255,3.0557210445404053
2.2489120960235596,0.6027941703796387,3.48817777633667,0.6027941703796387,3.48817777633667
0.9754126667976379,0.6574708819389343,2.6967809200286865,0.6574708819389343,2.6967809200286865
0.44571274518966675,0.6235835552215576,1.7542965412139893,0.6235835552215576,1.7542965412139893
0.0315183661878109,0.0315183661878109,2.9164035320281982,0.0315183661878109,2.9164035320281982
0.0027775303460657597,0.016658291220664978,4.313708782196045,0.016658291220664978,4.313708782196045
0.0008849757141433656,0.010918106883764267,3.1698663234710693,0.010918106883764267,3.1698663234710693
0.5953549146652222,0.15731553733348846,3.2432708740234375,0.15731553733348846,3.2432708740234375
0.00361420470289886,0.1238304004073143,3.3617286682128906,0.1238304004073143,3.3617286682128906
3.235576629638672,0.6367838382720947,4.099598407745361,0.6367838382720947,4.099598407745361
0.14436234533786774,0.5622492432594299,3.64961576461792,0.5622492432594299,3.64961576461792
3.274052381515503,0.8954769372940063,3.236375093460083,0.8954769372940063,3.236375093460083
5.3515543937683105,1.3797249794006348,3.3497021198272705,1.3797249794006348,3.3497021198272705
0.4485527575016022,1.2811996936798096,3.880549907684326,1.2811996936798096,3.880549907684326
0.4114192724227905,1.1978367567062378,3.1312789916992188,1.1978367567062378,3.1312789916992188
2.715273141860962,1.320088505744934,3.3584485054016113,1.320088505744934,3.3584485054016113
2.017329216003418,1.3796753883361816,4.062699317932129,1.3796753883361816,4.062699317932129
1.434117078781128,1.3799444437026978,3.7615668773651123,1.3799444437026978,3.7615668773651123
0.022341812029480934,1.2896209955215454,4.0591959953308105,1.2896209955215454,4.0591959953308105
0.056070853024721146,1.2090606689453125,2.841203212738037,1.2090606689453125,2.841203212738037
0.3812865614891052,1.1612319946289062,2.63517689704895,1.1612319946289062,2.63517689704895
0.3405376672744751,1.1222317218780518,1.8583166599273682,1.1222317218780518,1.8583166599273682
0.031947165727615356,0.031947165727615356,2.843860149383545,0.031947165727615356,2.843860149383545
0.003814208786934614,0.01864912547171116,4.23818302154541,0.01864912547171116,4.23818302154541
0.0008724696817807853,0.011978146620094776,2.9725584983825684,0.011978146620094776,2.9725584983825684
0.4241315424442291,0.11453719437122345,3.152235746383667,0.11453719437122345,3.152235746383667
0.0036593396216630936,0.09633591026067734,3.1455371379852295,0.09633591026067734,3.1455371379852295
1.0184447765350342,0.24705374240875244,3.6792519092559814,0.24705374240875244,3.6792519092559814
1.2310298681259155,0.38164326548576355,2.6431193351745605,0.38164326548576355,2.6431193351745605
0.19805528223514557,0.3549099266529083,1.750165343284607,0.3549099266529083,1.750165343284607
0.02365044876933098,0.02365044876933098,2.9672701358795166,0.02365044876933098,2.9672701358795166
0.002967242617160082,0.012495551258325577,4.4090142250061035,0.012495551258325577,4.4090142250061035
0.0007826602668501437,0.009593210183084011,3.0963213443756104,0.009593210183084011,3.0963213443756104
0.22693845629692078,0.06306975334882736,3.0256731510162354,0.06306975334882736,3.0256731510162354
0.003947325050830841,0.05007665231823921,3.3609871864318848,0.05007665231823921,3.3609871864318848
6.266885757446289,1.0864156484603882,2.8456733226776123,1.0864156484603882,2.8456733226776123
0.8094095587730408,1.0497779846191406,2.509458065032959,1.0497779846191406,2.509458065032959
0.05835409462451935,0.9175553917884827,2.760040044784546,0.9175553917884827,2.760040044784546
1.8578388690948486,1.0278164148330688,3.959390163421631,1.0278164148330688,3.959390163421631
0.011326300911605358,0.9237552881240845,3.0739328861236572,0.9237552881240845,3.0739328861236572
4.10695743560791,1.2128446102142334,3.12846040725708,1.2128446102142334,3.12846040725708
1.3503929376602173,1.2213276624679565,3.1052916049957275,1.2213276624679565,3.1052916049957275
3.4048683643341064,1.39224112033844,2.9317808151245117,1.39224112033844,2.9317808151245117
0.4188917875289917,1.3219878673553467,2.9654667377471924,1.3219878673553467,2.9654667377471924
1.6725854873657227,1.347310185432434,2.781822681427002,1.347310185432434,2.781822681427002
0.527597188949585,1.2922900915145874,2.781773805618286,1.2922900915145874,2.781773805618286
1.1323468685150146,1.2789396047592163,2.590013265609741,1.2789396047592163,2.590013265609741
6.648539066314697,1.5783636569976807,3.559616804122925,1.5783636569976807,3.559616804122925
0.2483687698841095,1.5081826448440552,2.947377920150757,1.5081826448440552,2.947377920150757
1.909220814704895,1.5238515138626099,2.6328377723693848,1.5238515138626099,2.6328377723693848
4.904759407043457,1.6825804710388184,1.6014550924301147,1.6825804710388184,1.6014550924301147
1.706932544708252,1.6848626136779785,1.5862586498260498,1.6848626136779785,1.5862586498260498
0.08404609560966492,0.08404609560966492,3.069915294647217,0.08404609560966492,3.069915294647217
0.005852467846125364,0.04715312644839287,4.0062971115112305,0.04715312644839287,4.0062971115112305
0.0009329734020866454,0.0293512511998415,2.676846981048584,0.0293512511998415,2.676846981048584
1.1882573366165161,0.3192126452922821,2.8625991344451904,0.3192126452922821,2.8625991344451904
0.002617031103000045,0.2573062777519226,2.6056408882141113,0.2573062777519226,2.6056408882141113
7.169504642486572,1.4058009386062622,3.4897170066833496,1.4058009386062622,3.4897170066833496
0.22517891228199005,1.238303303718567,2.9234511852264404,1.238303303718567,2.9234511852264404
1.2607505321502686,1.2534950971603394,2.915163040161133,1.2534950971603394,2.915163040161133
4.747718811035156,1.6450015306472778,2.9545581340789795,1.6450015306472778,2.9545581340789795
4.0977959632873535,1.8909562826156616,3.174588680267334,1.8909562826156616,3.174588680267334
0.9404101371765137,1.806276798248291,2.882460594177246,1.806276798248291,2.882460594177246
7.40566349029541,2.277869939804077,2.8662917613983154,2.277869939804077,2.8662917613983154
10.680304527282715,2.92199969291687,2.4683871269226074,2.92199969291687,2.4683871269226074
0.6930109858512878,2.7677671909332275,2.3500633239746094,2.7677671909332275,2.3500633239746094
0.3311406075954437,2.581533670425415,1.7494590282440186,2.581533670425415,1.7494590282440186
0.03383559361100197,0.03383559361100197,2.628288507461548,0.03383559361100197,2.628288507461548
0.009434283711016178,0.02179677225649357,4.236600875854492,0.02179677225649357,4.236600875854492
0.0010272946674376726,0.014645002782344818,2.9240946769714355,0.014645002782344818,2.9240946769714355
1.3439689874649048,0.3465500771999359,3.005645751953125,0.3465500771999359,3.005645751953125
0.0025279729161411524,0.2742515206336975,3.145491361618042,0.2742515206336975,3.145491361618042
3.681180953979492,0.8427155017852783,4.183204650878906,0.8427155017852783,4.183204650878906
0.015268117189407349,0.7267045378684998,3.0452935695648193,0.7267045378684998,3.0452935695648193
0.4409823715686798,0.6898664236068726,3.2196640968322754,0.6898664236068726,3.2196640968322754
0.8148651719093323,0.708135187625885,3.3497672080993652,0.708135187625885,3.3497672080993652
1.7324086427688599,0.8053162693977356,3.5598487854003906,0.8053162693977356,3.5598487854003906
0.2051786184310913,0.7461475729942322,2.9098129272460938,0.7461475729942322,2.9098129272460938
5.510810375213623,1.1518163681030273,2.828207492828369,1.1518163681030273,2.828207492828369
0.40316131711006165,1.0909936428070068,3.065946102142334,1.0909936428070068,3.065946102142334
0.7455183863639832,1.066381573677063,2.703023910522461,1.066381573677063,2.703023910522461
2.2778244018554688,1.140564203262329,3.0069611072540283,1.140564203262329,3.0069611072540283
0.2170635461807251,1.0813610553741455,1.7032039165496826,1.0813610553741455,1.7032039165496826
0.041800517588853836,0.041800517588853836,2.5815775394439697,0.041800517588853836,2.5815775394439697
0.007300012279301882,0.023880936205387115,4.372420310974121,0.023880936205387115,4.372420310974121
0.0009575072908774018,0.01660696230828762,3.0413012504577637,0.01660696230828762,3.0413012504577637
0.6824467182159424,0.18156087398529053,3.160386085510254,0.18156087398529053,3.160386085510254
0.005806957371532917,0.1392735093832016,3.2547669410705566,0.1392735093832016,3.2547669410705566
4.068345069885254,0.7712660431861877,3.4266903400421143,0.7712660431861877,3.4266903400421143
0.2682265043258667,0.7218785881996155,3.357455015182495,0.7218785881996155,3.357455015182495
1.7758445739746094,0.8569936156272888,3.418867588043213,0.8569936156272888,3.418867588043213
1.6664732694625854,0.9422281980514526,2.7644553184509277,0.9422281980514526,2.7644553184509277
0.10820384323596954,0.8634276390075684,1.8250185251235962,0.8634276390075684,1.8250185251235962
0.03178054094314575,0.03178054094314575,2.8416569232940674,0.03178054094314575,2.8416569232940674
0.004182995297014713,0.018544647842645645,4.45161771774292,0.018544647842645645,4.45161771774292
0.0007352509419433773,0.01213139295578003,3.575464963912964,0.01213139295578003,3.575464963912964
0.17850638926029205,0.054805316030979156,3.3412537574768066,0.054805316030979156,3.3412537574768066
0.0035064660478383303,0.04430282860994339,3.5969398021698,0.04430282860994339,3.5969398021698
3.270193099975586,0.578632116317749,3.0288267135620117,0.578632116317749,3.0288267135620117
2.6534924507141113,0.8730543851852417,3.7106099128723145,0.8730543851852417,3.7106099128723145
0.11408304423093796,0.7800983786582947,3.2879319190979004,0.7800983786582947,3.2879319190979004
0.46645280718803406,0.7460757493972778,3.314481258392334,0.7460757493972778,3.314481258392334
3.1209142208099365,0.9855052828788757,3.049207925796509,0.9855052828788757,3.049207925796509
7.22031307220459,1.556064248085022,3.799990177154541,1.556064248085022,3.799990177154541
0.048694632947444916,1.4320330619812012,3.462214231491089,1.4320330619812012,3.462214231491089
0.2849718928337097,1.3462861776351929,3.3088011741638184,1.3462861776351929,3.3088011741638184
1.199697494506836,1.3368587493896484,3.1124870777130127,1.3368587493896484,3.1124870777130127
1.8270305395126343,1.3762701749801636,2.825547695159912,1.3762701749801636,2.825547695159912
0.11214569211006165,1.2987303733825684,1.7820676565170288,1.2987303733825684,1.7820676565170288
0.01595691777765751,0.01595691777765751,2.651209592819214,0.01595691777765751,2.651209592819214
0.007443905808031559,0.011713668704032898,4.249944686889648,0.011713668704032898,4.249944686889648
0.0008012421894818544,0.008150213398039341,2.997088670730591,0.008150213398039341,2.997088670730591
0.4721028804779053,0.12435131520032883,3.023394823074341,0.12435131520032883,3.023394823074341
0.005380434915423393,0.09981090575456619,3.3420422077178955,0.09981090575456619,3.3420422077178955
3.3196325302124023,0.6403838992118835,2.638298511505127,0.6403838992118835,2.638298511505127
1.4946892261505127,0.757156252861023,2.8530237674713135,0.757156252861023,2.8530237674713135
0.10955167561769485,0.6740835309028625,1.7672193050384521,0.6740835309028625,1.7672193050384521
0.029729356989264488,0.029729356989264488,2.782158613204956,0.029729356989264488,2.782158613204956
0.006614812649786472,0.019218809902668,4.356995582580566,0.019218809902668,4.356995582580566
0.0007180972606875002,0.01354238297790289,3.187307834625244,0.01354238297790289,3.187307834625244
0.16792617738246918,0.051346976310014725,3.2303757667541504,0.051346976310014725,3.2303757667541504
0.003530580550432205,0.0355711355805397,3.4623196125030518,0.0355711355805397,3.4623196125030518
2.5409021377563477,0.45451030135154724,3.385005235671997,0.45451030135154724,3.385005235671997
1.2687122821807861,0.56984543800354,4.014903545379639,0.56984543800354,4.014903545379639
0.0011522090062499046,0.5015972256660461,3.2499985694885254,0.5015972256660461,3.2499985694885254
1.7269985675811768,0.6355969905853271,3.194819927215576,0.6355969905853271,3.194819927215576
0.8703086376190186,0.6616312861442566,2.3307082653045654,0.6616312861442566,2.3307082653045654
7.068691253662109,1.2407110929489136,2.677454948425293,1.2407110929489136,2.677454948425293
1.8179891109466553,1.2866536378860474,2.673159599304199,1.2866536378860474,2.673159599304199
6.611002445220947,1.6903115510940552,3.1038875579833984,1.6903115510940552,3.1038875579833984
3.0639429092407227,1.7845145463943481,2.948260545730591,1.7845145463943481,2.948260545730591
2.3417491912841797,1.8184449672698975,3.2594058513641357,1.8184449672698975,3.2594058513641357
0.14925532042980194,1.7192022800445557,3.2914562225341797,1.7192022800445557,3.2914562225341797
5.830371856689453,1.9595965147018433,2.841526508331299,1.9595965147018433,2.841526508331299
2.7346138954162598,2.0039870738983154,3.1721739768981934,2.0039870738983154,3.1721739768981934
2.937215805053711,2.0549421310424805,3.095846652984619,2.0549421310424805,3.095846652984619
0.425538033246994,1.9652197360992432,3.4641520977020264,1.9652197360992432,3.4641520977020264
0.261783242225647,1.8910268545150757,3.071546792984009,1.8910268545150757,3.071546792984009
2.0525565147399902,1.8924965858459473,3.05057430267334,1.8924965858459473,3.05057430267334
0.334375262260437,1.8285919427871704,2.849931240081787,1.8285919427871704,2.849931240081787
7.784791946411133,2.075159788131714,3.5299315452575684,2.075159788131714,3.5299315452575684
4.8931498527526855,2.183403968811035,2.8795247077941895,2.183403968811035,2.8795247077941895
0.47355514764785767,2.1125922203063965,2.549886465072632,2.1125922203063965,2.549886465072632
6.157505989074707,2.269259452819824,3.4766993522644043,2.269259452819824,3.4766993522644043
0.3213263154029846,2.1954915523529053,3.334855318069458,2.1954915523529053,3.334855318069458
7.598240375518799,2.394773244857788,3.553964138031006,2.394773244857788,3.553964138031006
0.9873281121253967,2.342176914215088,2.9491209983825684,2.342176914215088,2.9491209983825684
1.38975989818573,2.3061087131500244,2.529846668243408,2.3061087131500244,2.529846668243408
5.777984619140625,2.417206048965454,3.761622905731201,2.417206048965454,3.761622905731201
0.037081677466630936,2.3394651412963867,3.1699318885803223,2.3394651412963867,3.1699318885803223
2.091639518737793,2.3355557918548584,3.0607495307922363,2.3355557918548584,3.0607495307922363
0.48653697967529297,2.2824313640594482,3.098412036895752,2.2824313640594482,3.098412036895752
0.6186014413833618,2.233398675918579,2.9265248775482178,2.233398675918579,2.9265248775482178
0.24874161183834076,2.1859993934631348,3.091179847717285,2.1859993934631348,3.091179847717285
1.953697919845581,2.1774957180023193,2.6077346801757812,2.1774957180023193,2.6077346801757812
5.504093647003174,2.2663557529449463,2.601025104522705,2.2663557529449463,2.601025104522705
1.4017196893692017,2.2419052124023438,2.749210834503174,2.2419052124023438,2.749210834503174
3.7848758697509766,2.2710156440734863,2.740128517150879,2.2710156440734863,2.740128517150879
0.9695917367935181,2.2382383346557617,2.625377655029297,2.2382383346557617,2.625377655029297
0.8302093744277954,2.206212282180786,1.7455756664276123,2.206212282180786,1.7455756664276123
0.028904298320412636,0.028904298320412636,2.3870742321014404,0.028904298320412636,2.3870742321014404
0.022788429632782936,0.025657322257757187,4.02754020690918,0.025657322257757187,4.02754020690918
0.0010826685465872288,0.01756989397108555,2.4656717777252197,0.01756989397108555,2.4656717777252197
0.6435417532920837,0.17414143681526184,2.7521848678588867,0.17414143681526184,2.7521848678588867
0.003961692098528147,0.14567169547080994,3.017918825149536,0.14567169547080994,3.017918825149536
4.075453758239746,0.8012273907661438,1.4158895015716553,0.8012273907661438,1.4158895015716553
7.206512451171875,1.7084904909133911,1.6560478210449219,1.7084904909133911,1.6560478210449219
1.7258634567260742,1.7240643501281738,2.2784531116485596,1.7240643501281738,2.2784531116485596
4.605886459350586,2.037665367126465,1.950486183166504,2.037665367126465,1.950486183166504
2.330209255218506,2.0823111534118652,2.442981481552124,2.0823111534118652,2.442981481552124
2.144390821456909,2.081441640853882,1.780923843383789,2.081441640853882,1.780923843383789
1.2253903150558472,2.021561861038208,2.441915273666382,2.021561861038208,2.441915273666382
4.251158714294434,2.1998291015625,1.6530168056488037,2.1998291015625,1.6530168056488037
1.2379076480865479,2.126645565032959,2.4232449531555176,2.126645565032959,2.4232449531555176
0.3930591344833374,2.005568265914917,1.868424654006958,2.005568265914917,1.868424654006958
0.046695973724126816,0.046695973724126816,2.467480421066284,0.046695973724126816,2.467480421066284
0.014653675258159637,0.0318690687417984,4.27588415145874,0.0318690687417984,4.27588415145874
0.001013480476103723,0.021653151139616966,2.9824626445770264,0.021653151139616966,2.9824626445770264
1.071638584136963,0.282802939414978,3.2607662677764893,0.282802939414978,3.2607662677764893
0.002845050999894738,0.22038838267326355,3.2755126953125,0.22038838267326355,3.2755126953125
5.005339622497559,1.010754108428955,2.7839407920837402,1.010754108428955,2.7839407920837402
4.694453716278076,1.534902811050415,3.0498547554016113,1.534902811050415,3.0498547554016113
10.342866897583008,2.6182284355163574,3.0277020931243896,2.6182284355163574,3.0277020931243896
9.08906078338623,3.3197031021118164,3.043896198272705,3.3197031021118164,3.043896198272705
5.912136554718018,3.5823559761047363,2.8813366889953613,3.5823559761047363,2.8813366889953613
7.523865222930908,3.9530160427093506,1.8573238849639893,3.9530160427093506,1.8573238849639893
1.219153881072998,3.7173092365264893,1.8349367380142212,3.7173092365264893,1.8349367380142212
0.04463654011487961,0.04463654011487961,2.504534959793091,0.04463654011487961,2.504534959793091
0.017662616446614265,0.030632011592388153,4.202005386352539,0.030632011592388153,4.202005386352539
0.0008434075862169266,0.02030806429684162,3.143406391143799,0.02030806429684162,3.143406391143799
1.0584218502044678,0.2799532413482666,3.286930561065674,0.2799532413482666,3.286930561065674
0.00522497808560729,0.22233295440673828,3.210671901702881,0.22233295440673828,3.210671901702881
6.362627983093262,1.2474464178085327,2.4351232051849365,1.2474464178085327,2.4351232051849365
0.9509033560752869,1.2050201892852783,2.493943691253662,1.2050201892852783,2.493943691253662
2.1548259258270264,1.3271918296813965,1.3527535200119019,1.3271918296813965,1.3527535200119019
0.13761654496192932,0.13761654496192932,2.7712526321411133,0.13761654496192932,2.7712526321411133
0.017656292766332626,0.07895032316446304,4.361783981323242,0.07895032316446304,4.361783981323242
0.0006525770877487957,0.051131442189216614,3.349234104156494,0.051131442189216614,3.349234104156494
0.09625378251075745,0.0638204962015152,3.34794282913208,0.0638204962015152,3.34794282913208
0.003822996746748686,0.05260297656059265,3.282890796661377,0.05260297656059265,3.282890796661377
4.207981109619141,0.7431519627571106,3.2028725147247314,0.7431519627571106,3.2028725147247314
3.304328441619873,1.1093292236328125,2.8781681060791016,1.1093292236328125,2.8781681060791016
1.5451984405517578,1.1645479202270508,3.0511624813079834,1.1645479202270508,3.0511624813079834
4.015608310699463,1.4848217964172363,3.1842052936553955,1.4848217964172363,3.1842052936553955
1.2007596492767334,1.4577982425689697,3.4213924407958984,1.4577982425689697,3.4213924407958984
5.174404621124268,1.7988396883010864,2.9853177070617676,1.7988396883010864,2.9853177070617676
2.6997809410095215,1.873131275177002,2.9393374919891357,1.873131275177002,2.9393374919891357
0.9852370619773865,1.8136858940124512,2.717442035675049,1.8136858940124512,2.717442035675049
4.695943355560303,2.028808832168579,2.7786290645599365,2.028808832168579,2.7786290645599365
0.5765236020088196,1.939513921737671,2.502079486846924,1.939513921737671,2.502079486846924
0.27468252182006836,1.8355320692062378,1.6959260702133179,1.8355320692062378,1.6959260702133179
0.021695775911211967,0.021695775911211967,2.446641206741333,0.021695775911211967,2.446641206741333
0.017264556139707565,0.01932826265692711,4.1396074295043945,0.01932826265692711,4.1396074295043945
0.0009333306807093322,0.01276308298110962,3.171398162841797,0.01276308298110962,3.171398162841797
0.5047929286956787,0.1356242299079895,3.026465654373169,0.1356242299079895,3.026465654373169
0.006905499845743179,0.12874707579612732,2.956862449645996,0.12874707579612732,2.956862449645996
7.064855575561523,1.2972453832626343,1.3379945755004883,1.2972453832626343,1.3379945755004883
1.7826007604599,1.3914462327957153,1.5430132150650024,1.3914462327957153,1.5430132150650024
0.05520622432231903,0.05520622432231903,2.6135315895080566,0.05520622432231903,2.6135315895080566
0.0176331028342247,0.03641199320554733,4.263533592224121,0.03641199320554733,4.263533592224121
0.0007621721015311778,0.024250246584415436,3.0064783096313477,0.024250246584415436,3.0064783096313477
0.190763920545578,0.06622964888811111,3.0650458335876465,0.06622964888811111,3.0650458335876465
0.004956933204084635,0.05524376034736633,2.8973865509033203,0.05524376034736633,2.8973865509033203
2.7368104457855225,0.5032476782798767,3.6125328540802,0.5032476782798767,3.6125328540802
1.0093636512756348,0.5753435492515564,3.440772294998169,0.5753435492515564,3.440772294998169
1.280836582183838,0.6643931269645691,3.2774410247802734,0.6643931269645691,3.2774410247802734
0.26472535729408264,0.6222993731498718,2.9542174339294434,0.6222993731498718,2.9542174339294434
0.15246796607971191,0.5750085115432739,2.6817963123321533,0.5750085115432739,2.6817963123321533
0.5355960726737976,0.569016695022583,3.146303176879883,0.569016695022583,3.146303176879883
0.32763752341270447,0.5491926074028015,2.8038363456726074,0.5491926074028015,2.8038363456726074
0.15798136591911316,0.519231379032135,1.806401252746582,0.519231379032135,1.806401252746582
0.022977646440267563,0.022977646440267563,2.5210607051849365,0.022977646440267563,2.5210607051849365
0.007255159318447113,0.015058440156280994,4.503693580627441,0.015058440156280994,4.503693580627441
0.0007933806627988815,0.010392975062131882,3.1375794410705566,0.010392975062131882,3.1375794410705566
0.27278202772140503,0.07586994022130966,3.124459981918335,0.07586994022130966,3.124459981918335
0.005121327005326748,0.06280115991830826,2.913520097732544,0.06280115991830826,2.913520097732544
3.2122740745544434,0.5859889388084412,1.9100698232650757,0.5859889388084412,1.9100698232650757
0.4421945810317993,0.5648583769798279,1.663878083229065,0.5648583769798279,1.663878083229065
0.04071792587637901,0.04071792587637901,2.7056188583374023,0.04071792587637901,2.7056188583374023
0.008136342279613018,0.02553318254649639,4.6455583572387695,0.02553318254649639,4.6455583572387695
0.000619696278590709,0.016809599474072456,3.590951919555664,0.016809599474072456,3.590951919555664
0.04105973616242409,0.023076293990015984,3.342667818069458,0.023076293990015984,3.342667818069458
0.005223318003118038,0.019126761704683304,3.29856538772583,0.019126761704683304,3.29856538772583
1.9859858751296997,0.34602949023246765,3.774278163909912,0.34602949023246765,3.774278163909912
5.237587928771973,1.0470845699310303,3.213336229324341,1.0470845699310303,3.213336229324341
1.5419427156448364,1.1148505210876465,2.6515183448791504,1.1148505210876465,2.6515183448791504
0.6299598217010498,1.0641635656356812,2.9304301738739014,1.0641635656356812,2.9304301738739014
0.2748437225818634,0.9868265986442566,2.803560256958008,0.9868265986442566,2.803560256958008
0.11185568571090698,0.9069589376449585,1.9487359523773193,0.9069589376449585,1.9487359523773193
11.400309562683105,1.782979965209961,3.2812182903289795,1.782979965209961,3.2812182903289795
1.819758653640747,1.7929408550262451,2.9718902111053467,1.7929408550262451,2.9718902111053467
10.906982421875,2.4557344913482666,3.647097110748291,2.4557344913482666,3.647097110748291
4.599028587341309,2.5959372520446777,3.177842378616333,2.5959372520446777,3.177842378616333
5.140254497528076,2.7688000202178955,4.329180717468262,2.7688000202178955,4.329180717468262
3.2771613597869873,2.8071093559265137,3.067894458770752,2.8071093559265137,3.067894458770752
0.619234025478363,2.7165563106536865,3.6021621227264404,2.7165563106536865,3.6021621227264404
2.2427172660827637,2.6752212047576904,3.9746170043945312,2.6752212047576904,3.9746170043945312
0.32903242111206055,2.548534870147705,2.8843865394592285,2.548534870147705,2.8843865394592285
0.3439975380897522,2.4347217082977295,1.8875278234481812,2.4347217082977295,1.8875278234481812
0.018258709460496902,0.018258709460496902,2.5565052032470703,0.018258709460496902,2.5565052032470703
0.011511688120663166,0.014718957245349884,4.383865833282471,0.014718957245349884,4.383865833282471
0.0006980843027122319,0.009819360449910164,3.331104278564453,0.009819360449910164,3.331104278564453
0.506576418876648,0.13431084156036377,3.2333927154541016,0.13431084156036377,3.2333927154541016
0.00394043792039156,0.10359171777963638,3.2376790046691895,0.10359171777963638,3.2376790046691895
5.952864646911621,1.0796533823013306,3.1203114986419678,1.0796533823013306,3.1203114986419678
0.6149436831474304,1.0070430040359497,3.1891603469848633,1.0070430040359497,3.1891603469848633
0.11767208576202393,0.8950818777084351,1.8010298013687134,0.8950818777084351,1.8010298013687134
0.0269742663949728,0.0269742663949728,2.8991646766662598,0.0269742663949728,2.8991646766662598
0.004354756325483322,0.015488394536077976,4.409452438354492,0.015488394536077976,4.409452438354492
0.0007555014453828335,0.009843247011303902,3.8832650184631348,0.009843247011303902,3.8832650184631348
0.09661166369915009,0.03241666778922081,3.591999053955078,0.03241666778922081,3.591999053955078
0.005188570823520422,0.029489219188690186,3.5408008098602295,0.029489219188690186,3.5408008098602295
4.867526531219482,0.8335537910461426,3.0663907527923584,0.8335537910461426,3.0663907527923584
1.2040458917617798,0.8888633847236633,2.84832501411438,0.8888633847236633,2.84832501411438
5.262381553649902,1.4395081996917725,2.906933307647705,1.4395081996917725,2.906933307647705
0.5623060464859009,1.3465981483459473,3.3729147911071777,1.3465981483459473,3.3729147911071777
1.6530323028564453,1.3768377304077148,3.7639098167419434,1.3768377304077148,3.7639098167419434
1.2214409112930298,1.3661154508590698,3.403942584991455,1.3661154508590698,3.403942584991455
0.6006684303283691,1.3065242767333984,2.969101905822754,1.3065242767333984,2.969101905822754
7.574522018432617,1.7819157838821411,2.8726868629455566,1.7819157838821411,2.8726868629455566
4.420269966125488,1.9748352766036987,3.070131301879883,1.9748352766036987,3.070131301879883
1.4387472867965698,1.9367146492004395,3.056826114654541,1.9367146492004395,3.056826114654541
5.157176971435547,2.1301772594451904,3.733971357345581,2.1301772594451904,3.733971357345581
0.33491456508636475,2.0266966819763184,3.389657497406006,2.0266966819763184,3.389657497406006
1.0295476913452148,1.970094084739685,3.1256096363067627,1.970094084739685,3.1256096363067627
0.6014361381530762,1.8942512273788452,2.8499982357025146,1.8942512273788452,2.8499982357025146
0.3566827178001404,1.813720464706421,3.2510006427764893,1.813720464706421,3.2510006427764893
0.7378939390182495,1.7603548765182495,2.701162815093994,1.7603548765182495,2.701162815093994
4.361701488494873,1.8819174766540527,3.4379940032958984,1.8819174766540527,3.4379940032958984
2.582489013671875,1.9175198078155518,3.597346782684326,1.9175198078155518,3.597346782684326
0.21041487157344818,1.845192551612854,3.134577989578247,1.845192551612854,3.134577989578247
0.7533243894577026,1.803815484046936,3.3025879859924316,1.803815484046936,3.3025879859924316
1.148619294166565,1.7807892560958862,2.5711190700531006,1.7807892560958862,2.5711190700531006
0.25409311056137085,1.7166624069213867,1.7431833744049072,1.7166624069213867,1.7431833744049072
0.030382484197616577,0.030382484197616577,2.270399570465088,0.030382484197616577,2.270399570465088
0.018399864435195923,0.024028100073337555,4.197007656097412,0.024028100073337555,4.197007656097412
0.0006779517862014472,0.016740432009100914,2.9969124794006348,0.016740432009100914,2.9969124794006348
0.3091295063495636,0.08899608999490738,3.036815881729126,0.08899608999490738,3.036815881729126
0.004583448171615601,0.07222427427768707,3.0211973190307617,0.07222427427768707,3.0211973190307617
6.418478965759277,1.1341195106506348,2.3356242179870605,1.1341195106506348,2.3356242179870605
3.6312687397003174,1.4958575963974,2.779829978942871,1.4958575963974,2.779829978942871
0.5483331680297852,1.3816767930984497,2.3162312507629395,1.3816767930984497,2.3162312507629395
0.4420490860939026,1.2765260934829712,1.594247579574585,1.2765260934829712,1.594247579574585
0.024990858510136604,0.024990858510136604,2.7501258850097656,0.024990858510136604,2.7501258850097656
0.007449822034686804,0.01782984845340252,4.254062652587891,0.01782984845340252,4.254062652587891
0.0009455977124162018,0.012991164810955524,3.5093700885772705,0.012991164810955524,3.5093700885772705
0.02580311894416809,0.016236305236816406,3.3593287467956543,0.016236305236816406,3.3593287467956543
0.0029135181102901697,0.012881326489150524,3.3895392417907715,0.012881326489150524,3.3895392417907715
5.140832901000977,0.867872953414917,4.217005252838135,0.867872953414917,4.217005252838135
0.061902064830064774,0.7562665343284607,3.218792676925659,0.7562665343284607,3.218792676925659
1.666297197341919,0.8696026802062988,3.4830679893493652,0.8696026802062988,3.4830679893493652
0.4856730103492737,0.8294649720191956,3.3469398021698,0.8294649720191956,3.3469398021698
3.9751458168029785,1.141161561012268,3.7683162689208984,1.141161561012268,3.7683162689208984
0.8179259896278381,1.1054257154464722,3.2184252738952637,1.1054257154464722,3.2184252738952637
0.5089873671531677,1.0503352880477905,2.9966301918029785,1.0503352880477905,2.9966301918029785
0.4576241374015808,1.003556728363037,3.7679214477539062,1.003556728363037,3.7679214477539062
1.2451136112213135,1.0263087749481201,3.0858101844787598,1.0263087749481201,3.0858101844787598
0.16733865439891815,0.9610617756843567,1.7897170782089233,0.9610617756843567,1.7897170782089233
0.033959243446588516,0.033959243446588516,2.4470839500427246,0.033959243446588516,2.4470839500427246
0.006983278319239616,0.019974377006292343,4.14974308013916,0.019974377006292343,4.14974308013916
0.0008538890979252756,0.0136253135278821,3.214390993118286,0.0136253135278821,3.214390993118286
0.154556006193161,0.04833485186100006,3.323607921600342,0.04833485186100006,3.323607921600342
0.0038836784660816193,0.03991116210818291,3.5858683586120605,0.03991116210818291,3.5858683586120605
2.8370537757873535,0.5060786008834839,2.9349822998046875,0.5060786008834839,2.9349822998046875
0.7612090110778809,0.5421082377433777,3.0368599891662598,0.5421082377433777,3.0368599891662598
0.10752373188734055,0.49850237369537354,1.9228445291519165,0.49850237369537354,1.9228445291519165
0.014833866618573666,0.014833866618573666,3.0819427967071533,0.014833866618573666,3.0819427967071533
0.003241881262511015,0.008693262003362179,4.505573272705078,0.008693262003362179,4.505573272705078
0.0005576247931458056,0.006990495603531599,3.8522262573242188,0.006990495603531599,3.8522262573242188
0.04644109681248665,0.016443489119410515,3.4463248252868652,0.016443489119410515,3.4463248252868652
0.008367717266082764,0.013063551858067513,3.709270477294922,0.013063551858067513,3.709270477294922
1.8973041772842407,0.3278237283229828,3.3245785236358643,0.3278237283229828,3.3245785236358643
3.7570207118988037,0.8157516717910767,3.2083911895751953,0.8157516717910767,3.2083911895751953
7.277470588684082,1.630759596824646,3.593961238861084,1.630759596824646,3.593961238861084
0.6213037371635437,1.5171438455581665,2.6588847637176514,1.5171438455581665,2.6588847637176514
1.0473041534423828,1.4686404466629028,2.9000091552734375,1.4686404466629028,2.9000091552734375
7.764618873596191,2.036083936691284,3.8078861236572266,2.036083936691284,3.8078861236572266
2.8751697540283203,2.105609178543091,3.2866508960723877,2.105609178543091,3.2866508960723877
4.448667049407959,2.2864339351654053,2.6864607334136963,2.2864339351654053,2.6864607334136963
0.5039706826210022,2.1461684703826904,2.7654964923858643,2.1461684703826904,2.7654964923858643
4.217671871185303,2.293443441390991,3.5468926429748535,2.293443441390991,3.5468926429748535
0.11167115718126297,2.158358573913574,3.210797071456909,2.158358573913574,3.210797071456909
1.9616624116897583,2.1519532203674316,2.8175220489501953,2.1519532203674316,2.8175220489501953
2.4344146251678467,2.167922019958496,1.9972003698349,2.167922019958496,1.9972003698349
7.666153430938721,2.458338975906372,2.7216439247131348,2.458338975906372,2.7216439247131348
2.8315134048461914,2.4712460041046143,2.74438738822937,2.4712460041046143,2.74438738822937
1.5348783731460571,2.418767213821411,2.877479314804077,2.418767213821411,2.877479314804077
2.6314809322357178,2.438101053237915,3.0088753700256348,2.438101053237915,3.0088753700256348
3.676180362701416,2.489370346069336,3.2606723308563232,2.489370346069336,3.2606723308563232
0.5573593378067017,2.410280466079712,3.0230331420898438,2.410280466079712,3.0230331420898438
0.302190363407135,2.326961040496826,2.694207191467285,2.326961040496826,2.694207191467285
0.5544347167015076,2.2603139877319336,3.0479297637939453,2.2603139877319336,3.0479297637939453
0.2277931421995163,2.182701587677002,2.5562329292297363,2.182701587677002,2.5562329292297363
0.3796694278717041,2.1189043521881104,1.7213423252105713,2.1189043521881104,1.7213423252105713
0.02855946309864521,0.02855946309864521,2.4154603481292725,0.02855946309864521,2.4154603481292725
0.016860008239746094,0.022971784695982933,4.172247409820557,0.022971784695982933,4.172247409820557
0.0006998711614869535,0.015262153930962086,2.9748926162719727,0.015262153930962086,2.9748926162719727
0.36831334233283997,0.10338136553764343,2.9406261444091797,0.10338136553764343,2.9406261444091797
0.003134815488010645,0.08737119287252426,2.8325181007385254,0.08737119287252426,2.8325181007385254
3.8648712635040283,0.7136473059654236,1.6943477392196655,0.7136473059654236,1.6943477392196655
0.30197805166244507,0.6514167785644531,1.6899398565292358,0.6514167785644531,1.6899398565292358
0.04401068389415741,0.04401068389415741,3.002190351486206,0.04401068389415741,3.002190351486206
0.005364428274333477,0.023975154384970665,4.38214111328125,0.023975154384970665,4.38214111328125
0.0005995621904730797,0.016371581703424454,3.6385185718536377,0.016371581703424454,3.6385185718536377
0.01329426933079958,0.015139286406338215,3.280183792114258,0.015139286406338215,3.280183792114258
0.0038016207981854677,0.013217751868069172,3.332066774368286,0.013217751868069172,3.332066774368286
4.332451820373535,0.7326796054840088,3.77960205078125,0.7326796054840088,3.77960205078125
4.963172912597656,1.3393347263336182,2.8918652534484863,1.3393347263336182,2.8918652534484863
6.629117965698242,2.0044944286346436,3.003641366958618,2.0044944286346436,3.003641366958618
3.1124486923217773,2.14013671875,2.747385025024414,2.14013671875,2.747385025024414
4.053857326507568,2.328547239303589,3.490846633911133,2.328547239303589,3.490846633911133
2.615028142929077,2.357166051864624,3.4183268547058105,2.357166051864624,3.4183268547058105
0.20610885322093964,2.1765995025634766,3.1465132236480713,2.1765995025634766,3.1465132236480713
0.26744356751441956,2.0183215141296387,3.0570547580718994,2.0183215141296387,3.0570547580718994
4.036893844604492,2.1654694080352783,3.0380358695983887,2.1654694080352783,3.0380358695983887
0.4363340139389038,2.060109853744507,2.893223285675049,2.060109853744507,2.893223285675049
0.08417771756649017,1.9201135635375977,1.8101001977920532,1.9201135635375977,1.8101001977920532
0.016784517094492912,0.016784517094492912,2.6179628372192383,0.016784517094492912,2.6179628372192383
0.003962760791182518,0.010563039220869541,4.302438735961914,0.010563039220869541,4.302438735961914
0.0009215399040840566,0.007232384290546179,3.2243244647979736,0.007232384290546179,3.2243244647979736
0.11461776494979858,0.03392038121819496,3.2460694313049316,0.03392038121819496,3.2460694313049316
0.004205906298011541,0.024718625470995903,3.239473342895508,0.024718625470995903,3.239473342895508
2.5599939823150635,0.4470674693584442,2.2421441078186035,0.4470674693584442,2.2421441078186035
0.07711813598871231,0.3944520354270935,1.7486286163330078,0.3944520354270935,1.7486286163330078
0.04159996658563614,0.04159996658563614,2.765324115753174,0.04159996658563614,2.765324115753174
0.005675866734236479,0.02374630980193615,4.551534175872803,0.02374630980193615,4.551534175872803
0.0007384672062471509,0.01668384112417698,3.822896957397461,0.01668384112417698,3.822896957397461
0.02549021691083908,0.01971662975847721,3.315014600753784,0.01971662975847721,3.315014600753784
0.0052260453812778,0.014607494696974754,3.579920530319214,0.014607494696974754,3.579920530319214
9.165761947631836,1.5401297807693481,3.385136127471924,1.5401297807693481,3.385136127471924
1.9493837356567383,1.6007150411605835,3.178454875946045,1.6007150411605835,3.178454875946045
0.8519834280014038,1.5043799877166748,3.0486321449279785,1.5043799877166748,3.0486321449279785
0.45155835151672363,1.3885629177093506,3.107151508331299,1.3885629177093506,3.107151508331299
0.2565842568874359,1.2761640548706055,2.8009655475616455,1.2761640548706055,2.8009655475616455
1.2094130516052246,1.2720146179199219,2.99727463722229,1.2720146179199219,2.99727463722229
6.489725589752197,1.7064971923828125,3.5743682384490967,1.7064971923828125,3.5743682384490967
4.607588291168213,1.932031512260437,3.5744292736053467,1.932031512260437,3.5744292736053467
1.6422866582870483,1.9191511869430542,3.335705518722534,1.9191511869430542,3.335705518722534
4.047337532043457,2.053095817565918,2.877272844314575,2.053095817565918,2.877272844314575
1.4376708269119263,2.0170485973358154,3.1899237632751465,2.0170485973358154,3.1899237632751465
0.6183218955993652,1.9376004934310913,2.9104037284851074,1.9376004934310913,2.9104037284851074
2.546156883239746,1.9765537977218628,3.597813367843628,1.9765537977218628,3.597813367843628
5.114444732666016,2.1372551918029785,3.4024627208709717,2.1372551918029785,3.4024627208709717
0.4667750895023346,2.0640511512756348,3.622346878051758,2.0640511512756348,3.622346878051758
6.02227783203125,2.2533199787139893,3.3344168663024902,2.2533199787139893,3.3344168663024902
1.0138814449310303,2.1944408416748047,2.9786789417266846,2.1944408416748047,2.9786789417266846
1.012913703918457,2.1443049907684326,1.789990782737732,2.1443049907684326,1.789990782737732
0.02030292898416519,0.02030292898416519,2.6317214965820312,0.02030292898416519,2.6317214965820312
0.005851282738149166,0.013010809198021889,4.243507385253906,0.013010809198021889,4.243507385253906
0.0008368566050194204,0.009214350953698158,3.167933702468872,0.009214350953698158,3.167933702468872
0.17617999017238617,0.05092138051986694,3.1068825721740723,0.05092138051986694,3.1068825721740723
0.00393533194437623,0.042299289256334305,3.05106782913208,0.042299289256334305,3.05106782913208
5.70721435546875,0.9839935302734375,2.598206043243408,0.9839935302734375,2.598206043243408
1.7282724380493164,1.0926803350448608,2.4999234676361084,1.0926803350448608,2.4999234676361084
4.366943836212158,1.5005683898925781,1.877145767211914,1.5005683898925781,1.877145767211914
1.144654393196106,1.4565978050231934,1.7421499490737915,1.4565978050231934,1.7421499490737915
0.06636505573987961,0.06636505573987961,3.358081102371216,0.06636505573987961,3.358081102371216
0.004993348848074675,0.035400014370679855,4.580993175506592,0.035400014370679855,4.580993175506592
0.0007382289622910321,0.025257332250475883,3.6336684226989746,0.025257332250475883,3.6336684226989746
0.07578695565462112,0.03706805780529976,3.564680576324463,0.03706805780529976,3.564680576324463
0.005710597150027752,0.03161873295903206,3.8369832038879395,0.03161873295903206,3.8369832038879395
5.073426246643066,0.874531090259552,3.4029300212860107,0.874531090259552,3.4029300212860107
1.027491569519043,0.9011412262916565,3.3755664825439453,0.9011412262916565,3.3755664825439453
0.7730976939201355,0.8867580890655518,2.3219568729400635,0.8867580890655518,2.3219568729400635
0.056330274790525436,0.056330274790525436,2.788668155670166,0.056330274790525436,2.788668155670166
0.0029938658699393272,0.029809659346938133,4.282955646514893,0.029809659346938133,4.282955646514893
0.0006201728247106075,0.019817231222987175,3.2828030586242676,0.019817231222987175,3.2828030586242676
5.321228981018066,1.3442741632461548,2.8870129585266113,1.3442741632461548,2.8870129585266113
0.0040489607490599155,1.0689008235931396,3.2979018688201904,1.0689008235931396,3.2979018688201904
10.056373596191406,2.579042673110962,2.3370423316955566,2.579042673110962,2.3370423316955566
2.4505059719085693,2.485167980194092,2.3961663246154785,2.485167980194092,2.3961663246154785
3.5180153846740723,2.5522193908691406,3.5112056732177734,2.5522193908691406,3.5112056732177734
7.170325756072998,3.100344657897949,3.179534435272217,3.100344657897949,3.179534435272217
2.9107608795166016,3.084494113922119,3.2232918739318848,3.084494113922119,3.2232918739318848
10.696516990661621,3.7805938720703125,3.3754048347473145,3.7805938720703125,3.3754048347473145
2.7541840076446533,3.706738233566284,3.5181751251220703,3.706738233566284,3.5181751251220703
0.6716973781585693,3.4599416255950928,2.69093656539917,3.4599416255950928,2.69093656539917
0.3024991750717163,3.233604669570923,1.6245458126068115,3.233604669570923,1.6245458126068115
0.02144051156938076,0.02144051156938076,2.6933720111846924,0.02144051156938076,2.6933720111846924
0.013216979801654816,0.017351089045405388,4.222943305969238,0.017351089045405388,4.222943305969238
0.0009676303598098457,0.011590729467570782,3.4896576404571533,0.011590729467570782,3.4896576404571533
0.4716740846633911,0.12598221004009247,3.2440268993377686,0.12598221004009247,3.2440268993377686
0.002778481226414442,0.10180611908435822,3.352947950363159,0.10180611908435822,3.352947950363159
3.0229604244232178,0.58819180727005,3.8488802909851074,0.58819180727005,3.8488802909851074
0.6490098237991333,0.596114993095398,3.365532398223877,0.596114993095398,3.365532398223877
0.08922876417636871,0.5329757928848267,3.6245779991149902,0.5329757928848267,3.6245779991149902
0.31167417764663696,0.503441333770752,3.7276406288146973,0.503441333770752,3.7276406288146973
0.0886206105351448,0.47152891755104065,3.367210865020752,0.47152891755104065,3.367210865020752
0.304232120513916,0.45324403047561646,2.683034658432007,0.45324403047561646,2.683034658432007
0.2033597081899643,0.43064364790916443,1.770618200302124,0.43064364790916443,1.770618200302124
0.021515417844057083,0.021515417844057083,2.7478156089782715,0.021515417844057083,2.7478156089782715
0.004800698719918728,0.013121305033564568,4.3202738761901855,0.013121305033564568,4.3202738761901855
0.0009941878961399198,0.009446998126804829,3.2724509239196777,0.009446998126804829,3.2724509239196777
0.5733193755149841,0.15073220431804657,3.083916425704956,0.15073220431804657,3.083916425704956
0.005169240292161703,0.1225057989358902,3.290666103363037,0.1225057989358902,3.290666103363037
3.5579659938812256,0.6962917447090149,2.8192548751831055,0.6962917447090149,2.8192548751831055
1.4948675632476807,0.8115343451499939,3.698540449142456,0.8115343451499939,3.698540449142456
0.0005209281225688756,0.7099595069885254,3.1168456077575684,0.7099595069885254,3.1168456077575684
0.35085663199424744,0.6644241213798523,2.986788511276245,0.6644241213798523,2.986788511276245
0.517201840877533,0.6524205803871155,2.8763508796691895,0.6524205803871155,2.8763508796691895
0.17784322798252106,0.6084949970245361,1.8889014720916748,0.6084949970245361,1.8889014720916748
0.02893684059381485,0.02893684059381485,2.767275810241699,0.02893684059381485,2.767275810241699
0.005837653763592243,0.01725764013826847,4.406667232513428,0.01725764013826847,4.406667232513428
0.0008081507403403521,0.011645886115729809,3.4881935119628906,0.011645886115729809,3.4881935119628906
0.4668521583080292,0.1250249743461609,3.5339748859405518,0.1250249743461609,3.5339748859405518
0.004949816036969423,0.103688083589077,3.741025447845459,0.103688083589077,3.741025447845459
5.336461544036865,0.9729875922203064,4.203196048736572,0.9729875922203064,4.203196048736572
0.06145117059350014,0.8427528142929077,3.0743086338043213,0.8427528142929077,3.0743086338043213
0.910608172416687,0.8500413298606873,3.5249829292297363,0.8500413298606873,3.5249829292297363
4.073737144470215,1.2090909481048584,3.5516581535339355,1.2090909481048584,3.5516581535339355
5.89171838760376,1.6854890584945679,3.4129021167755127,1.6854890584945679,3.4129021167755127
1.2414487600326538,1.639407992362976,3.292065143585205,1.639407992362976,3.292065143585205
0.35170549154281616,1.5351428985595703,3.44103741645813,1.5351428985595703,3.44103741645813
0.22676409780979156,1.4421721696853638,3.9986438751220703,1.4421721696853638,3.9986438751220703
0.13400614261627197,1.3403609991073608,3.4992547035217285,1.3403609991073608,3.4992547035217285
0.11852133274078369,1.2582448720932007,3.4831347465515137,1.2582448720932007,3.4831347465515137
0.024558717384934425,1.1848713159561157,1.7131454944610596,1.1848713159561157,1.7131454944610596
7.159129619598389,1.5329288244247437,3.0814695358276367,1.5329288244247437,3.0814695358276367
3.3950116634368896,1.626114845275879,3.015316963195801,1.626114845275879,3.015316963195801
3.8613407611846924,1.762908697128296,2.84555721282959,1.762908697128296,2.84555721282959
2.3741302490234375,1.7912524938583374,3.0406484603881836,1.7912524938583374,3.0406484603881836
0.19947750866413116,1.7144109010696411,1.9987990856170654,1.7144109010696411,1.9987990856170654
0.0419013537466526,0.0419013537466526,2.687135934829712,0.0419013537466526,2.687135934829712
0.005717115942388773,0.021388428285717964,4.307482719421387,0.021388428285717964,4.307482719421387
0.0007223857101053,0.015314396470785141,3.2683098316192627,0.015314396470785141,3.2683098316192627
0.6732713580131531,0.1792876124382019,3.0785768032073975,0.1792876124382019,3.0785768032073975
0.00499856797978282,0.12973496317863464,3.345949649810791,0.12973496317863464,3.345949649810791
3.406822681427002,0.6783990263938904,3.7439446449279785,0.6783990263938904,3.7439446449279785
2.548967123031616,0.9453070759773254,3.107424259185791,0.9453070759773254,3.107424259185791
0.121393583714962,0.8430442214012146,1.5814679861068726,0.8430442214012146,1.5814679861068726
0.18239232897758484,0.18239232897758484,3.052522659301758,0.18239232897758484,3.052522659301758
0.00525260902941227,0.10418353229761124,4.350549697875977,0.10418353229761124,4.350549697875977
0.000794214429333806,0.06479280441999435,3.3058314323425293,0.06479280441999435,3.3058314323425293
0.2880745232105255,0.11047936975955963,3.4350593090057373,0.11047936975955963,3.4350593090057373
0.00403317017480731,0.09346382319927216,3.8065693378448486,0.09346382319927216,3.8065693378448486
4.16996431350708,0.7784718871116638,4.295071601867676,0.7784718871116638,4.295071601867676
0.025686243548989296,0.6607838869094849,3.519256114959717,0.6607838869094849,3.519256114959717
5.754278182983398,1.2978706359863281,4.372531414031982,1.2978706359863281,4.372531414031982
2.120481014251709,1.3983279466629028,3.6376938819885254,1.3983279466629028,3.6376938819885254
2.7178337574005127,1.5303418636322021,3.151602268218994,1.5303418636322021,3.151602268218994
1.6892647743225098,1.5473653078079224,3.5128204822540283,1.5473653078079224,3.5128204822540283
0.14211370050907135,1.431279182434082,3.4224600791931152,1.431279182434082,3.4224600791931152
0.03921001777052879,1.3240464925765991,3.7877373695373535,1.3240464925765991,3.7877373695373535
0.07245465368032455,1.2373087406158447,4.468284606933594,1.2373087406158447,4.468284606933594
0.010741393081843853,1.1507753133773804,3.8764185905456543,1.1507753133773804,3.8764185905456543
0.04514031484723091,1.0793923139572144,3.126938581466675,1.0793923139572144,3.126938581466675
0.04920090734958649,1.0184236764907837,1.761732816696167,1.0184236764907837,1.761732816696167
0.17700456082820892,0.17700456082820892,2.6725656986236572,0.17700456082820892,2.6725656986236572
0.00424864050000906,0.09068147093057632,4.332117557525635,0.09068147093057632,4.332117557525635
0.0007540719816461205,0.06268282979726791,3.1591391563415527,0.06268282979726791,3.1591391563415527
0.27123284339904785,0.1136857271194458,3.2619640827178955,0.1136857271194458,3.2619640827178955
0.004594840109348297,0.0903378501534462,3.397073268890381,0.0903378501534462,3.397073268890381
3.899696111679077,0.7246717810630798,2.921478033065796,0.7246717810630798,2.921478033065796
0.8905303478240967,0.7558961510658264,2.9492201805114746,0.7558961510658264,2.9492201805114746
0.1316256821155548,0.6722001433372498,1.8566453456878662,0.6722001433372498,1.8566453456878662
0.0312601663172245,0.0312601663172245,2.9704761505126953,0.0312601663172245,2.9704761505126953
0.004875082056969404,0.01723446138203144,4.340456008911133,0.01723446138203144,4.340456008911133
0.000636255950666964,0.011735961772501469,3.206623077392578,0.011735961772501469,3.206623077392578
0.3522246479988098,0.09707630425691605,3.373093843460083,0.09707630425691605,3.373093843460083
0.004078761208802462,0.07859420031309128,3.642082929611206,0.07859420031309128,3.642082929611206
11.164129257202148,1.9296201467514038,3.2147507667541504,1.9296201467514038,3.2147507667541504
2.9038429260253906,2.0764200687408447,2.8874661922454834,2.0764200687408447,2.8874661922454834
5.099224090576172,2.4562201499938965,3.7548129558563232,2.4562201499938965,3.7548129558563232
0.2666660249233246,2.2298362255096436,3.769178867340088,2.2298362255096436,3.769178867340088
0.11705299466848373,2.013793468475342,3.39422607421875,2.013793468475342,3.39422607421875
0.3036782145500183,1.8623729944229126,3.1158058643341064,1.8623729944229126,3.1158058643341064
0.8118381500244141,1.7723406553268433,3.0280096530914307,1.7723406553268433,3.0280096530914307
0.23357753455638885,1.6522718667984009,1.8982064723968506,1.6522718667984009,1.8982064723968506
0.05224224552512169,0.05224224552512169,2.6594815254211426,0.05224224552512169,2.6594815254211426
0.005804942920804024,0.029140453785657883,4.202855110168457,0.029140453785657883,4.202855110168457
0.0008824745309539139,0.01731470599770546,3.1248281002044678,0.01731470599770546,3.1248281002044678
0.35466891527175903,0.10180903971195221,3.3036422729492188,0.10180903971195221,3.3036422729492188
0.005481214262545109,0.09057876467704773,3.4800865650177,0.09057876467704773,3.4800865650177
2.8359086513519287,0.5504745841026306,3.2515182495117188,0.5504745841026306,3.2515182495117188
0.7014815807342529,0.5727137327194214,2.9350271224975586,0.5727137327194214,2.9350271224975586
0.14729487895965576,0.5193484425544739,1.8582136631011963,0.5193484425544739,1.8582136631011963
0.03568204492330551,0.03568204492330551,2.9410550594329834,0.03568204492330551,2.9410550594329834
0.004344192799180746,0.019630495458841324,4.41121768951416,0.019630495458841324,4.41121768951416
0.0007401349139399827,0.013323227874934673,3.2697315216064453,0.013323227874934673,3.2697315216064453
0.4186857044696808,0.11471820622682571,3.3627219200134277,0.11471820622682571,3.3627219200134277
0.004586296156048775,0.09248534590005875,3.6373164653778076,0.09248534590005875,3.6373164653778076
11.721489906311035,2.029411554336548,2.907219171524048,2.029411554336548,2.907219171524048
6.018421649932861,2.5973289012908936,4.148489952087402,2.5973289012908936,4.148489952087402
4.896822452545166,2.8814473152160645,3.594334840774536,2.8814473152160645,3.594334840774536
4.811567783355713,3.11929988861084,3.2344329357147217,3.11929988861084,3.2344329357147217
0.12539976835250854,2.8186593055725098,3.7086730003356934,2.8186593055725098,3.7086730003356934
1.1601582765579224,2.6578900814056396,3.107574462890625,2.6578900814056396,3.107574462890625
0.7078040242195129,2.4804375171661377,3.502971649169922,2.4804375171661377,3.502971649169922
0.2789308428764343,2.319139003753662,3.3760287761688232,2.319139003753662,3.3760287761688232
0.05050095543265343,2.156528949737549,3.728996992111206,2.156528949737549,3.728996992111206
0.07556071877479553,2.012744665145874,4.32103967666626,2.012744665145874,4.32103967666626
0.010397197678685188,1.888286828994751,3.3860130310058594,1.888286828994751,3.3860130310058594
0.21769671142101288,1.7868109941482544,3.2160181999206543,1.7868109941482544,3.2160181999206543
9.116676330566406,2.190260887145996,3.011831045150757,2.190260887145996,3.011831045150757
1.9729136228561401,2.170067548751831,3.046409845352173,2.170067548751831,3.046409845352173
7.813507556915283,2.4576480388641357,3.540667772293091,2.4576480388641357,3.540667772293091
0.9069803953170776,2.36309814453125,2.8989758491516113,2.36309814453125,2.8989758491516113
9.192827224731445,2.668767213821411,4.151678562164307,2.668767213821411,4.151678562164307
1.7831248044967651,2.635998487472534,3.4804394245147705,2.635998487472534,3.4804394245147705
3.8184478282928467,2.6803715229034424,3.289929151535034,2.6803715229034424,3.289929151535034
6.664968013763428,2.8453054428100586,2.3339943885803223,2.8453054428100586,2.3339943885803223
8.30809211730957,3.071239948272705,2.995914936065674,3.071239948272705,2.995914936065674
1.2998393774032593,2.999310255050659,2.5612826347351074,2.999310255050659,2.5612826347351074
0.4027918875217438,2.842029333114624,1.8225529193878174,2.842029333114624,1.8225529193878174
0.02186315506696701,0.02186315506696701,2.5022687911987305,0.02186315506696701,2.5022687911987305
0.012857042253017426,0.018409263342618942,4.344797611236572,0.018409263342618942,4.344797611236572
0.0006650857976637781,0.012282793410122395,2.8713889122009277,0.012282793410122395,2.8713889122009277
0.7535887956619263,0.19669204950332642,3.1286227703094482,0.19669204950332642,3.1286227703094482
0.005203395150601864,0.15961575508117676,3.1960065364837646,0.15961575508117676,3.1960065364837646
2.5377883911132812,0.5775584578514099,2.857419013977051,0.5775584578514099,2.857419013977051
0.5830727219581604,0.5653769373893738,2.7845232486724854,0.5653769373893738,2.7845232486724854
0.14661911129951477,0.510779082775116,1.7335519790649414,0.510779082775116,1.7335519790649414
0.03123682737350464,0.03123682737350464,2.8395895957946777,0.03123682737350464,2.8395895957946777
0.004462284967303276,0.017750468105077744,4.278469085693359,0.017750468105077744,4.278469085693359
0.0006105228094384074,0.01206973660737276,3.2732512950897217,0.01206973660737276,3.2732512950897217
0.12710611522197723,0.04072288051247597,3.268064498901367,0.04072288051247597,3.268064498901367
0.004582142923027277,0.03390876203775406,3.0739006996154785,0.03390876203775406,3.0739006996154785
5.067168235778809,0.8724784851074219,2.7701175212860107,0.8724784851074219,2.7701175212860107
3.285181999206543,1.21504807472229,2.9225172996520996,1.21504807472229,2.9225172996520996
0.08809875696897507,1.0754480361938477,2.8033607006073,1.0754480361938477,2.8033607006073
7.218298435211182,1.7610505819320679,3.8575797080993652,1.7610505819320679,3.8575797080993652
0.07830657809972763,1.5795440673828125,3.344848155975342,1.5795440673828125,3.344848155975342
1.13685142993927,1.5502740144729614,3.4767746925354004,1.5502740144729614,3.4767746925354004
1.7451459169387817,1.5706806182861328,3.3394978046417236,1.5706806182861328,3.3394978046417236
0.7043967247009277,1.5181095600128174,3.804049253463745,1.5181095600128174,3.804049253463745
0.07775946706533432,1.4180585145950317,4.172234535217285,1.4180585145950317,4.172234535217285
0.010798236355185509,1.3252315521240234,4.185479164123535,1.3252315521240234,4.185479164123535
0.02340616285800934,1.2370301485061646,4.767119407653809,1.2370301485061646,4.767119407653809
0.003975465893745422,1.1644220352172852,3.8256351947784424,1.1644220352172852,3.8256351947784424
0.014269575476646423,1.1043528318405151,3.1131129264831543,1.1043528318405151,3.1131129264831543
0.11584445834159851,1.0582729578018188,2.0555384159088135,1.0582729578018188,2.0555384159088135
0.08149849623441696,0.08149849623441696,2.5740692615509033,0.08149849623441696,2.5740692615509033
0.00519805820658803,0.0503481887280941,4.084376335144043,0.0503481887280941,4.084376335144043
0.0007929041748866439,0.031297069042921066,3.1775896549224854,0.031297069042921066,3.1775896549224854
4.631809711456299,1.1817294359207153,3.111661434173584,1.1817294359207153,3.111661434173584
0.004645151551812887,0.9103767275810242,3.037879705429077,0.9103767275810242,3.037879705429077
8.629922866821289,2.2379064559936523,3.001391887664795,2.2379064559936523,3.001391887664795
6.3728508949279785,2.8205831050872803,2.816983222961426,2.8205831050872803,2.816983222961426
4.957415580749512,3.0927906036376953,2.779053211212158,3.0927906036376953,2.779053211212158
0.5346733331680298,2.8069727420806885,2.817408561706543,2.8069727420806885,2.817408561706543
0.23263511061668396,2.5440945625305176,1.702537178993225,2.5440945625305176,1.702537178993225
0.03800985589623451,0.03800985589623451,2.9386181831359863,0.03800985589623451,2.9386181831359863
0.005508956499397755,0.022167909890413284,4.321990966796875,0.022167909890413284,4.321990966796875
0.000757645582780242,0.014834643341600895,3.228036403656006,0.014834643341600895,3.228036403656006
0.5897936224937439,0.15836185216903687,3.550675630569458,0.15836185216903687,3.550675630569458
0.0024791003670543432,0.12537024915218353,3.6281075477600098,0.12537024915218353,3.6281075477600098
7.3375139236450195,1.3205881118774414,3.6813597679138184,1.3205881118774414,3.6813597679138184
9.475224494934082,2.4829390048980713,3.1779208183288574,2.4829390048980713,3.1779208183288574
0.9538131952285767,2.316192626953125,3.1440823078155518,2.316192626953125,3.1440823078155518
1.9431451559066772,2.2680134773254395,3.4333763122558594,2.2680134773254395,3.4333763122558594
5.691771030426025,2.617171287536621,4.0293378829956055,2.617171287536621,4.0293378829956055
0.6079940795898438,2.4474539756774902,3.3362300395965576,2.4474539756774902,3.3362300395965576
0.6631651520729065,2.3048489093780518,2.7975592613220215,2.3048489093780518,2.7975592613220215
0.1910419762134552,2.141794443130493,3.037492036819458,2.141794443130493,3.037492036819458
5.843945026397705,2.4050514698028564,4.335282802581787,2.4050514698028564,4.335282802581787
0.042936988174915314,2.240095615386963,3.2558388710021973,2.240095615386963,3.2558388710021973
0.5020427107810974,2.139268636703491,3.470823287963867,2.139268636703491,3.470823287963867
1.3780264854431152,2.09218168258667,2.9987807273864746,2.09218168258667,2.9987807273864746
0.37098637223243713,1.9909052848815918,3.7311885356903076,1.9909052848815918,3.7311885356903076
0.054449573159217834,1.8859044313430786,4.118860721588135,1.8859044313430786,4.118860721588135
0.009175751358270645,1.7974590063095093,4.2924981117248535,1.7974590063095093,4.2924981117248535
10.145303726196289,2.189617872238159,4.345834732055664,2.189617872238159,4.345834732055664
0.06066310405731201,2.0911736488342285,4.001990795135498,2.0911736488342285,4.001990795135498
0.3301803469657898,2.0182039737701416,3.2201342582702637,2.0182039737701416,3.2201342582702637
0.033729564398527145,1.9303380250930786,2.9287662506103516,1.9303380250930786,2.9287662506103516
0.08339452743530273,1.8543391227722168,2.0108675956726074,1.8543391227722168,2.0108675956726074
13.959741592407227,2.322906255722046,2.419735908508301,2.322906255722046,2.419735908508301
2.297769784927368,2.3163812160491943,2.7773351669311523,2.3163812160491943,2.7773351669311523
2.466477632522583,2.3167479038238525,2.9094157218933105,2.3167479038238525,2.9094157218933105
6.037203788757324,2.444420099258423,3.6461563110351562,2.444420099258423,3.6461563110351562
0.2095019817352295,2.3712728023529053,3.359346389770508,2.3712728023529053,3.359346389770508
2.4517436027526855,2.3761205673217773,3.6917755603790283,2.3761205673217773,3.6917755603790283
0.6951032876968384,2.3209173679351807,2.895519971847534,2.3209173679351807,2.895519971847534
1.695450782775879,2.302807569503784,2.457653522491455,2.302807569503784,2.457653522491455
0.22920842468738556,2.243849515914917,1.7650492191314697,2.243849515914917,1.7650492191314697
0.06386914104223251,0.06386914104223251,2.3898682594299316,0.06386914104223251,2.3898682594299316
0.021429777145385742,0.04402278736233711,4.0870466232299805,0.04402278736233711,4.0870466232299805
0.0007665794692002237,0.028645334765315056,2.7564547061920166,0.028645334765315056,2.7564547061920166
1.1607662439346313,0.3118637204170227,2.845856189727783,0.3118637204170227,2.845856189727783
0.0040738931857049465,0.2505893111228943,3.123192310333252,0.2505893111228943,3.123192310333252
2.0864224433898926,0.5576298236846924,2.5804333686828613,0.5576298236846924,2.5804333686828613
0.6304758787155151,0.566558301448822,2.5627024173736572,0.566558301448822,2.5627024173736572
0.0735986977815628,0.5029082298278809,1.678222894668579,0.5029082298278809,1.678222894668579
0.043079957365989685,0.043079957365989685,3.3419909477233887,0.043079957365989685,3.3419909477233887
0.005566216539591551,0.023042142391204834,4.31061315536499,0.023042142391204834,4.31061315536499
0.0006887924391776323,0.01553327962756157,3.392275333404541,0.01553327962756157,3.392275333404541
0.21184173226356506,0.06451994180679321,3.2654216289520264,0.06451994180679321,3.2654216289520264
0.0058665708638727665,0.05313556268811226,3.540921449661255,0.05313556268811226,3.540921449661255
1.6524138450622559,0.3192056119441986,3.3919875621795654,0.3192056119441986,3.3919875621795654
1.2301905155181885,0.44895699620246887,3.1274254322052,0.44895699620246887,3.1274254322052
0.19919271767139435,0.416977196931839,2.4330191612243652,0.416977196931839,2.4330191612243652
0.03259677067399025,0.03259677067399025,2.863633632659912,0.03259677067399025,2.863633632659912
0.004257543478161097,0.019441870972514153,4.259894847869873,0.019441870972514153,4.259894847869873
0.0005806190893054008,0.012410499155521393,3.3191192150115967,0.012410499155521393,3.3191192150115967
4.149186134338379,1.045644760131836,3.192746162414551,1.045644760131836,3.192746162414551
0.005284744780510664,0.8653723001480103,3.280034303665161,0.8653723001480103,3.280034303665161
4.588279724121094,1.468985915184021,3.1341705322265625,1.468985915184021,3.1341705322265625
0.4929705858230591,1.3333008289337158,3.5636990070343018,1.3333008289337158,3.5636990070343018
6.0273942947387695,1.9206922054290771,3.396359920501709,1.9206922054290771,3.396359920501709
0.40258148312568665,1.7239199876785278,2.9766907691955566,1.7239199876785278,2.9766907691955566
0.16238723695278168,1.540065884590149,1.7136716842651367,1.540065884590149,1.7136716842651367
0.03836154192686081,0.03836154192686081,2.998103380203247,0.03836154192686081,2.998103380203247
0.0050152926705777645,0.021689793094992638,4.453843116760254,0.021689793094992638,4.453843116760254
0.000697965151630342,0.015503949485719204,3.2741401195526123,0.015503949485719204,3.2741401195526123
0.5523027181625366,0.1504243165254593,3.3068127632141113,0.1504243165254593,3.3068127632141113
0.005512157455086708,0.12694886326789856,3.695389986038208,0.12694886326789856,3.695389986038208
3.30639386177063,0.6524420380592346,3.5071892738342285,0.6524420380592346,3.5071892738342285
13.187410354614258,2.4450576305389404,3.323380947113037,2.4450576305389404,3.323380947113037
4.004470348358154,2.6430819034576416,3.9655864238739014,2.6430819034576416,3.9655864238739014
5.2518134117126465,2.921046733856201,5.392561435699463,2.921046733856201,5.392561435699463
0.1607232540845871,2.6662981510162354,3.409870147705078,2.6662981510162354,3.409870147705078
0.4416753351688385,2.454535722732544,3.331942319869995,2.454535722732544,3.331942319869995
7.352313995361328,2.8690478801727295,3.477470874786377,2.8690478801727295,3.477470874786377
1.2394225597381592,2.744166851043701,3.132460832595825,2.744166851043701,3.132460832595825
5.986824035644531,2.968717098236084,3.3830204010009766,2.968717098236084,3.3830204010009766
1.9806956052780151,2.894681215286255,3.488283634185791,2.894681215286255,3.488283634185791
6.3338165283203125,3.112882375717163,4.477902412414551,3.112882375717163,4.477902412414551
3.8869080543518066,3.1610922813415527,4.06806755065918,3.1610922813415527,4.06806755065918
4.184973239898682,3.213684320449829,3.125159740447998,3.213684320449829,3.125159740447998
4.139152526855469,3.258392810821533,3.5261619091033936,3.258392810821533,3.5261619091033936
2.884457588195801,3.236356258392334,2.9978737831115723,3.236356258392334,2.9978737831115723
2.521798610687256,3.2133727073669434,3.3955607414245605,3.2133727073669434,3.3955607414245605
0.853752076625824,3.0921692848205566,3.299041271209717,3.0921692848205566,3.299041271209717
0.09243801236152649,2.965547561645508,3.0972421169281006,2.965547561645508,3.0972421169281006
0.5697793364524841,2.8653242588043213,3.166623592376709,2.8653242588043213,3.166623592376709
0.289247989654541,2.763230085372925,1.8643563985824585,2.763230085372925,1.8643563985824585
0.031750746071338654,0.031750746071338654,2.529639482498169,0.031750746071338654,2.529639482498169
0.010427752509713173,0.021723374724388123,4.340813636779785,0.021723374724388123,4.340813636779785
0.0006354220095090568,0.017104648053646088,3.0390827655792236,0.017104648053646088,3.0390827655792236
0.559441864490509,0.1519322246313095,2.8858726024627686,0.1519322246313095,2.8858726024627686
0.0038842721842229366,0.1455429345369339,3.297236919403076,0.1455429345369339,3.297236919403076
4.395977973937988,0.8561446070671082,1.822920560836792,0.8561446070671082,1.822920560836792
0.2655404210090637,0.7621797919273376,1.6962114572525024,0.7621797919273376,1.6962114572525024
0.05907319486141205,0.05907319486141205,2.7205140590667725,0.05907319486141205,2.7205140590667725
0.0061022634617984295,0.034163158386945724,4.29615592956543,0.034163158386945724,4.29615592956543
0.0006038511055521667,0.01896306686103344,3.3125109672546387,0.01896306686103344,3.3125109672546387
0.15933270752429962,0.05486743524670601,3.1030211448669434,0.05486743524670601,3.1030211448669434
0.004869625438004732,0.04398760199546814,3.3551158905029297,0.04398760199546814,3.3551158905029297
12.870697975158691,2.180180311203003,3.348284959793091,2.180180311203003,3.348284959793091
5.237671852111816,2.6237215995788574,3.3706958293914795,2.6237215995788574,3.3706958293914795
5.9384026527404785,3.0353920459747314,3.1346662044525146,3.0353920459747314,3.1346662044525146
2.291987657546997,2.956292152404785,3.250983476638794,2.956292152404785,3.250983476638794
3.9874322414398193,3.0593881607055664,3.253525495529175,3.0593881607055664,3.253525495529175
2.5283377170562744,3.007343053817749,2.956167697906494,3.007343053817749,2.956167697906494
3.7721972465515137,3.0722506046295166,3.0583999156951904,3.0722506046295166,3.0583999156951904
0.2388642430305481,2.853341817855835,2.891761064529419,2.853341817855835,2.891761064529419
7.580989837646484,3.1900830268859863,3.9806437492370605,3.1900830268859863,3.9806437492370605
2.8671295642852783,3.1724133491516113,3.4957919120788574,3.1724133491516113,3.4957919120788574
6.268821716308594,3.3651208877563477,3.87294340133667,3.3651208877563477,3.87294340133667
1.1808000802993774,3.239908218383789,3.681344509124756,3.239908218383789,3.681344509124756
0.23651881515979767,3.0720505714416504,3.4101576805114746,3.0720505714416504,3.4101576805114746
0.4367092251777649,2.9370548725128174,2.8194963932037354,2.9370548725128174,2.8194963932037354
0.11377009004354477,2.794443130493164,1.9324162006378174,2.794443130493164,1.9324162006378174
0.028405020013451576,0.028405020013451576,2.6089789867401123,0.028405020013451576,2.6089789867401123
0.007372671738266945,0.019576143473386765,4.180320739746094,0.019576143473386765,4.180320739746094
0.0006574614671990275,0.013687246479094028,2.9302048683166504,0.013687246479094028,2.9302048683166504
2.036808729171753,0.5198832154273987,2.8221569061279297,0.5198832154273987,2.8221569061279297
0.0062000080943107605,0.4199955463409424,2.8447344303131104,0.4199955463409424,2.8447344303131104
8.946915626525879,1.8286423683166504,2.973452568054199,1.8286423683166504,2.973452568054199
5.446640491485596,2.364499807357788,1.9192441701889038,2.364499807357788,1.9192441701889038
1.709402084350586,2.2690343856811523,1.493509292602539,2.2690343856811523,1.493509292602539
0.03542998060584068,0.03542998060584068,2.8255727291107178,0.03542998060584068,2.8255727291107178
0.008696303702890873,0.022837182506918907,4.257502555847168,0.022837182506918907,4.257502555847168
0.0007631250191479921,0.015095897018909454,3.0914082527160645,0.015095897018909454,3.0914082527160645
0.3495062291622162,0.09858144074678421,3.3133461475372314,0.09858144074678421,3.3133461475372314
0.0019795361440628767,0.08090134710073471,3.4246208667755127,0.08090134710073471,3.4246208667755127
9.563497543334961,1.6609233617782593,3.7800967693328857,1.6609233617782593,3.7800967693328857
4.5302886962890625,2.0723819732666016,3.7316136360168457,2.0723819732666016,3.7316136360168457
2.5227766036987305,2.1242728233337402,3.4526264667510986,2.1242728233337402,3.4526264667510986
1.1718559265136719,2.0184504985809326,4.734050750732422,2.0184504985809326,4.734050750732422
8.37339973449707,2.666736602783203,3.189030170440674,2.666736602783203,3.189030170440674
0.9797796010971069,2.4929869174957275,3.448758602142334,2.4929869174957275,3.448758602142334
0.3952460289001465,2.336433172225952,4.240998268127441,2.336433172225952,4.240998268127441
12.139947891235352,3.0793774127960205,2.8903632164001465,3.0793774127960205,2.8903632164001465
5.7828898429870605,3.2796146869659424,3.6354260444641113,3.2796146869659424,3.6354260444641113
5.459776401519775,3.4166953563690186,3.1281650066375732,3.4166953563690186,3.1281650066375732
10.599971771240234,3.8701303005218506,3.3507399559020996,3.8701303005218506,3.3507399559020996
0.9076224565505981,3.6957309246063232,3.055438280105591,3.6957309246063232,3.055438280105591
4.424918174743652,3.7202389240264893,4.206042289733887,3.7202389240264893,4.206042289733887
0.16212016344070435,3.534830093383789,3.4027976989746094,3.534830093383789,3.4027976989746094
0.4974915683269501,3.3835315704345703,3.390623092651367,3.3835315704345703,3.390623092651367
9.296710014343262,3.6695592403411865,3.3203952312469482,3.6695592403411865,3.3203952312469482
1.167734146118164,3.557485342025757,3.110097646713257,3.557485342025757,3.110097646713257
9.00425910949707,3.783381700515747,3.3923020362854004,3.783381700515747,3.3923020362854004
6.64063835144043,3.9072561264038086,3.33232045173645,3.9072561264038086,3.33232045173645
3.8745827674865723,3.9087045192718506,2.9968676567077637,3.9087045192718506,2.9968676567077637
1.4209568500518799,3.8118417263031006,3.0769286155700684,3.8118417263031006,3.0769286155700684
11.23691177368164,4.088842391967773,3.2720446586608887,4.088842391967773,3.2720446586608887
2.1934356689453125,4.016010761260986,3.3016254901885986,4.016010761260986,3.3016254901885986
1.0843297243118286,3.9182467460632324,3.013798236846924,3.9182467460632324,3.013798236846924
6.285894393920898,4.001626968383789,3.353485584259033,4.001626968383789,3.353485584259033
7.538328170776367,4.109960556030273,3.456327438354492,4.109960556030273,3.456327438354492
1.4794641733169556,4.035072326660156,2.870788335800171,4.035072326660156,2.870788335800171
3.8380606174468994,4.028707981109619,4.4264960289001465,4.028707981109619,4.4264960289001465
2.5246670246124268,3.972099781036377,3.519751787185669,3.972099781036377,3.519751787185669
4.17770528793335,3.9825377464294434,3.1768717765808105,3.9825377464294434,3.1768717765808105
8.2432222366333,4.105178356170654,3.618320941925049,4.105178356170654,3.618320941925049
0.12515030801296234,3.997908353805542,3.5883915424346924,3.997908353805542,3.5883915424346924
1.4575185775756836,3.929065465927124,3.198032855987549,3.929065465927124,3.198032855987549
4.374021530151367,3.933488130569458,3.3669276237487793,3.933488130569458,3.3669276237487793
1.326258659362793,3.8701789379119873,3.8064587116241455,3.8701789379119873,3.8064587116241455
2.226694345474243,3.837124824523926,3.524322986602783,3.837124824523926,3.524322986602783
7.366228103637695,3.92326283454895,3.9740657806396484,3.92326283454895,3.9740657806396484
5.921162128448486,3.961318016052246,3.7661406993865967,3.961318016052246,3.7661406993865967
2.5177576541900635,3.927934408187866,3.801666259765625,3.927934408187866,3.801666259765625
8.306540489196777,4.029762268066406,4.175439834594727,4.029762268066406,4.175439834594727
2.1365621089935303,3.991380453109741,3.10554838180542,3.991380453109741,3.10554838180542
9.558757781982422,4.098380088806152,3.1676831245422363,4.098380088806152,3.1676831245422363
9.141600608825684,4.205948352813721,3.8503613471984863,4.205948352813721,3.8503613471984863
2.660878896713257,4.181625843048096,3.829927444458008,4.181625843048096,3.829927444458008
5.287217617034912,4.199451446533203,3.526524305343628,4.199451446533203,3.526524305343628
0.8334394693374634,4.125792026519775,3.002932548522949,4.125792026519775,3.002932548522949
1.3517074584960938,4.068960189819336,1.8474267721176147,4.068960189819336,1.8474267721176147
5.363425254821777,4.096534729003906,1.7983890771865845,4.096534729003906,1.7983890771865845
0.27211862802505493,0.27211862802505493,2.5481739044189453,0.27211862802505493,2.5481739044189453
0.02605285868048668,0.1477908045053482,4.262474536895752,0.1477908045053482,4.262474536895752
0.0006624649395234883,0.10303165763616562,2.849801540374756,0.10303165763616562,2.849801540374756
0.8128964304924011,0.27952054142951965,3.0600476264953613,0.27952054142951965,3.0600476264953613
0.0029798413161188364,0.2249310463666916,3.202423572540283,0.2249310463666916,3.202423572540283
5.60362434387207,1.1172058582305908,1.318851351737976,1.1172058582305908,1.318851351737976
6.228475570678711,1.8517322540283203,1.8024498224258423,1.8517322540283203,1.8024498224258423
0.5925289988517761,1.6767652034759521,2.0715808868408203,1.6767652034759521,2.0715808868408203
0.09307143837213516,0.09307143837213516,2.44486665725708,0.09307143837213516,2.44486665725708
0.01234874315559864,0.055552270263433456,4.139547348022461,0.055552270263433456,4.139547348022461
0.0006280356901697814,0.037708017975091934,3.1325173377990723,0.037708017975091934,3.1325173377990723
1.5915814638137817,0.42566388845443726,2.993926525115967,0.42566388845443726,2.993926525115967
0.002757796086370945,0.34315067529678345,3.2257156372070312,0.34315067529678345,3.2257156372070312
3.02978515625,0.8030206561088562,3.1981289386749268,0.8030206561088562,3.1981289386749268
5.001673698425293,1.403243899345398,3.3854897022247314,1.403243899345398,3.3854897022247314
1.193941593170166,1.3799490928649902,3.4914753437042236,1.3799490928649902,3.4914753437042236
11.238801956176758,2.47171950340271,2.967683792114258,2.47171950340271,2.967683792114258
3.526805877685547,2.5744729042053223,3.3579113483428955,2.5744729042053223,3.3579113483428955
2.846857786178589,2.605574607849121,3.7609705924987793,2.605574607849121,3.7609705924987793
6.247791767120361,2.91572642326355,4.040959358215332,2.91572642326355,4.040959358215332
0.02128426358103752,2.681790828704834,3.8391952514648438,2.681790828704834,3.8391952514648438
0.011650381609797478,2.491661548614502,2.681351661682129,2.491661548614502,2.681351661682129
4.152615070343018,2.611672878265381,2.950747489929199,2.611672878265381,2.950747489929199
7.666152000427246,2.9215502738952637,3.1228396892547607,2.9215502738952637,3.1228396892547607
5.789365768432617,3.0921788215637207,4.12781286239624,3.0921788215637207,4.12781286239624
0.682706892490387,2.955785036087036,3.3297839164733887,2.955785036087036,3.3297839164733887
2.745063304901123,2.9535441398620605,3.064570426940918,2.9535441398620605,3.064570426940918
6.176247596740723,3.1063380241394043,3.7199578285217285,3.1063380241394043,3.7199578285217285
1.401391625404358,3.0344574451446533,3.071899890899658,3.0344574451446533,3.071899890899658
3.7688283920288086,3.050109624862671,3.3549742698669434,3.050109624862671,3.3549742698669434
1.4148435592651367,2.9858531951904297,3.0743939876556396,2.9858531951904297,3.0743939876556396
6.180028438568115,3.124410390853882,4.107323169708252,3.124410390853882,4.107323169708252
0.0218973271548748,2.994602680206299,3.5765151977539062,2.994602680206299,3.5765151977539062
0.007583401631563902,2.877657890319824,2.923809289932251,2.877657890319824,2.923809289932251
1.8323049545288086,2.8477110862731934,2.724510431289673,2.8477110862731934,2.724510431289673
0.6006459593772888,2.7666900157928467,2.433027744293213,2.7666900157928467,2.433027744293213
0.1597660630941391,2.675243854522705,1.8332586288452148,2.675243854522705,1.8332586288452148
0.031743817031383514,0.031743817031383514,2.7566399574279785,0.031743817031383514,2.7566399574279785
0.009543746709823608,0.02031448483467102,4.381697654724121,0.02031448483467102,4.381697654724121
0.0006026597693562508,0.014315307140350342,3.2407660484313965,0.014315307140350342,3.2407660484313965
1.0317270755767822,0.2685030996799469,3.3069629669189453,0.2685030996799469,3.3069629669189453
0.0028439811430871487,0.19406184554100037,3.258033037185669,0.19406184554100037,3.258033037185669
4.369901180267334,0.8970567584037781,3.6839759349823,0.8970567584037781,3.6839759349823
0.354802668094635,0.8272584676742554,3.1317334175109863,0.8272584676742554,3.1317334175109863
1.4606176614761353,0.8954164385795593,3.889188766479492,0.8954164385795593,3.889188766479492
8.473758697509766,1.7466944456100464,4.723119258880615,1.7466944456100464,4.723119258880615
0.000722266617231071,1.5858553647994995,4.428486347198486,1.5858553647994995,4.428486347198486
0.002112420741468668,1.4307459592819214,3.752225160598755,1.4307459592819214,3.752225160598755
3.0203771591186523,1.5650290250778198,3.0766587257385254,1.5650290250778198,3.0766587257385254
0.7537575364112854,1.5053044557571411,3.3582606315612793,1.5053044557571411,3.3582606315612793
2.940748691558838,1.608434796333313,3.1817805767059326,1.608434796333313,3.1817805767059326
2.0393929481506348,1.6265870332717896,3.170813798904419,1.6265870332717896,3.170813798904419
5.209594249725342,1.8458495140075684,3.8725574016571045,1.8458495140075684,3.8725574016571045
7.144093990325928,2.156487226486206,3.3470568656921387,2.156487226486206,3.3470568656921387
3.9460701942443848,2.2517242431640625,3.4114105701446533,2.2517242431640625,3.4114105701446533
1.237243890762329,2.1987693309783936,3.335392475128174,2.1987693309783936,3.335392475128174
5.207939624786377,2.345937490463257,3.452971935272217,2.345937490463257,3.452971935272217
0.991201639175415,2.2844631671905518,2.8147549629211426,2.2844631671905518,2.8147549629211426
6.2697930335998535,2.4681789875030518,3.311558246612549,2.4681789875030518,3.311558246612549
0.47024211287498474,2.3762683868408203,3.561397075653076,2.3762683868408203,3.561397075653076
8.604708671569824,2.63504695892334,3.8981499671936035,2.63504695892334,3.8981499671936035
6.319083213806152,2.7832465171813965,4.744498252868652,2.7832465171813965,4.744498252868652
0.24308480322360992,2.683666706085205,6.134659767150879,2.683666706085205,6.134659767150879
0.00189482350833714,2.5870776176452637,3.4202277660369873,2.5870776176452637,3.4202277660369873
1.4133504629135132,2.548633098602295,2.9600656032562256,2.548633098602295,2.9600656032562256
0.403644323348999,2.4697439670562744,1.9794387817382812,2.4697439670562744,1.9794387817382812
0.04851442202925682,0.04851442202925682,2.6054091453552246,0.04851442202925682,2.6054091453552246
0.007925491780042648,0.02835882641375065,4.173376560211182,0.02835882641375065,4.173376560211182
0.0006531727267429233,0.018023410812020302,3.0048184394836426,0.018023410812020302,3.0048184394836426
0.8386486768722534,0.22348631918430328,3.01529860496521,0.22348631918430328,3.01529860496521
0.0036491251084953547,0.18130984902381897,3.068972587585449,0.18130984902381897,3.068972587585449
5.152196884155273,1.0073820352554321,2.7344765663146973,1.0073820352554321,2.7344765663146973
4.346741199493408,1.4866950511932373,2.453843593597412,1.4866950511932373,2.453843593597412
6.208196640014648,2.074326992034912,2.463750123977661,2.074326992034912,2.463750123977661
1.8373301029205322,2.045445442199707,2.4605536460876465,2.045445442199707,2.4605536460876465
4.725796699523926,2.3134772777557373,2.152611255645752,2.3134772777557373,2.152611255645752
0.39856311678886414,2.136300802230835,2.7695300579071045,2.136300802230835,2.7695300579071045
4.672904968261719,2.341096878051758,2.6467537879943848,2.341096878051758,2.6467537879943848
0.28632408380508423,2.175947666168213,2.77699613571167,2.175947666168213,2.77699613571167
3.020004987716675,2.2545251846313477,2.691193103790283,2.2545251846313477,2.691193103790283
1.4647951126098633,2.204179525375366,2.556102752685547,2.204179525375366,2.556102752685547
3.678689956665039,2.2803916931152344,2.560225248336792,2.2803916931152344,2.560225248336792
0.09855090826749802,2.1415765285491943,2.5833213329315186,2.1415765285491943,2.5833213329315186
3.106947660446167,2.2130727767944336,2.8578169345855713,2.2130727767944336,2.8578169345855713
0.096465103328228,2.0948493480682373,2.8353652954101562,2.0948493480682373,2.8353652954101562
2.7251176834106445,2.1223232746124268,2.6516363620758057,2.1223232746124268,2.6516363620758057
0.2288694828748703,2.0517923831939697,2.6125216484069824,2.0517923831939697,2.6125216484069824
4.139249801635742,2.1397452354431152,2.741366386413574,2.1397452354431152,2.741366386413574
0.07370944321155548,2.034599781036377,2.627570629119873,2.034599781036377,2.627570629119873
2.7276556491851807,2.071610450744629,1.2761088609695435,2.071610450744629,1.2761088609695435
0.4678669273853302,0.4678669273853302,2.913276195526123,0.4678669273853302,2.913276195526123
0.008949052542448044,0.24994735419750214,4.378751277923584,0.24994735419750214,4.378751277923584
0.0011313711293041706,0.15887808799743652,3.1658451557159424,0.15887808799743652,3.1658451557159424
0.40350615978240967,0.22382646799087524,3.522048234939575,0.22382646799087524,3.522048234939575
0.0020616245456039906,0.17604129016399384,3.6600406169891357,0.17604129016399384,3.6600406169891357
4.872346878051758,0.9532389044761658,4.243937015533447,0.9532389044761658,4.243937015533447
0.2512386739253998,0.8514013290405273,3.2767550945281982,0.8514013290405273,3.2767550945281982
2.404512882232666,1.047838807106018,3.5694022178649902,1.047838807106018,3.5694022178649902
1.1782368421554565,1.0635170936584473,3.352355480194092,1.0635170936584473,3.352355480194092
1.002610206604004,1.057828664779663,3.448305606842041,1.057828664779663,3.448305606842041
1.0542187690734863,1.0499323606491089,3.2230372428894043,1.0499323606491089,3.2230372428894043
1.0549565553665161,1.063473105430603,3.453469753265381,1.063473105430603,3.453469753265381
11.312947273254395,1.8534361124038696,2.8910257816314697,1.8534361124038696,2.8910257816314697
1.8999760150909424,1.8443934917449951,3.0670266151428223,1.8443934917449951,3.0670266151428223
5.963777542114258,2.1259453296661377,3.2759742736816406,2.1259453296661377,3.2759742736816406
3.3364574909210205,2.2080612182617188,3.8334527015686035,2.2080612182617188,3.8334527015686035
4.919679641723633,2.3638646602630615,3.235992431640625,2.3638646602630615,3.235992431640625
1.210953712463379,2.2961204051971436,3.1567182540893555,2.2961204051971436,3.1567182540893555
0.20244337618350983,2.1949622631073,1.9263858795166016,2.1949622631073,1.9263858795166016
0.035131242126226425,0.035131242126226425,2.651331901550293,0.035131242126226425,2.651331901550293
0.0050959461368620396,0.016204606741666794,4.229925155639648,0.016204606741666794,4.229925155639648
0.0006164796068333089,0.012404068373143673,3.0110487937927246,0.012404068373143673,3.0110487937927246
1.0600597858428955,0.2742155194282532,3.0258595943450928,0.2742155194282532,3.0258595943450928
0.005832320544868708,0.21145674586296082,3.1970434188842773,0.21145674586296082,3.1970434188842773
5.543224334716797,1.0932469367980957,2.8575642108917236,1.0932469367980957,2.8575642108917236
0.7034775018692017,1.0367696285247803,2.381866455078125,1.0367696285247803,2.381866455078125
3.791513442993164,1.3837143182754517,2.469481945037842,1.3837143182754517,2.469481945037842
0.04325772449374199,1.2371959686279297,2.3852596282958984,1.2371959686279297,2.3852596282958984
3.238947868347168,1.4365134239196777,2.6786386966705322,1.4365134239196777,2.6786386966705322
0.09308783710002899,1.3148908615112305,2.522918939590454,1.3148908615112305,2.522918939590454
2.194812297821045,1.393971562385559,1.6208139657974243,1.393971562385559,1.6208139657974243
0.061258893460035324,0.061258893460035324,2.955474615097046,0.061258893460035324,2.955474615097046
0.003918827045708895,0.032764922827482224,4.3601202964782715,0.032764922827482224,4.3601202964782715
0.0009887097403407097,0.021481581032276154,3.392566680908203,0.021481581032276154,3.392566680908203
0.3567666709423065,0.10511180758476257,3.473458766937256,0.10511180758476257,3.473458766937256
0.0028758379630744457,0.08005796372890472,3.5400989055633545,0.08005796372890472,3.5400989055633545
7.903965950012207,1.3853617906570435,4.119071960449219,1.3853617906570435,4.119071960449219
5.185566425323486,1.9285861253738403,3.117177963256836,1.9285861253738403,3.117177963256836
2.2261886596679688,1.9721089601516724,2.7916247844696045,1.9721089601516724,2.7916247844696045
3.8577170372009277,2.1731560230255127,3.0895752906799316,2.1731560230255127,3.0895752906799316
9.660872459411621,2.9166226387023926,3.073432445526123,2.9166226387023926,3.073432445526123
6.2410993576049805,3.220613956451416,2.9896183013916016,3.220613956451416,2.9896183013916016
0.1409418135881424,2.970057249069214,2.768538475036621,2.970057249069214,2.768538475036621
7.225433349609375,3.301776885986328,3.5788211822509766,3.301776885986328,3.5788211822509766
1.8112285137176514,3.191204786300659,3.5584206581115723,3.191204786300659,3.5584206581115723
0.3141111731529236,3.0121169090270996,3.212398052215576,3.0121169090270996,3.212398052215576
1.3570353984832764,2.905111789703369,3.3715133666992188,2.905111789703369,3.3715133666992188
2.6043052673339844,2.8974483013153076,2.7062830924987793,2.8974483013153076,2.7062830924987793
4.152449607849121,2.9706063270568848,3.7820656299591064,2.9706063270568848,3.7820656299591064
5.402795314788818,3.0973730087280273,4.433261871337891,3.0973730087280273,4.433261871337891
0.5411862730979919,2.9694342613220215,3.9436824321746826,2.9694342613220215,3.9436824321746826
1.8961668014526367,2.9159669876098633,3.0016939640045166,2.9159669876098633,3.0016939640045166
3.1927781105041504,2.9292337894439697,3.7062366008758545,2.9292337894439697,3.7062366008758545
0.7863096594810486,2.8303611278533936,3.021746873855591,2.8303611278533936,3.021746873855591
0.2875680923461914,2.725107192993164,1.7854827642440796,2.725107192993164,1.7854827642440796
0.03313732147216797,0.03313732147216797,2.414153575897217,0.03313732147216797,2.414153575897217
0.022467589005827904,0.025738172233104706,4.193865776062012,0.025738172233104706,4.193865776062012
0.0008550802012905478,0.017299259081482887,2.8963253498077393,0.017299259081482887,2.8963253498077393
0.5627017021179199,0.15448366105556488,3.1167690753936768,0.15448366105556488,3.1167690753936768
0.004733428359031677,0.12529844045639038,2.9933369159698486,0.12529844045639038,2.9933369159698486
4.457386016845703,0.8490565419197083,2.906703233718872,0.8490565419197083,2.906703233718872
0.7789672017097473,0.8422940969467163,2.786482572555542,0.8422940969467163,2.786482572555542
10.452742576599121,2.045168399810791,3.0587263107299805,2.045168399810791,3.0587263107299805
2.611516237258911,2.1024575233459473,2.3428914546966553,2.1024575233459473,2.3428914546966553
0.515372633934021,1.9304816722869873,2.730039596557617,1.9304816722869873,2.730039596557617
0.6605678200721741,1.8109127283096313,2.8798327445983887,1.8109127283096313,2.8798327445983887
0.2528334856033325,1.6827106475830078,1.8322054147720337,1.6827106475830078,1.8322054147720337
0.03528614714741707,0.03528614714741707,2.6578354835510254,0.03528614714741707,2.6578354835510254
0.010305407457053661,0.022628717124462128,4.259174823760986,0.022628717124462128,4.259174823760986
0.00096941675292328,0.015254939906299114,3.2213356494903564,0.015254939906299114,3.2213356494903564
0.630859375,0.16977624595165253,3.2565102577209473,0.16977624595165253,3.2565102577209473
0.003956349100917578,0.12339377403259277,3.1429266929626465,0.12339377403259277,3.1429266929626465
3.085780143737793,0.623088538646698,2.8991637229919434,0.623088538646698,2.8991637229919434
0.5826780796051025,0.619636058807373,2.853248357772827,0.619636058807373,2.853248357772827
5.921514511108398,1.269765853881836,3.6653831005096436,1.269765853881836,3.6653831005096436
0.5754135847091675,1.1854630708694458,3.9958548545837402,1.1854630708694458,3.9958548545837402
1.0329068899154663,1.1656583547592163,3.5634098052978516,1.1656583547592163,3.5634098052978516
1.7066385746002197,1.2193297147750854,3.1488614082336426,1.2193297147750854,3.1488614082336426
0.2740277051925659,1.1412910223007202,2.0371880531311035,1.1412910223007202,2.0371880531311035
0.03764185681939125,0.03764185681939125,2.596130847930908,0.03764185681939125,2.596130847930908
0.007504841312766075,0.023299481719732285,4.1666083335876465,0.023299481719732285,4.1666083335876465
0.0009355935617350042,0.015517494641244411,3.203453540802002,0.015517494641244411,3.203453540802002
0.961111307144165,0.25266093015670776,3.2788796424865723,0.25266093015670776,3.2788796424865723
0.003368539037182927,0.21291446685791016,3.215482234954834,0.21291446685791016,3.215482234954834
5.756431579589844,1.1320382356643677,2.5824320316314697,1.1320382356643677,2.5824320316314697
1.2388081550598145,1.1419169902801514,2.6785054206848145,1.1419169902801514,2.6785054206848145
0.02257109060883522,1.0024325847625732,2.68794846534729,1.0024325847625732,2.68794846534729
2.261898994445801,1.1409008502960205,2.8535196781158447,1.1409008502960205,2.8535196781158447
0.14619722962379456,1.0227717161178589,1.6917718648910522,1.0227717161178589,1.6917718648910522
0.034716472029685974,0.034716472029685974,2.6168479919433594,0.034716472029685974,2.6168479919433594
0.013542801141738892,0.024688279256224632,4.213661193847656,0.024688279256224632,4.213661193847656
0.0009299959056079388,0.01605379208922386,3.0231943130493164,0.01605379208922386,3.0231943130493164
0.35749608278274536,0.10106383264064789,3.4210140705108643,0.10106383264064789,3.4210140705108643
0.0037239505909383297,0.08288125693798065,3.1678712368011475,0.08288125693798065,3.1678712368011475
4.3766374588012695,0.8014441132545471,3.4429004192352295,0.8014441132545471,3.4429004192352295
1.5539569854736328,0.9105750918388367,3.162799119949341,0.9105750918388367,3.162799119949341
2.9549009799957275,1.161819338798523,2.889322280883789,1.161819338798523,2.889322280883789
0.05773305520415306,1.0308634042739868,3.0794026851654053,1.0308634042739868,3.0794026851654053
3.3238682746887207,1.2565466165542603,3.5346858501434326,1.2565466165542603,3.5346858501434326
5.259148597717285,1.6179753541946411,3.0740721225738525,1.6179753541946411,3.0740721225738525
3.8447041511535645,1.8016904592514038,3.1407365798950195,1.8016904592514038,3.1407365798950195
0.2940497398376465,1.6907681226730347,2.9816060066223145,1.6907681226730347,2.9816060066223145
5.110684394836426,1.931753396987915,3.2146658897399902,1.931753396987915,3.2146658897399902
2.4164299964904785,1.967163324356079,3.5496935844421387,1.967163324356079,3.5496935844421387
4.172943115234375,2.107273578643799,3.0329880714416504,2.107273578643799,3.0329880714416504
3.876474380493164,2.213563919067383,2.8928825855255127,2.213563919067383,2.8928825855255127
4.669090747833252,2.345932722091675,2.8148350715637207,2.345932722091675,2.8148350715637207
0.08517149090766907,2.2193615436553955,2.8331878185272217,2.2193615436553955,2.8331878185272217
0.27940425276756287,2.119493246078491,2.7552528381347656,2.119493246078491,2.7552528381347656
0.1437353938817978,2.0272529125213623,2.3228399753570557,2.0272529125213623,2.3228399753570557
0.03144143521785736,0.03144143521785736,2.4830803871154785,0.03144143521785736,2.4830803871154785
0.010451583191752434,0.020532604306936264,4.208293437957764,0.020532604306936264,4.208293437957764
0.0007260785205289721,0.013552756048738956,3.0468506813049316,0.013552756048738956,3.0468506813049316
3.286775588989258,0.8315176367759705,2.8929572105407715,0.8315176367759705,2.8929572105407715
0.007579734083265066,0.6590704321861267,3.0135858058929443,0.6590704321861267,3.0135858058929443
5.057445526123047,1.3983489274978638,3.9393680095672607,1.3983489274978638,3.9393680095672607
2.2999379634857178,1.5260881185531616,3.587031841278076,1.5260881185531616,3.587031841278076
0.30208706855773926,1.381149172782898,3.0858020782470703,1.381149172782898,3.0858020782470703
2.5639166831970215,1.5030250549316406,3.0065455436706543,1.5030250549316406,3.0065455436706543
2.921593189239502,1.6367822885513306,3.5848312377929688,1.6367822885513306,3.5848312377929688
3.006913185119629,1.7271666526794434,3.2606654167175293,1.7271666526794434,3.2606654167175293
4.4053544998168945,1.9489246606826782,3.0233283042907715,1.9489246606826782,3.0233283042907715
3.478100538253784,2.0463383197784424,3.582366466522217,2.0463383197784424,3.582366466522217
4.2483415603637695,2.21992826461792,4.477182865142822,2.21992826461792,4.477182865142822
0.11513955891132355,2.087312936782837,3.7588088512420654,2.087312936782837,3.7588088512420654
0.1552690863609314,1.967587947845459,2.9932057857513428,1.967587947845459,2.9932057857513428
0.13809970021247864,1.8354511260986328,1.6675522327423096,1.8354511260986328,1.6675522327423096
0.031489256769418716,0.031489256769418716,2.686248302459717,0.031489256769418716,2.686248302459717
0.011032887734472752,0.020291432738304138,4.3863067626953125,0.020291432738304138,4.3863067626953125
0.0009416675311513245,0.014883779920637608,3.3409836292266846,0.014883779920637608,3.3409836292266846
0.5300008058547974,0.14368155598640442,3.454683780670166,0.14368155598640442,3.454683780670166
0.0026358168106526136,0.11342675983905792,3.696741819381714,0.11342675983905792,3.696741819381714
4.13714599609375,0.7796893119812012,4.870748519897461,0.7796893119812012,4.870748519897461
0.7800737619400024,0.7790941596031189,4.104128837585449,0.7790941596031189,4.104128837585449
0.6351022720336914,0.7628226280212402,4.129541397094727,0.7628226280212402,4.129541397094727
0.23211076855659485,0.7091014981269836,3.999537229537964,0.7091014981269836,3.999537229537964
0.39024341106414795,0.6748448610305786,4.201742172241211,0.6748448610305786,4.201742172241211
2.3953375816345215,0.8346536755561829,4.427866458892822,0.8346536755561829,4.427866458892822
0.06756678223609924,0.7675842642784119,4.142322540283203,0.7675842642784119,4.142322540283203
0.40645286440849304,0.7417059540748596,4.11513614654541,0.7417059540748596,4.11513614654541
3.721590518951416,0.9486632943153381,5.332950115203857,0.9486632943153381,5.332950115203857
0.021817084401845932,0.8912855982780457,4.27770471572876,0.8912855982780457,4.27770471572876
0.09152671694755554,0.8480879068374634,3.524362564086914,0.8480879068374634,3.524362564086914
9.571954727172852,1.350098967552185,3.7845797538757324,1.350098967552185,3.7845797538757324
12.108448028564453,1.9539566040039062,3.288494110107422,1.9539566040039062,3.288494110107422
2.8164379596710205,2.005544662475586,3.1616148948669434,2.005544662475586,3.1616148948669434
3.1479785442352295,2.051905393600464,4.110804557800293,2.051905393600464,4.110804557800293
0.7451063990592957,1.9996393918991089,3.841846466064453,1.9996393918991089,3.841846466064453
0.20516230165958405,1.9217257499694824,3.6567816734313965,1.9217257499694824,3.6567816734313965
0.2430146038532257,1.8454103469848633,3.6990809440612793,1.8454103469848633,3.6990809440612793
0.3806975781917572,1.7833566665649414,3.8385443687438965,1.7833566665649414,3.8385443687438965
0.4605686366558075,1.7269405126571655,4.312559127807617,1.7269405126571655,4.312559127807617
0.027967164292931557,1.6614538431167603,3.980746030807495,1.6614538431167603,3.980746030807495
0.13702289760112762,1.6011321544647217,3.9687037467956543,1.6011321544647217,3.9687037467956543
1.3026008605957031,1.5911003351211548,5.035563945770264,1.5911003351211548,5.035563945770264
0.009123540483415127,1.5388059616088867,3.855316162109375,1.5388059616088867,3.855316162109375
0.10060638189315796,1.4898935556411743,3.121127128601074,1.4898935556411743,3.121127128601074
0.16512052714824677,1.448387861251831,1.7736539840698242,1.448387861251831,1.7736539840698242
0.0430145263671875,0.0430145263671875,2.4335179328918457,0.0430145263671875,2.4335179328918457
0.01077311672270298,0.02634752169251442,4.2939863204956055,0.02634752169251442,4.2939863204956055
0.0008046964649111032,0.018216697499155998,2.971900463104248,0.018216697499155998,2.971900463104248
1.1064468622207642,0.29108598828315735,3.048055410385132,0.29108598828315735,3.048055410385132
0.005039133597165346,0.23753269016742706,3.2852234840393066,0.23753269016742706,3.2852234840393066
2.5527384281158447,0.6159572601318359,2.9414925575256348,0.6159572601318359,2.9414925575256348
1.738423228263855,0.7837629318237305,3.8399624824523926,0.7837629318237305,3.8399624824523926
0.000704278820194304,0.6827264428138733,3.3902134895324707,0.6827264428138733,3.3902134895324707
0.4704902768135071,0.6435788869857788,2.9602370262145996,0.6435788869857788,2.9602370262145996
0.5525853633880615,0.634677529335022,3.259320020675659,0.634677529335022,3.259320020675659
6.91290283203125,1.201019287109375,1.9453556537628174,1.201019287109375,1.9453556537628174
0.8290925025939941,1.1706762313842773,1.881985068321228,1.1706762313842773,1.881985068321228
0.06437986344099045,0.06437986344099045,2.7715518474578857,0.06437986344099045,2.7715518474578857
0.010318857617676258,0.03670975938439369,4.343678951263428,0.03670975938439369,4.343678951263428
0.00086758635006845,0.02066796086728573,3.2940475940704346,0.02066796086728573,3.2940475940704346
0.757060706615448,0.20693282783031464,3.4101829528808594,0.20693282783031464,3.4101829528808594
0.0026007420383393764,0.16434934735298157,3.751638889312744,0.16434934735298157,3.751638889312744
6.894918441772461,1.2676972150802612,3.3583126068115234,1.2676972150802612,3.3583126068115234
2.5557737350463867,1.4579432010650635,2.6460087299346924,1.4579432010650635,2.6460087299346924
5.545753479003906,1.971099853515625,3.218794345855713,1.971099853515625,3.218794345855713
3.0708980560302734,2.093427896499634,3.8080437183380127,2.093427896499634,3.8080437183380127
0.7628095149993896,1.9658706188201904,4.115952491760254,1.9658706188201904,4.115952491760254
0.4831351935863495,1.831730604171753,3.834609270095825,1.831730604171753,3.834609270095825
0.22597737610340118,1.6927014589309692,3.8834431171417236,1.6927014589309692,3.8834431171417236
0.23673570156097412,1.5869187116622925,4.13785457611084,1.5869187116622925,4.13785457611084
0.9658239483833313,1.5432957410812378,5.186914443969727,1.5432957410812378,5.186914443969727
0.011540206149220467,1.4396233558654785,4.120699882507324,1.4396233558654785,4.120699882507324
4.180643558502197,1.6084508895874023,3.5148513317108154,1.6084508895874023,3.5148513317108154
0.8984023332595825,1.560081958770752,3.924839496612549,1.560081958770752,3.924839496612549
4.942404270172119,1.7455315589904785,3.7388644218444824,1.7455315589904785,3.7388644218444824
5.779896259307861,1.9608395099639893,3.4829840660095215,1.9608395099639893,3.4829840660095215
6.683035850524902,2.1996631622314453,4.026056289672852,2.1996631622314453,4.026056289672852
0.1470460742712021,2.101240873336792,3.341590166091919,2.101240873336792,3.341590166091919
0.3301292061805725,2.0228843688964844,2.9779860973358154,2.0228843688964844,2.9779860973358154
9.093921661376953,2.329725742340088,3.315990447998047,2.329725742340088,3.315990447998047
2.5376787185668945,2.340041399002075,3.2015929222106934,2.340041399002075,3.2015929222106934
5.427004337310791,2.460639715194702,3.5474743843078613,2.460639715194702,3.5474743843078613
5.766900062561035,2.5878541469573975,3.3630917072296143,2.5878541469573975,3.3630917072296143
8.75723648071289,2.816537857055664,3.2482147216796875,2.816537857055664,3.2482147216796875
9.133455276489258,3.050795793533325,3.664017915725708,3.050795793533325,3.664017915725708
0.5996879935264587,2.9626028537750244,3.0346341133117676,2.9626028537750244,3.0346341133117676
5.805798053741455,3.0639610290527344,2.9914870262145996,3.0639610290527344,2.9914870262145996
4.1197357177734375,3.0940191745758057,2.978458881378174,3.0940191745758057,2.978458881378174
7.999520301818848,3.2527408599853516,3.6751627922058105,3.2527408599853516,3.6751627922058105
2.7822372913360596,3.2405459880828857,3.23858642578125,3.2405459880828857,3.23858642578125
1.455460548400879,3.1809258460998535,3.2565150260925293,3.1809258460998535,3.2565150260925293
8.318483352661133,3.3270034790039062,3.231661558151245,3.3270034790039062,3.231661558151245
1.8134301900863647,3.2875161170959473,3.274827241897583,3.2875161170959473,3.274827241897583
1.9994906187057495,3.2488889694213867,3.374180555343628,3.2488889694213867,3.374180555343628
0.9460021257400513,3.1911628246307373,2.745260715484619,3.1911628246307373,2.745260715484619
0.9042386412620544,3.1268253326416016,3.2036945819854736,3.1268253326416016,3.2036945819854736
6.738827705383301,3.221768617630005,3.19915771484375,3.221768617630005,3.19915771484375
1.174347996711731,3.167165517807007,2.7318429946899414,3.167165517807007,2.7318429946899414
0.8140528798103333,3.106326103210449,1.833523154258728,3.106326103210449,1.833523154258728
0.049497175961732864,0.049497175961732864,2.4459919929504395,0.049497175961732864,2.4459919929504395
0.017725158482789993,0.034877561032772064,4.053196907043457,0.034877561032772064,4.053196907043457
0.0009945451747626066,0.023969626054167747,2.7952933311462402,0.023969626054167747,2.7952933311462402
0.8104722499847412,0.21899348497390747,2.9184436798095703,0.21899348497390747,2.9184436798095703
0.005278222728520632,0.1795402318239212,3.2799930572509766,0.1795402318239212,3.2799930572509766
3.9113192558288574,0.7972402572631836,2.9983184337615967,0.7972402572631836,2.9983184337615967
1.0546350479125977,0.8313636779785156,2.9298605918884277,0.8313636779785156,2.9298605918884277
0.6444833874702454,0.8091391921043396,1.8414976596832275,0.8091391921043396,1.8414976596832275
0.03720952197909355,0.03720952197909355,2.804497480392456,0.03720952197909355,2.804497480392456
0.005616597831249237,0.02187628485262394,4.18039083480835,0.02187628485262394,4.18039083480835
0.0010190776083618402,0.014631240628659725,3.219050168991089,0.014631240628659725,3.219050168991089
0.4365829527378082,0.1207890585064888,3.21601939201355,0.1207890585064888,3.21601939201355
0.00412351917475462,0.09388107061386108,3.5533134937286377,0.09388107061386108,3.5533134937286377
5.605392932891846,1.0101670026779175,3.494025707244873,1.0101670026779175,3.494025707244873
2.556514263153076,1.2364610433578491,3.3903002738952637,1.2364610433578491,3.3903002738952637
2.185117721557617,1.3614246845245361,2.707688808441162,1.3614246845245361,2.707688808441162
0.5247253179550171,1.2804372310638428,3.688830852508545,1.2804372310638428,3.688830852508545
0.05969059467315674,1.160457730293274,2.9275708198547363,1.160457730293274,2.9275708198547363
7.482059001922607,1.7311828136444092,2.151963472366333,1.7311828136444092,2.151963472366333
8.262842178344727,2.293271541595459,3.7670111656188965,2.293271541595459,3.7670111656188965
3.8692898750305176,2.4235143661499023,4.276457786560059,2.4235143661499023,4.276457786560059
0.029649391770362854,2.245072603225708,3.503070831298828,2.245072603225708,3.503070831298828
7.567474365234375,2.5873959064483643,3.5021839141845703,2.5873959064483643,3.5021839141845703
6.255654335021973,2.8209547996520996,3.974108934402466,2.8209547996520996,3.974108934402466
3.938688278198242,2.8776159286499023,3.240463972091675,2.8776159286499023,3.240463972091675
3.550150156021118,2.918428897857666,3.7500743865966797,2.918428897857666,3.7500743865966797
3.5567054748535156,2.940964937210083,3.9112861156463623,2.940964937210083,3.9112861156463623
0.2759617269039154,2.807560682296753,3.3756699562072754,2.807560682296753,3.3756699562072754
6.582657814025879,2.9779858589172363,3.857423782348633,2.9779858589172363,3.857423782348633
0.8260915279388428,2.884523391723633,3.029376983642578,2.884523391723633,3.029376983642578
0.507783055305481,2.780907392501831,2.0450186729431152,2.780907392501831,2.0450186729431152
0.03562682867050171,0.03562682867050171,2.4853901863098145,0.03562682867050171,2.4853901863098145
0.007955886423587799,0.0218153428286314,4.0339674949646,0.0218153428286314,4.0339674949646
0.0009448830969631672,0.014481586404144764,2.9152755737304688,0.014481586404144764,2.9152755737304688
1.0439119338989258,0.2721503973007202,3.1810784339904785,0.2721503973007202,3.1810784339904785
0.004192136228084564,0.2223089039325714,3.4352867603302,0.2223089039325714,3.4352867603302
4.206057548522949,0.879364013671875,3.051419973373413,0.879364013671875,3.051419973373413
0.7299898862838745,0.8532925844192505,2.80932879447937,0.8532925844192505,2.80932879447937
8.740283966064453,1.842681646347046,2.6669602394104004,1.842681646347046,2.6669602394104004
1.9299910068511963,1.8518941402435303,2.6383957862854004,1.8518941402435303,2.6383957862854004
0.10496104508638382,1.670851707458496,2.6322851181030273,1.670851707458496,2.6322851181030273
0.40041282773017883,1.553662896156311,2.6854729652404785,1.553662896156311,2.6854729652404785
0.20274952054023743,1.4439407587051392,1.9117342233657837,1.4439407587051392,1.9117342233657837
0.025695420801639557,0.025695420801639557,3.0613954067230225,0.025695420801639557,3.0613954067230225
0.005874866619706154,0.015601014718413353,4.257135391235352,0.015601014718413353,4.257135391235352
0.0008784249657765031,0.011004123836755753,3.3614132404327393,0.011004123836755753,3.3614132404327393
0.061114128679037094,0.023582903668284416,3.2928013801574707,0.023582903668284416,3.2928013801574707
0.0035691861994564533,0.019579805433750153,3.2188732624053955,0.019579805433750153,3.2188732624053955
2.918309450149536,0.5017055869102478,3.3836886882781982,0.5017055869102478,3.3836886882781982
4.786151885986328,1.1099010705947876,3.040595531463623,1.1099010705947876,3.040595531463623
1.1305781602859497,1.120322823524475,3.7691597938537598,1.120322823524475,3.7691597938537598
0.013513869605958462,0.9943521022796631,3.2021217346191406,0.9943521022796631,3.2021217346191406
0.2858956754207611,0.9262276887893677,3.3138747215270996,0.9262276887893677,3.3138747215270996
5.402646064758301,1.3343889713287354,4.251328468322754,1.3343889713287354,4.251328468322754
1.265612244606018,1.3279626369476318,4.185114860534668,1.3279626369476318,4.185114860534668
0.036133091896772385,1.226989507675171,3.6371688842773438,1.226989507675171,3.6371688842773438
4.52692985534668,1.4665666818618774,4.436467170715332,1.4665666818618774,4.436467170715332
1.4540544748306274,1.4631965160369873,4.045830726623535,1.4631965160369873,4.045830726623535
1.6185202598571777,1.478453516960144,3.464519500732422,1.478453516960144,3.464519500732422
0.0422491617500782,1.3940292596817017,4.1542768478393555,1.3940292596817017,4.1542768478393555
4.158028602600098,1.5493940114974976,3.7107315063476562,1.5493940114974976,3.7107315063476562
0.10507610440254211,1.4769201278686523,1.8956981897354126,1.4769201278686523,1.8956981897354126
0.04624340683221817,0.04624340683221817,2.6727216243743896,0.04624340683221817,2.6727216243743896
0.004488987382501364,0.02534792758524418,4.081755638122559,0.02534792758524418,4.081755638122559
0.0008229206432588398,0.016358302906155586,3.081364870071411,0.016358302906155586,3.081364870071411
0.7535382509231567,0.20245294272899628,3.390704393386841,0.20245294272899628,3.390704393386841
0.0043707797303795815,0.15936331450939178,3.4924302101135254,0.15936331450939178,3.4924302101135254
5.025214195251465,0.9749495387077332,3.320803165435791,0.9749495387077332,3.320803165435791
2.325993776321411,1.1869248151779175,3.1312153339385986,1.1869248151779175,3.1312153339385986
3.1655359268188477,1.4407581090927124,2.2700693607330322,1.4407581090927124,2.2700693607330322
0.2961992919445038,1.296635389328003,1.7840982675552368,1.296635389328003,1.7840982675552368
0.042070984840393066,0.042070984840393066,3.059755802154541,0.042070984840393066,3.059755802154541
0.005992541089653969,0.024843934923410416,4.298971652984619,0.024843934923410416,4.298971652984619
0.0007487116381525993,0.017904039472341537,3.3899569511413574,0.017904039472341537,3.3899569511413574
0.061836063861846924,0.029393985867500305,3.2237179279327393,0.029393985867500305,3.2237179279327393
0.0022879871539771557,0.03135810047388077,3.915414810180664,0.03135810047388077,3.915414810180664
3.08501935005188,0.5395746827125549,4.493957996368408,0.5395746827125549,4.493957996368408
4.567336559295654,1.1332736015319824,3.4227638244628906,1.1332736015319824,3.4227638244628906
0.5773014426231384,1.0541338920593262,1.9280517101287842,1.0541338920593262,1.9280517101287842
0.03249199315905571,0.03249199315905571,2.8287625312805176,0.03249199315905571,2.8287625312805176
0.0036440177354961634,0.017574492841959,4.121127128601074,0.017574492841959,4.121127128601074
0.0009064141195267439,0.011608723551034927,3.1244170665740967,0.011608723551034927,3.1244170665740967
0.8813108801841736,0.22851835191249847,3.389069080352783,0.22851835191249847,3.389069080352783
0.004781716503202915,0.1979435384273529,3.866338014602661,0.1979435384273529,3.866338014602661
5.127713680267334,1.0230296850204468,2.4264466762542725,1.0230296850204468,2.4264466762542725
0.3980944752693176,0.951113224029541,1.8005281686782837,0.951113224029541,1.8005281686782837
0.04603315517306328,0.04603315517306328,2.872535228729248,0.04603315517306328,2.872535228729248
0.007001390215009451,0.02670132741332054,4.422667026519775,0.02670132741332054,4.422667026519775
0.0007233387441374362,0.018671691417694092,3.4039721488952637,0.018671691417694092,3.4039721488952637
0.22889916598796844,0.07157783210277557,3.467482805252075,0.07157783210277557,3.467482805252075
0.002545333234593272,0.061704378575086594,3.5975921154022217,0.061704378575086594,3.5975921154022217
2.510157585144043,0.4668288230895996,4.321547508239746,0.4668288230895996,4.321547508239746
1.8297975063323975,0.6593392491340637,3.3757827281951904,0.6593392491340637,3.3757827281951904
0.2603379189968109,0.614927351474762,2.017817258834839,0.614927351474762,2.017817258834839
0.02118833176791668,0.02118833176791668,2.952821731567383,0.02118833176791668,2.952821731567383
0.0016822961624711752,0.01170250866562128,4.234193801879883,0.01170250866562128,4.234193801879883
0.0007163104019127786,0.007893952541053295,3.266340732574463,0.007893952541053295,3.266340732574463
0.3309379518032074,0.08849664777517319,3.5109877586364746,0.08849664777517319,3.5109877586364746
0.00397095363587141,0.07564470171928406,3.701099395751953,0.07564470171928406,3.701099395751953
4.2336106300354,0.7666842341423035,1.165247917175293,0.7666842341423035,1.165247917175293
2.6940643787384033,1.0418277978897095,1.3176538944244385,1.0418277978897095,1.3176538944244385
0.13723833858966827,0.13723833858966827,2.70318865776062,0.13723833858966827,2.70318865776062
0.006818006280809641,0.07774471491575241,4.293847560882568,0.07774471491575241,4.293847560882568
0.0006833125371485949,0.04940704628825188,3.232750654220581,0.04940704628825188,3.232750654220581
0.14440391957759857,0.07513470947742462,3.413867473602295,0.07513470947742462,3.413867473602295
0.002175347413867712,0.06094586104154587,3.5825390815734863,0.06094586104154587,3.5825390815734863
12.63589096069336,2.154303789138794,3.5893874168395996,2.154303789138794,3.5893874168395996
2.8653690814971924,2.2604336738586426,3.3701565265655518,2.2604336738586426,3.3701565265655518
0.16097232699394226,1.9988077878952026,2.045647621154785,1.9988077878952026,2.045647621154785
0.026033347472548485,0.026033347472548485,2.680223226547241,0.026033347472548485,2.680223226547241
0.0031055815052241087,0.013860819861292839,4.4346137046813965,0.013860819861292839,4.4346137046813965
0.0007071378640830517,0.011919480748474598,3.229992389678955,0.011919480748474598,3.229992389678955
0.7902804613113403,0.20588937401771545,3.4233055114746094,0.20588937401771545,3.4233055114746094
0.0037891510874032974,0.15004876255989075,3.7395732402801514,0.15004876255989075,3.7395732402801514
4.20488166809082,0.8278774619102478,3.582240581512451,0.8278774619102478,3.582240581512451
0.6162735223770142,0.8066858053207397,3.4830422401428223,0.8066858053207397,3.4830422401428223
0.29923373460769653,0.742566704750061,1.774674654006958,0.742566704750061,1.774674654006958
0.04233623668551445,0.04233623668551445,2.881263256072998,0.04233623668551445,2.881263256072998
0.00432888139039278,0.024421600624918938,4.430424690246582,0.024421600624918938,4.430424690246582
0.000747758662328124,0.01487612072378397,3.6677277088165283,0.01487612072378397,3.6677277088165283
0.13682496547698975,0.0456673763692379,3.6172873973846436,0.0456673763692379,3.6172873973846436
0.004137527663260698,0.03759177401661873,3.8158340454101562,0.03759177401661873,3.8158340454101562
3.974498987197876,0.6929264664649963,3.50813364982605,0.6929264664649963,3.50813364982605
3.423307418823242,1.0819863080978394,4.6713480949401855,1.0819863080978394,4.6713480949401855
1.7060610055923462,1.1641697883605957,3.691049575805664,1.1641697883605957,3.691049575805664
1.017440915107727,1.1459935903549194,4.015048503875732,1.1459935903549194,4.015048503875732
0.010177147574722767,1.028362512588501,3.826791286468506,1.028362512588501,3.826791286468506
4.15255880355835,1.3102474212646484,4.306649208068848,1.3102474212646484,4.306649208068848
1.6727218627929688,1.348215103149414,4.232439994812012,1.348215103149414,4.232439994812012
4.866874694824219,1.6190844774246216,3.1417946815490723,1.6190844774246216,3.1417946815490723
4.1818718910217285,1.8040848970413208,3.2855803966522217,1.8040848970413208,3.2855803966522217
0.5477463603019714,1.7145148515701294,3.0404229164123535,1.7145148515701294,3.0404229164123535
0.1149367243051529,1.6120564937591553,1.7226024866104126,1.6120564937591553,1.7226024866104126
0.035309966653585434,0.035309966653585434,2.6668362617492676,0.035309966653585434,2.6668362617492676
0.003244138788431883,0.018275948241353035,4.309577465057373,0.018275948241353035,4.309577465057373
0.0008251837571151555,0.013368343003094196,3.29622220993042,0.013368343003094196,3.29622220993042
0.6438413262367249,0.16973945498466492,3.302731990814209,0.16973945498466492,3.302731990814209
0.0047564455308020115,0.13907833397388458,3.6780612468719482,0.13907833397388458,3.6780612468719482
2.8670921325683594,0.5914179682731628,3.3880183696746826,0.5914179682731628,3.3880183696746826
0.4365610182285309,0.572364330291748,3.121690273284912,0.572364330291748,3.121690273284912
0.17997130751609802,0.5168881416320801,1.8054147958755493,0.5168881416320801,1.8054147958755493
0.04290786758065224,0.04290786758065224,2.8903822898864746,0.04290786758065224,2.8903822898864746
0.0027178514283150434,0.024736380204558372,4.376513957977295,0.024736380204558372,4.376513957977295
0.000834117061458528,0.023651139810681343,3.588526487350464,0.023651139810681343,3.588526487350464
0.08930966258049011,0.03706306219100952,3.4180450439453125,0.03706306219100952,3.4180450439453125
0.003005988895893097,0.026758629828691483,3.506197452545166,0.026758629828691483,3.506197452545166
4.182384967803955,0.717245876789093,4.407204627990723,0.717245876789093,4.407204627990723
2.5075860023498535,0.9746825098991394,4.942132949829102,0.9746825098991394,4.942132949829102
0.0007893307483755052,0.8507140278816223,4.082623481750488,0.8507140278816223,4.082623481750488
3.4007556438446045,1.1281285285949707,3.3402531147003174,1.1281285285949707,3.3402531147003174
1.4747376441955566,1.1643884181976318,3.321842908859253,1.1643884181976318,3.321842908859253
0.9882611036300659,1.1442152261734009,3.568363666534424,1.1442152261734009,3.568363666534424
6.480663299560547,1.5888444185256958,3.158595085144043,1.5888444185256958,3.158595085144043
2.564486026763916,1.6640657186508179,3.0667014122009277,1.6640657186508179,3.0667014122009277
4.623440265655518,1.874684453010559,3.2602686882019043,1.874684453010559,3.2602686882019043
9.916141510009766,2.409642457962036,3.3658599853515625,2.409642457962036,3.3658599853515625
0.06518589705228806,2.263134002685547,2.9057819843292236,2.263134002685547,2.9057819843292236
0.1297103315591812,2.132023572921753,2.1003174781799316,2.132023572921753,2.1003174781799316
0.028952937573194504,0.028952937573194504,2.573312520980835,0.028952937573194504,2.573312520980835
0.004266090225428343,0.01694634184241295,4.141757488250732,0.01694634184241295,4.141757488250732
0.0007433511782437563,0.0060721877962350845,2.9785590171813965,0.0060721877962350845,2.9785590171813965
0.5167949199676514,0.132948637008667,3.131977081298828,0.132948637008667,3.131977081298828
0.00308728008531034,0.11312506347894669,3.108539581298828,0.11312506347894669,3.108539581298828
3.7076077461242676,0.7124844193458557,2.8520188331604004,0.7124844193458557,2.8520188331604004
0.47095656394958496,0.683256983757019,2.6742920875549316,0.683256983757019,2.6742920875549316
0.35801148414611816,0.6383293867111206,1.7172448635101318,0.6383293867111206,1.7172448635101318
0.03459084406495094,0.03459084406495094,2.844967842102051,0.03459084406495094,2.844967842102051
0.004754784516990185,0.021093090996146202,4.356119155883789,0.021093090996146202,4.356119155883789
0.0006671110168099403,0.013324014842510223,3.252192974090576,0.013324014842510223,3.252192974090576
0.05783173441886902,0.024538815021514893,3.3647894859313965,0.024538815021514893,3.3647894859313965
0.0027330685406923294,0.021839076653122902,3.280445098876953,0.021839076653122902,3.280445098876953
5.779401779174805,0.9805088639259338,3.507279872894287,0.9805088639259338,3.507279872894287
0.23893558979034424,0.87256920337677,2.6403908729553223,0.87256920337677,2.6403908729553223
0.660220205783844,0.8475250005722046,2.995419502258301,0.8475250005722046,2.995419502258301
7.373568534851074,1.5711041688919067,2.4492008686065674,1.5711041688919067,2.4492008686065674
7.019621849060059,2.114178419113159,3.7751126289367676,2.114178419113159,3.7751126289367676
3.2710511684417725,2.221402883529663,3.679892063140869,2.221402883529663,3.679892063140869
6.040038108825684,2.5355606079101562,3.358201265335083,2.5355606079101562,3.358201265335083
3.8256614208221436,2.6322543621063232,2.5559186935424805,2.6322543621063232,2.5559186935424805
10.870012283325195,3.230665445327759,2.9955461025238037,3.230665445327759,2.9955461025238037
5.474978446960449,3.376201868057251,2.4508779048919678,3.376201868057251,2.4508779048919678
4.001193523406982,3.4132072925567627,2.695155382156372,3.4132072925567627,2.695155382156372
5.673842430114746,3.5550737380981445,2.5693347454071045,3.5550737380981445,2.5693347454071045
0.36381796002388,3.3704845905303955,3.118591785430908,3.3704845905303955,3.118591785430908
0.937515914440155,3.239840507507324,2.482243537902832,3.239840507507324,2.482243537902832
1.4245496988296509,3.1636557579040527,2.5739800930023193,3.1636557579040527,2.5739800930023193
9.441327095031738,3.466097116470337,3.1397128105163574,3.466097116470337,3.1397128105163574
5.152860164642334,3.5447707176208496,2.9311764240264893,3.5447707176208496,2.9311764240264893
3.536609172821045,3.5464491844177246,2.236682415008545,3.5464491844177246,2.236682415008545
1.1035473346710205,3.4352903366088867,3.0768179893493652,3.4352903366088867,3.0768179893493652
0.7717883586883545,3.3410234451293945,2.4692840576171875,3.3410234451293945,2.4692840576171875
0.41668131947517395,3.2211380004882812,3.161853551864624,3.2211380004882812,3.161853551864624
0.2139623761177063,3.114880084991455,2.5064857006073,3.114880084991455,2.5064857006073
8.948266983032227,3.32460618019104,3.2540576457977295,3.32460618019104,3.2540576457977295
0.3305831849575043,3.211366891860962,3.5039165019989014,3.211366891860962,3.5039165019989014
2.3981881141662598,3.179522752761841,3.4358837604522705,3.179522752761841,3.4358837604522705
2.7852487564086914,3.168247938156128,3.5931613445281982,3.168247938156128,3.5931613445281982
4.37606954574585,3.208695888519287,3.32106351852417,3.208695888519287,3.32106351852417
4.099905014038086,3.231977939605713,3.3977952003479004,3.231977939605713,3.3977952003479004
5.46697473526001,3.29683256149292,3.573312759399414,3.29683256149292,3.573312759399414
0.9448126554489136,3.2386176586151123,3.209726333618164,3.2386176586151123,3.209726333618164
1.2778962850570679,3.1849851608276367,1.6596994400024414,3.1849851608276367,1.6596994400024414
0.1312965452671051,0.1312965452671051,2.9276554584503174,0.1312965452671051,2.9276554584503174
0.008766970597207546,0.06244498863816261,4.282424449920654,0.06244498863816261,4.282424449920654
0.001179118873551488,0.04242290183901787,3.0852208137512207,0.04242290183901787,3.0852208137512207
0.5722929239273071,0.17402803897857666,3.21126127243042,0.17402803897857666,3.21126127243042
0.0027123827021569014,0.14508654177188873,3.5481064319610596,0.14508654177188873,3.5481064319610596
4.485297679901123,0.8658043742179871,1.1673977375030518,0.8658043742179871,1.1673977375030518
1.5677497386932373,0.9671817421913147,1.321419596672058,0.9671817421913147,1.321419596672058
0.19551724195480347,0.19551724195480347,2.3615174293518066,0.19551724195480347,2.3615174293518066
0.01740749180316925,0.12074027210474014,4.292276859283447,0.12074027210474014,4.292276859283447
0.000653530121780932,0.0779053196310997,3.177089214324951,0.0779053196310997,3.177089214324951
0.25076591968536377,0.12050516158342361,3.503249406814575,0.12050516158342361,3.503249406814575
0.0019858418963849545,0.09550367295742035,3.4404616355895996,0.09550367295742035,3.4404616355895996
5.412786483764648,0.9814245104789734,2.3329358100891113,0.9814245104789734,2.3329358100891113
10.782553672790527,2.3851776123046875,3.254810333251953,2.3851776123046875,3.254810333251953
1.701390027999878,2.302598237991333,2.8898253440856934,2.302598237991333,2.8898253440856934
1.9557886123657227,2.270878791809082,3.0292670726776123,2.270878791809082,3.0292670726776123
8.189666748046875,2.853074073791504,2.7483227252960205,2.853074073791504,2.7483227252960205
2.2816267013549805,2.798370361328125,2.6966195106506348,2.798370361328125,2.6966195106506348
5.565898895263672,3.0312414169311523,3.375255584716797,3.0312414169311523,3.375255584716797
0.6027257442474365,2.843871593475342,2.9780197143554688,2.843871593475342,2.9780197143554688
0.9091686010360718,2.702176332473755,2.849165439605713,2.702176332473755,2.849165439605713
3.638105869293213,2.7621233463287354,2.9815378189086914,2.7621233463287354,2.9815378189086914
4.437222480773926,2.8702614307403564,4.1114091873168945,2.8702614307403564,4.1114091873168945
6.91504430770874,3.1060519218444824,3.770825147628784,3.1060519218444824,3.770825147628784
2.793605327606201,3.0975723266601562,3.161165952682495,3.0975723266601562,3.161165952682495
4.408480644226074,3.1616508960723877,3.2143235206604004,3.1616508960723877,3.2143235206604004
1.1105852127075195,3.0565409660339355,2.804608106613159,3.0565409660339355,2.804608106613159
7.533854961395264,3.285947799682617,3.347482681274414,3.285947799682617,3.347482681274414
2.502297878265381,3.244046688079834,3.3899998664855957,3.244046688079834,3.3899998664855957
1.6381298303604126,3.1681740283966064,3.259537935256958,3.1681740283966064,3.259537935256958
2.653980016708374,3.143625020980835,2.9373064041137695,3.143625020980835,2.9373064041137695
1.9028396606445312,3.1036882400512695,3.162142276763916,3.1036882400512695,3.162142276763916
4.5012922286987305,3.1567087173461914,3.2209343910217285,3.1567087173461914,3.2209343910217285
2.539581298828125,3.12821626663208,3.654411792755127,3.12821626663208,3.654411792755127
3.7151410579681396,3.153467893600464,3.3457770347595215,3.153467893600464,3.3457770347595215
0.4309297502040863,3.0513484477996826,2.7635693550109863,3.0513484477996826,2.7635693550109863
1.0085256099700928,2.9811460971832275,1.5857646465301514,2.9811460971832275,1.5857646465301514
0.02552531100809574,0.02552531100809574,2.4298999309539795,0.02552531100809574,2.4298999309539795
0.016747357323765755,0.02127198502421379,4.245842456817627,0.02127198502421379,4.245842456817627
0.0005880056996829808,0.013850696384906769,2.996629476547241,0.013850696384906769,2.996629476547241
0.32300296425819397,0.09162747859954834,3.1223206520080566,0.09162747859954834,3.1223206520080566
0.0029986200388520956,0.07463736087083817,2.8181450366973877,0.07463736087083817,2.8181450366973877
6.125465393066406,1.082152247428894,2.391624927520752,1.082152247428894,2.391624927520752
1.4369783401489258,1.1314188241958618,2.2163138389587402,1.1314188241958618,2.2163138389587402
3.5219945907592773,1.4294500350952148,2.2326016426086426,1.4294500350952148,2.2326016426086426
0.05485985055565834,1.2765065431594849,2.180661678314209,1.2765065431594849,2.180661678314209
4.290064811706543,1.5758039951324463,2.058351993560791,1.5758039951324463,2.058351993560791
0.07964520156383514,1.4460728168487549,2.40751051902771,1.4460728168487549,2.40751051902771
1.4157212972640991,1.4425452947616577,2.1596603393554688,1.4425452947616577,2.1596603393554688
0.07469265162944794,1.3390542268753052,2.305978775024414,1.3390542268753052,2.305978775024414
2.355897903442383,1.4252756834030151,1.4496395587921143,1.4252756834030151,1.4496395587921143
0.04821116104722023,0.04821116104722023,2.9156532287597656,0.04821116104722023,2.9156532287597656
0.009794038720428944,0.0293427687138319,4.414155006408691,0.0293427687138319,4.414155006408691
0.0009999042376875877,0.01936543919146061,3.654041290283203,0.01936543919146061,3.654041290283203
0.13274171948432922,0.04810149222612381,3.694822311401367,0.04810149222612381,3.694822311401367
0.0012760362587869167,0.035428810864686966,3.158604860305786,0.035428810864686966,3.158604860305786
3.312072515487671,0.5825022459030151,2.8321261405944824,0.5825022459030151,2.8321261405944824
3.797807216644287,1.0390743017196655,2.657212495803833,1.0390743017196655,2.657212495803833
0.6718635559082031,0.9948368072509766,2.2940001487731934,0.9948368072509766,2.2940001487731934
0.4632747769355774,0.9411404728889465,2.679327964782715,0.9411404728889465,2.679327964782715
0.7681264281272888,0.9245060682296753,2.2155497074127197,0.9245060682296753,2.2155497074127197
0.5127884745597839,0.8825260400772095,2.5700459480285645,0.8825260400772095,2.5700459480285645
0.4033797085285187,0.8489630818367004,2.1853504180908203,0.8489630818367004,2.1853504180908203
5.945549964904785,1.2540779113769531,3.4996299743652344,1.2540779113769531,3.4996299743652344
2.24682879447937,1.327457308769226,2.94093656539917,1.327457308769226,2.94093656539917
5.205386161804199,1.5764521360397339,2.878643751144409,1.5764521360397339,2.878643751144409
2.8022186756134033,1.654584288597107,3.077263593673706,1.654584288597107,3.077263593673706
0.6965158581733704,1.6053495407104492,2.97314453125,1.6053495407104492,2.97314453125
0.7801256775856018,1.5527541637420654,3.383258104324341,1.5527541637420654,3.383258104324341
3.8697524070739746,1.6686688661575317,2.9010088443756104,1.6686688661575317,2.9010088443756104
3.6015524864196777,1.760961890220642,4.02190637588501,1.760961890220642,4.02190637588501
1.6754635572433472,1.7572132349014282,3.5383496284484863,1.7572132349014282,3.5383496284484863
0.4149143099784851,1.6949084997177124,3.264707565307617,1.6949084997177124,3.264707565307617
8.175358772277832,1.9816393852233887,3.515810489654541,1.9816393852233887,3.515810489654541
1.9643831253051758,1.9802950620651245,3.3575549125671387,1.9802950620651245,3.3575549125671387
4.413678169250488,2.073573112487793,2.6430470943450928,2.073573112487793,2.6430470943450928
1.8545386791229248,2.0639965534210205,2.780683755874634,2.0639965534210205,2.780683755874634
0.18082480132579803,1.9938369989395142,2.676220417022705,1.9938369989395142,2.676220417022705
0.3660989999771118,1.9352549314498901,2.859698534011841,1.9352549314498901,2.859698534011841
0.684746503829956,1.8896394968032837,2.7514641284942627,1.8896394968032837,2.7514641284942627
0.7416309118270874,1.854552149772644,3.1893422603607178,1.854552149772644,3.1893422603607178
3.142426013946533,1.8956280946731567,3.136138439178467,1.8956280946731567,3.136138439178467
0.15005356073379517,1.8320988416671753,2.9370932579040527,1.8320988416671753,2.9370932579040527
0.2665221095085144,1.7923765182495117,2.9119184017181396,1.7923765182495117,2.9119184017181396
5.546648979187012,1.8996896743774414,3.958686113357544,1.8996896743774414,3.958686113357544
0.8918617367744446,1.866385817527771,3.2512764930725098,1.866385817527771,3.2512764930725098
1.1245076656341553,1.853096842765808,3.5291342735290527,1.853096842765808,3.5291342735290527
4.168278694152832,1.9141963720321655,3.3238558769226074,1.9141963720321655,3.3238558769226074
1.966152310371399,1.917017936706543,2.9700732231140137,1.917017936706543,2.9700732231140137
6.56159782409668,2.0330100059509277,2.818821430206299,2.0330100059509277,2.818821430206299
7.20045280456543,2.1537933349609375,3.089667797088623,2.1537933349609375,3.089667797088623
7.031198978424072,2.2840657234191895,3.746741771697998,2.2840657234191895,3.746741771697998
0.48106950521469116,2.2395968437194824,2.9802279472351074,2.2395968437194824,2.9802279472351074
2.3842639923095703,2.2474334239959717,2.9336724281311035,2.2474334239959717,2.9336724281311035
6.293859481811523,2.3339273929595947,3.4313957691192627,2.3339273929595947,3.4313957691192627
1.230733036994934,2.3119609355926514,3.7913689613342285,2.3119609355926514,3.7913689613342285
0.19457121193408966,2.2668516635894775,3.055854558944702,2.2668516635894775,3.055854558944702
0.519303560256958,2.227879047393799,2.9620234966278076,2.227879047393799,2.9620234966278076
0.8153508901596069,2.2114551067352295,1.7617900371551514,2.2114551067352295,1.7617900371551514
0.030375776812434196,0.030375776812434196,2.4933931827545166,0.030375776812434196,2.4933931827545166
0.012509454041719437,0.020955175161361694,4.209566116333008,0.020955175161361694,4.209566116333008
0.0006163604557514191,0.013832313008606434,3.028437614440918,0.013832313008606434,3.028437614440918
0.271267831325531,0.07780081033706665,3.2305610179901123,0.07780081033706665,3.2305610179901123
0.0036510254722088575,0.06315552443265915,3.0632731914520264,0.06315552443265915,3.0632731914520264
6.394611358642578,1.1182838678359985,2.6102473735809326,1.1182838678359985,2.6102473735809326
1.8904482126235962,1.238952875137329,2.6846258640289307,1.238952875137329,2.6846258640289307
0.6770592927932739,1.164738655090332,1.6648027896881104,1.164738655090332,1.6648027896881104
0.029015125706791878,0.029015125706791878,2.7921202182769775,0.029015125706791878,2.7921202182769775
0.006592667195945978,0.018298812210559845,4.397310256958008,0.018298812210559845,4.397310256958008
0.0007090438157320023,0.01191894244402647,3.616954803466797,0.01191894244402647,3.616954803466797
0.12806391716003418,0.04117713123559952,3.564152479171753,0.04117713123559952,3.564152479171753
0.0016987192211672664,0.03514310345053673,3.2586727142333984,0.03514310345053673,3.2586727142333984
4.361804008483887,0.75688236951828,3.4022247791290283,0.75688236951828,3.4022247791290283
1.3425512313842773,0.8428792953491211,3.124631881713867,0.8428792953491211,3.124631881713867
5.370326042175293,1.4116501808166504,3.105473756790161,1.4116501808166504,3.105473756790161
5.088862895965576,1.8227185010910034,3.000225782394409,1.8227185010910034,3.000225782394409
1.4997590780258179,1.7815043926239014,2.944343090057373,1.7815043926239014,2.944343090057373
5.514838218688965,2.113727331161499,3.029515027999878,2.113727331161499,3.029515027999878
6.343262672424316,2.4622395038604736,3.157918691635132,2.4622395038604736,3.157918691635132
2.100281238555908,2.4383556842803955,2.9797351360321045,2.4383556842803955,2.9797351360321045
2.254884719848633,2.420121669769287,2.9039275646209717,2.420121669769287,2.9039275646209717
0.07296378165483475,2.258305072784424,3.159855365753174,2.258305072784424,3.159855365753174
1.6664819717407227,2.2259373664855957,3.0241007804870605,2.2259373664855957,3.0241007804870605
7.00514554977417,2.4957082271575928,4.101196765899658,2.4957082271575928,4.101196765899658
0.8017653822898865,2.403225898742676,3.3939013481140137,2.403225898742676,3.3939013481140137
2.2324600219726562,2.397940158843994,4.097484588623047,2.397940158843994,4.097484588623047
0.2061144858598709,2.283879280090332,3.5463664531707764,2.283879280090332,3.5463664531707764
3.6257100105285645,2.354416847229004,3.440640926361084,2.354416847229004,3.440640926361084
3.2622671127319336,2.390016555786133,3.3855013847351074,2.390016555786133,3.3855013847351074
0.6953601241111755,2.3197336196899414,3.443772077560425,2.3197336196899414,3.443772077560425
6.935534954071045,2.5130608081817627,3.3568692207336426,2.5130608081817627,3.3568692207336426
0.32668593525886536,2.427313804626465,2.946959972381592,2.427313804626465,2.946959972381592
0.4538469612598419,2.3495824337005615,1.896323800086975,2.3495824337005615,1.896323800086975
0.018939604982733727,0.018939604982733727,2.594507932662964,0.018939604982733727,2.594507932662964
0.0058518750593066216,0.012000858783721924,4.3098039627075195,0.012000858783721924,4.3098039627075195
0.0004804172203876078,0.008582703769207,3.197221279144287,0.008582703769207,3.197221279144287
0.45961713790893555,0.12100019305944443,3.301741361618042,0.12100019305944443,3.301741361618042
0.003222750499844551,0.09281863272190094,3.1903750896453857,0.09281863272190094,3.1903750896453857
3.795044422149658,0.7127044200897217,2.772458553314209,0.7127044200897217,2.772458553314209
1.2543364763259888,0.7789183855056763,2.674950361251831,0.7789183855056763,2.674950361251831
0.39967843890190125,0.7357454299926758,1.7110042572021484,0.7357454299926758,1.7110042572021484
0.025029458105564117,0.025029458105564117,3.0160775184631348,0.025029458105564117,3.0160775184631348
0.0045830924063920975,0.015969406813383102,4.503347396850586,0.015969406813383102,4.503347396850586
0.0005276002921164036,0.00996472779661417,3.5369598865509033,0.00996472779661417,3.5369598865509033
0.055394481867551804,0.02193542569875717,3.2484889030456543,0.02193542569875717,3.2484889030456543
0.00319268717430532,0.02156475931406021,3.176887273788452,0.02156475931406021,3.176887273788452
3.680286169052124,0.6315785050392151,2.261601448059082,0.6315785050392151,2.261601448059082
2.7349722385406494,0.9287872314453125,1.540038824081421,0.9287872314453125,1.540038824081421
0.17629793286323547,0.17629793286323547,3.235194444656372,0.17629793286323547,3.235194444656372
0.00412446865811944,0.07958908379077911,4.670014381408691,0.07958908379077911,4.670014381408691
0.0004687402688432485,0.05212650075554848,3.474306583404541,0.05212650075554848,3.474306583404541
1.4880754947662354,0.41365671157836914,3.704798460006714,0.41365671157836914,3.704798460006714
0.005560052115470171,0.35129430890083313,3.359471082687378,0.35129430890083313,3.359471082687378
6.077253341674805,1.3240139484405518,3.309006929397583,1.3240139484405518,3.309006929397583
1.8307992219924927,1.4053338766098022,3.1942355632781982,1.4053338766098022,3.1942355632781982
0.42273369431495667,1.3123329877853394,2.6374642848968506,1.3123329877853394,2.6374642848968506
0.04806392639875412,0.04806392639875412,2.5329959392547607,0.04806392639875412,2.5329959392547607
0.0037100547924637794,0.02638494409620762,4.346175670623779,0.02638494409620762,4.346175670623779
0.000485183292767033,0.017661936581134796,3.3715744018554688,0.017661936581134796,3.3715744018554688
6.1457200050354,1.548966407775879,2.986829996109009,1.548966407775879,2.986829996109009
0.0026667292695492506,1.2253607511520386,2.933523654937744,1.2253607511520386,2.933523654937744
1.9830302000045776,1.3531612157821655,2.837118148803711,1.3531612157821655,2.837118148803711
0.6708732843399048,1.2582676410675049,2.716343402862549,1.2582676410675049,2.716343402862549
0.30012819170951843,1.1297415494918823,1.8267930746078491,1.1297415494918823,1.8267930746078491
0.034570805728435516,0.034570805728435516,2.9313578605651855,0.034570805728435516,2.9313578605651855
0.0021400186233222485,0.017568664625287056,4.41817569732666,0.017568664625287056,4.41817569732666
0.000655793643090874,0.01286242250353098,3.4518418312072754,0.01286242250353098,3.4518418312072754
1.0914936065673828,0.2824440598487854,3.4506092071533203,0.2824440598487854,3.4506092071533203
0.0022471908014267683,0.22309505939483643,3.3581690788269043,0.22309505939483643,3.3581690788269043
3.444572687149048,0.758637011051178,3.4042582511901855,0.758637011051178,3.4042582511901855
2.154071092605591,0.9592835307121277,3.3183281421661377,0.9592835307121277,3.3183281421661377
5.574709415435791,1.5327709913253784,3.1217732429504395,1.5327709913253784,3.1217732429504395
0.3999364972114563,1.403039574623108,3.4617533683776855,1.403039574623108,3.4617533683776855
2.7378950119018555,1.5453603267669678,3.7467830181121826,1.5453603267669678,3.7467830181121826
4.90437126159668,1.8497227430343628,3.212786912918091,1.8497227430343628,3.212786912918091
0.19502173364162445,1.71695077419281,3.1353464126586914,1.71695077419281,3.1353464126586914
1.4011889696121216,1.6930073499679565,3.179532051086426,1.6930073499679565,3.179532051086426
0.41018685698509216,1.6174958944320679,1.953407883644104,1.6174958944320679,1.953407883644104
0.022024093195796013,0.022024093195796013,2.7313451766967773,0.022024093195796013,2.7313451766967773
0.0039879330433905125,0.013361729681491852,4.200678825378418,0.013361729681491852,4.200678825378418
0.000715833914000541,0.009013681672513485,3.1451010704040527,0.009013681672513485,3.1451010704040527
1.0024373531341553,0.2576119005680084,3.2042651176452637,0.2576119005680084,3.2042651176452637
0.006051077041774988,0.20197641849517822,3.229060411453247,0.20197641849517822,3.229060411453247
2.03764271736145,0.5110328793525696,2.909641981124878,0.5110328793525696,2.909641981124878
0.5092614889144897,0.5151311159133911,2.598439931869507,0.5151311159133911,2.598439931869507
0.3342125117778778,0.4908764958381653,1.9299957752227783,0.4908764958381653,1.9299957752227783
0.030420759692788124,0.030420759692788124,2.8189425468444824,0.030420759692788124,2.8189425468444824
0.005145402625203133,0.01811797171831131,4.404829025268555,0.01811797171831131,4.404829025268555
0.0009395237429998815,0.012068521231412888,3.5367534160614014,0.012068521231412888,3.5367534160614014
1.4319548606872559,0.36710041761398315,3.5213496685028076,0.36710041761398315,3.5213496685028076
0.0027358029037714005,0.2913183867931366,3.347773790359497,0.2913183867931366,3.347773790359497
5.801787376403809,1.2039583921432495,4.6757707595825195,1.2039583921432495,4.6757707595825195
0.14874671399593353,1.0493360757827759,3.140578269958496,1.0493360757827759,3.140578269958496
4.6364336013793945,1.4955999851226807,4.057579517364502,1.4955999851226807,4.057579517364502
1.9975868463516235,1.563816785812378,4.263144493103027,1.563816785812378,4.263144493103027
0.07159432023763657,1.4010612964630127,3.191281318664551,1.4010612964630127,3.191281318664551
5.468885898590088,1.7755630016326904,3.61431884765625,1.7755630016326904,3.61431884765625
3.190432548522949,1.910814642906189,4.03428316116333,1.910814642906189,4.03428316116333
0.010829368606209755,1.7764856815338135,4.2804718017578125,1.7764856815338135,4.2804718017578125
0.7800271511077881,1.6998165845870972,4.191281318664551,1.6998165845870972,4.191281318664551
3.325767755508423,1.8057111501693726,3.361865282058716,1.8057111501693726,3.361865282058716
1.5633618831634521,1.790597915649414,3.179452896118164,1.790597915649414,3.179452896118164
7.581123352050781,2.1310222148895264,3.2237846851348877,2.1310222148895264,3.2237846851348877
0.6482253670692444,2.0481104850769043,2.979781150817871,2.0481104850769043,2.979781150817871
0.26684078574180603,1.9617191553115845,1.8578943014144897,1.9617191553115845,1.8578943014144897
0.0239428598433733,0.0239428598433733,2.7362735271453857,0.0239428598433733,2.7362735271453857
0.005423475056886673,0.014770626090466976,4.402401924133301,0.014770626090466976,4.402401924133301
0.000613143783994019,0.010160681791603565,3.262924909591675,0.010160681791603565,3.262924909591675
0.39593908190727234,0.10603422671556473,3.415001392364502,0.10603422671556473,3.415001392364502
0.00636822497472167,0.08685652166604996,3.5970280170440674,0.08685652166604996,3.5970280170440674
2.279085159301758,0.45339980721473694,3.3597350120544434,0.45339980721473694,3.3597350120544434
0.6465528011322021,0.48394179344177246,3.2403056621551514,0.48394179344177246,3.2403056621551514
0.3850381672382355,0.46680110692977905,1.786309838294983,0.46680110692977905,1.786309838294983
0.029210461303591728,0.029210461303591728,3.1769864559173584,0.029210461303591728,3.1769864559173584
0.004192848224192858,0.017758684232831,4.443387985229492,0.017758684232831,4.443387985229492
0.0006802152493037283,0.011514878831803799,3.5313682556152344,0.011514878831803799,3.5313682556152344
0.46898365020751953,0.1259218156337738,3.8756980895996094,0.1259218156337738,3.8756980895996094
0.002489326987415552,0.10376153141260147,3.956749439239502,0.10376153141260147,3.956749439239502
3.869159698486328,0.7277846932411194,3.423532009124756,0.7277846932411194,3.423532009124756
0.2819371521472931,0.6619369387626648,3.933117628097534,0.6619369387626648,3.933117628097534
3.9859604835510254,1.0756878852844238,4.429040908813477,1.0756878852844238,4.429040908813477
0.9174890518188477,1.0616804361343384,4.338590145111084,1.0616804361343384,4.338590145111084
0.384854257106781,0.9887865781784058,3.661832809448242,0.9887865781784058,3.661832809448242
0.25943803787231445,0.924675703048706,3.251626491546631,0.924675703048706,3.251626491546631
5.392701148986816,1.293864130973816,3.731865644454956,1.293864130973816,3.731865644454956
0.8670920133590698,1.2593363523483276,3.8682923316955566,1.2593363523483276,3.8682923316955566
2.45151686668396,1.342240333557129,3.7650084495544434,1.342240333557129,3.7650084495544434
0.955517053604126,1.3219265937805176,3.233243227005005,1.3219265937805176,3.233243227005005
4.412714958190918,1.514371395111084,3.088104724884033,1.514371395111084,3.088104724884033
4.906591415405273,1.7098467350006104,2.3717803955078125,1.7098467350006104,2.3717803955078125
4.930418491363525,1.8934110403060913,3.1447277069091797,1.8934110403060913,3.1447277069091797
0.6550483107566833,1.8301056623458862,3.07303524017334,1.8301056623458862,3.07303524017334
5.478079795837402,2.0109903812408447,3.82688570022583,2.0109903812408447,3.82688570022583
0.14008621871471405,1.9213413000106812,3.107224941253662,1.9213413000106812,3.107224941253662
3.751129150390625,2.0113604068756104,3.310605525970459,2.0113604068756104,3.310605525970459
2.4316391944885254,2.0252327919006348,3.011080265045166,2.0252327919006348,3.011080265045166
0.857155442237854,1.9753193855285645,2.562025785446167,1.9753193855285645,2.562025785446167
5.76786994934082,2.127511739730835,2.5853114128112793,2.127511739730835,2.5853114128112793
1.230013132095337,2.0911593437194824,2.602292537689209,2.0911593437194824,2.602292537689209
12.3899564743042,2.472133159637451,3.0236992835998535,2.472133159637451,3.0236992835998535
3.7647037506103516,2.5148088932037354,2.333251953125,2.5148088932037354,2.333251953125
2.086232900619507,2.504229784011841,2.5339322090148926,2.504229784011841,2.5339322090148926
3.7987189292907715,2.5468175411224365,3.5407028198242188,2.5468175411224365,3.5407028198242188
3.0750131607055664,2.5634994506835938,2.854588747024536,2.5634994506835938,2.854588747024536
3.8079562187194824,2.599496841430664,2.790351152420044,2.599496841430664,2.790351152420044
0.6770443320274353,2.5452091693878174,2.8108713626861572,2.5452091693878174,2.8108713626861572
2.736605405807495,2.546085834503174,3.2755656242370605,2.546085834503174,3.2755656242370605
5.3509697914123535,2.6274333000183105,3.2693405151367188,2.6274333000183105,3.2693405151367188
3.7640910148620605,2.658764362335205,2.5228230953216553,2.658764362335205,2.5228230953216553
0.3857992887496948,2.5987629890441895,1.5539016723632812,2.5987629890441895,1.5539016723632812
0.02539736218750477,0.02539736218750477,2.6582016944885254,0.02539736218750477,2.6582016944885254
0.012484024278819561,0.018988050520420074,4.085699558258057,0.018988050520420074,4.085699558258057
0.000593962671700865,0.01389726996421814,2.8864939212799072,0.01389726996421814,2.8864939212799072
0.2407425194978714,0.07041233032941818,2.918501377105713,0.07041233032941818,2.918501377105713
0.006498277187347412,0.0555553138256073,3.0615828037261963,0.0555553138256073,3.0615828037261963
12.64279556274414,2.1523067951202393,2.892164707183838,2.1523067951202393,2.892164707183838
3.7714223861694336,2.386352300643921,2.8194973468780518,2.386352300643921,2.8194973468780518
1.6925950050354004,2.29020619392395,2.7683305740356445,2.29020619392395,2.7683305740356445
0.3481597304344177,2.080796003341675,1.655264139175415,2.080796003341675,1.655264139175415
0.03257980942726135,0.03257980942726135,3.114271640777588,0.03257980942726135,3.114271640777588
0.0033305196557193995,0.019326457753777504,4.318918228149414,0.019326457753777504,4.318918228149414
0.0006000387365929782,0.013126389123499393,3.6893818378448486,0.013126389123499393,3.6893818378448486
0.07459861040115356,0.02869986928999424,3.577082395553589,0.02869986928999424,3.577082395553589
0.0020713796839118004,0.023572273552417755,3.626469135284424,0.023572273552417755,3.626469135284424
4.264459609985352,0.7308339476585388,3.0573086738586426,0.7308339476585388,3.0573086738586426
2.9175045490264893,1.0415821075439453,3.9076321125030518,1.0415821075439453,3.9076321125030518
0.05291294679045677,0.9251356720924377,3.5732269287109375,0.9251356720924377,3.5732269287109375
1.5439906120300293,0.9966301321983337,3.2248904705047607,0.9966301321983337,3.2248904705047607
5.055144309997559,1.4063265323638916,4.245131492614746,1.4063265323638916,4.245131492614746
2.259114980697632,1.4897159337997437,3.403611421585083,1.4897159337997437,3.403611421585083
0.3972848057746887,1.4004052877426147,3.3022048473358154,1.4004052877426147,3.3022048473358154
1.9700860977172852,1.4425386190414429,3.301778793334961,1.4425386190414429,3.301778793334961
4.36781644821167,1.6492822170257568,3.5623183250427246,1.6492822170257568,3.5623183250427246
0.1396721452474594,1.5549112558364868,3.708867311477661,1.5549112558364868,3.708867311477661
0.6625471711158752,1.4972574710845947,3.29974102973938,1.4972574710845947,3.29974102973938
1.8325831890106201,1.5216896533966064,3.4764018058776855,1.5216896533966064,3.4764018058776855
0.39297905564308167,1.4519109725952148,3.2302749156951904,1.4519109725952148,3.2302749156951904
0.730535626411438,1.422286868095398,3.799071788787842,1.422286868095398,3.799071788787842
0.6254867315292358,1.3793424367904663,3.7601935863494873,1.3793424367904663,3.7601935863494873
0.7748699188232422,1.3501297235488892,3.288442611694336,1.3501297235488892,3.288442611694336
0.0794844701886177,1.2899377346038818,2.85064959526062,1.2899377346038818,2.85064959526062
0.20979216694831848,1.2415658235549927,1.5979750156402588,1.2415658235549927,1.5979750156402588
0.046554889529943466,0.046554889529943466,2.7797303199768066,0.046554889529943466,2.7797303199768066
0.003371984465047717,0.01967894658446312,4.143887996673584,0.01967894658446312,4.143887996673584
0.0006399490521289408,0.011032447218894958,3.3755404949188232,0.011032447218894958,3.3755404949188232
0.09483509510755539,0.03352675586938858,3.0943703651428223,0.03352675586938858,3.0943703651428223
0.007388054858893156,0.02677570842206478,3.2828528881073,0.02677570842206478,3.2828528881073
4.288662910461426,0.7378924489021301,1.9780060052871704,0.7378924489021301,1.9780060052871704
1.1062651872634888,0.7960339784622192,1.5928065776824951,0.7960339784622192,1.5928065776824951
0.08043297380208969,0.08043297380208969,3.269679307937622,0.08043297380208969,3.269679307937622
0.004827866796404123,0.04244218021631241,4.414705753326416,0.04244218021631241,4.414705753326416
0.0005833592731505632,0.02869049459695816,3.414722442626953,0.02869049459695816,3.414722442626953
0.31041786074638367,0.09969819337129593,3.390223741531372,0.09969819337129593,3.390223741531372
0.0029633203521370888,0.0761285275220871,3.3276302814483643,0.0761285275220871,3.3276302814483643
6.693036079406738,1.1813122034072876,2.878258228302002,1.1813122034072876,2.878258228302002
1.6031545400619507,1.2432352304458618,3.0073015689849854,1.2432352304458618,3.0073015689849854
6.98378849029541,1.9673203229904175,2.922718048095703,1.9673203229904175,2.922718048095703
6.278555870056152,2.444324254989624,1.316192865371704,2.444324254989624,1.316192865371704
10.163856506347656,3.212968111038208,2.493396282196045,3.212968111038208,2.493396282196045
2.963108539581299,3.202155113220215,2.2947850227355957,3.202155113220215,2.2947850227355957
8.129535675048828,3.608800172805786,2.3256564140319824,3.608800172805786,2.3256564140319824
5.143960952758789,3.732296943664551,2.634848117828369,3.732296943664551,2.634848117828369
0.7822422385215759,3.509779453277588,2.875384569168091,3.509779453277588,2.875384569168091
5.287446022033691,3.6483066082000732,2.829116106033325,3.6483066082000732,2.829116106033325
4.70553731918335,3.7045843601226807,3.724769115447998,3.7045843601226807,3.724769115447998
1.228428840637207,3.570579767227173,3.10764741897583,3.570579767227173,3.10764741897583
0.3040314018726349,3.3854048252105713,3.387483596801758,3.3854048252105713,3.387483596801758
0.0979938954114914,3.2102062702178955,3.0413148403167725,3.2102062702178955,3.0413148403167725
3.674208164215088,3.239772081375122,3.629343032836914,3.239772081375122,3.629343032836914
0.1582312285900116,3.08508563041687,3.425412654876709,3.08508563041687,3.425412654876709
0.42818960547447205,2.964999198913574,4.151333332061768,2.964999198913574,4.151333332061768
0.03239701688289642,2.842071294784546,3.773897647857666,2.842071294784546,3.773897647857666
0.019733184948563576,2.7262051105499268,4.158528804779053,2.7262051105499268,4.158528804779053
2.671471118927002,2.723839044570923,2.824239492416382,2.723839044570923,2.824239492416382
0.24607454240322113,2.6391661167144775,1.875279426574707,2.6391661167144775,1.875279426574707
0.010299744084477425,0.010299744084477425,2.7742741107940674,0.010299744084477425,2.7742741107940674
0.0029514345806092024,0.006875779014080763,4.200374126434326,0.006875779014080763,4.200374126434326
0.0005365362740121782,0.0043145217932760715,3.4919707775115967,0.0043145217932760715,3.4919707775115967
0.04359159246087074,0.014034153893589973,3.1570076942443848,0.014034153893589973,3.1570076942443848
0.005948222242295742,0.012322350405156612,3.0438930988311768,0.012322350405156612,3.0438930988311768
4.8311967849731445,0.8152781128883362,2.8403406143188477,0.8152781128883362,2.8403406143188477
1.2001190185546875,0.8594298958778381,2.5948426723480225,0.8594298958778381,2.5948426723480225
0.3187083303928375,0.7922461628913879,2.758694887161255,0.7922461628913879,2.758694887161255
0.4578987956047058,0.7624881863594055,1.6410058736801147,0.7624881863594055,1.6410058736801147
9.436910629272461,1.6278854608535767,2.398879289627075,1.6278854608535767,2.398879289627075
2.0549044609069824,1.6594144105911255,2.5696053504943848,1.6594144105911255,2.5696053504943848
0.07489154487848282,1.5519565343856812,2.536864757537842,1.5519565343856812,2.536864757537842
0.7498680353164673,1.4610755443572998,2.6290106773376465,1.4610755443572998,2.6290106773376465
0.6511548757553101,1.411861777305603,1.681164026260376,1.411861777305603,1.681164026260376
0.04851158335804939,0.04851158335804939,2.877368450164795,0.04851158335804939,2.877368450164795
0.013480820693075657,0.03180202841758728,4.312928676605225,0.03180202841758728,4.312928676605225
0.0005925330333411694,0.020186785608530045,3.232123851776123,0.020186785608530045,3.232123851776123
0.5136628150939941,0.14497902989387512,3.225506544113159,0.14497902989387512,3.225506544113159
0.002310941694304347,0.12106361240148544,2.9808831214904785,0.12106361240148544,2.9808831214904785
3.976451873779297,0.7531546950340271,4.008373737335205,0.7531546950340271,4.008373737335205
0.7822326421737671,0.7470747232437134,3.468061923980713,0.7470747232437134,3.468061923980713
0.027245987206697464,0.6650577187538147,3.5533859729766846,0.6650577187538147,3.5533859729766846
0.04717062786221504,0.5984046459197998,3.0270895957946777,0.5984046459197998,3.0270895957946777
0.9361125826835632,0.6279078722000122,3.9723994731903076,0.6279078722000122,3.9723994731903076
0.017388395965099335,0.5670079588890076,3.5865063667297363,0.5670079588890076,3.5865063667297363
0.07096356898546219,0.5287087559700012,4.455081462860107,0.5287087559700012,4.455081462860107
0.005882451310753822,0.48499155044555664,3.945702075958252,0.48499155044555664,3.945702075958252
0.011926769278943539,0.447724312543869,4.13210391998291,0.447724312543869,4.13210391998291
1.3158257007598877,0.5007686614990234,2.979257345199585,0.5007686614990234,2.979257345199585
5.365880489349365,0.8086124658584595,3.889820098876953,0.8086124658584595,3.889820098876953
0.6110795140266418,0.790581226348877,3.3995871543884277,0.790581226348877,3.3995871543884277
0.013836654834449291,0.755140483379364,3.585298538208008,0.755140483379364,3.585298538208008
8.559911727905273,1.1641019582748413,2.84311842918396,1.1641019582748413,2.84311842918396
5.644603252410889,1.3901646137237549,3.819141387939453,1.3901646137237549,3.819141387939453
0.22403912246227264,1.3408077955245972,3.5265324115753174,1.3408077955245972,3.5265324115753174
0.22422367334365845,1.290905475616455,3.653078079223633,1.290905475616455,3.653078079223633
1.3932678699493408,1.2991124391555786,2.6706695556640625,1.2991124391555786,2.6706695556640625
0.1977495402097702,1.254224419593811,1.7513545751571655,1.254224419593811,1.7513545751571655
0.01602543145418167,0.01602543145418167,2.781714916229248,0.01602543145418167,2.781714916229248
0.0026769537944346666,0.008819300681352615,4.1989946365356445,0.008819300681352615,4.1989946365356445
0.000714523543138057,0.006113413255661726,3.4746620655059814,0.006113413255661726,3.4746620655059814
0.053055062890052795,0.017749376595020294,3.1180419921875,0.017749376595020294,3.1180419921875
0.005287116393446922,0.01573518104851246,3.234290599822998,0.01573518104851246,3.234290599822998
5.866021633148193,0.990199089050293,2.2045562267303467,0.990199089050293,2.2045562267303467
0.5411304235458374,0.9265155792236328,2.206031560897827,0.9265155792236328,2.206031560897827
1.3145091533660889,0.9763902425765991,1.1461368799209595,0.9763902425765991,1.1461368799209595
0.2155386209487915,0.2155386209487915,3.098456621170044,0.2155386209487915,3.098456621170044
0.005194381810724735,0.10722533613443375,4.253012180328369,0.10722533613443375,4.253012180328369
0.0007183355046436191,0.07211746275424957,3.300905704498291,0.07211746275424957,3.300905704498291
0.04859936609864235,0.06628850102424622,3.15008282661438,0.06628850102424622,3.15008282661438
0.0017187122721225023,0.057768456637859344,3.163648843765259,0.057768456637859344,3.163648843765259
3.5670297145843506,0.6447848677635193,3.34417986869812,0.6447848677635193,3.34417986869812
7.2512993812561035,1.5875314474105835,2.2525172233581543,1.5875314474105835,2.2525172233581543
3.534651756286621,1.8273625373840332,2.7272322177886963,1.8273625373840332,2.7272322177886963
3.3622968196868896,2.0011966228485107,2.219957113265991,2.0011966228485107,2.219957113265991
2.8493642807006836,2.087502956390381,3.3641350269317627,2.087502956390381,3.3641350269317627
11.230271339416504,2.913381814956665,3.1897714138031006,2.913381814956665,3.1897714138031006
2.2828853130340576,2.85321307182312,3.076841354370117,2.85321307182312,3.076841354370117
2.713531494140625,2.836561918258667,2.9256584644317627,2.836561918258667,2.9256584644317627
4.362287521362305,2.947425365447998,2.673203468322754,2.947425365447998,2.673203468322754
0.3725074529647827,2.786996603012085,3.2089991569519043,2.786996603012085,3.2089991569519043
5.676573276519775,2.9598803520202637,2.883758068084717,2.9598803520202637,2.883758068084717
4.77021598815918,3.0769119262695312,2.334207057952881,3.0769119262695312,2.334207057952881
2.191297769546509,3.0231881141662598,2.30702543258667,3.0231881141662598,2.30702543258667
6.862710475921631,3.2249374389648438,3.796351909637451,3.2249374389648438,3.796351909637451
1.0127770900726318,3.1126620769500732,3.2831852436065674,3.1126620769500732,3.2831852436065674
0.12113835662603378,2.969045400619507,3.2695674896240234,2.969045400619507,3.2695674896240234
0.4099651277065277,2.853482723236084,3.029102325439453,2.853482723236084,3.029102325439453
5.4754509925842285,2.9648208618164062,2.9711241722106934,2.9648208618164062,2.9711241722106934
3.1204702854156494,2.9722976684570312,3.0561323165893555,2.9722976684570312,3.0561323165893555
3.416275978088379,2.989975690841675,3.1198818683624268,2.989975690841675,3.1198818683624268
0.19305923581123352,2.8812143802642822,4.171081066131592,2.8812143802642822,4.171081066131592
0.018582774326205254,2.7698771953582764,3.0852227210998535,2.7698771953582764,3.0852227210998535
0.432687908411026,2.6850473880767822,2.762957811355591,2.6850473880767822,2.762957811355591
0.28081727027893066,2.605103015899658,1.6677062511444092,2.605103015899658,1.6677062511444092
0.012297875247895718,0.012297875247895718,2.820772647857666,0.012297875247895718,2.820772647857666
0.0026918151415884495,0.007339859381318092,4.213584899902344,0.007339859381318092,4.213584899902344
0.0006438804557546973,0.0050623854622244835,3.533602476119995,0.0050623854622244835,3.533602476119995
0.01931782439351082,0.008995352312922478,2.9916436672210693,0.008995352312922478,2.9916436672210693
0.008750545792281628,0.008322728797793388,3.1965110301971436,0.008322728797793388,3.1965110301971436
3.5805468559265137,0.6040769815444946,1.2924021482467651,0.6040769815444946,1.2924021482467651
3.3850889205932617,1.019909381866455,1.8983951807022095,1.019909381866455,1.8983951807022095
0.9374862909317017,0.9747097492218018,2.1888608932495117,0.9747097492218018,2.1888608932495117
2.7653720378875732,1.1555724143981934,1.9944521188735962,1.1555724143981934,1.9944521188735962
0.9403502941131592,1.1371279954910278,2.186718463897705,1.1371279954910278,2.186718463897705
0.844497799873352,1.115995168685913,1.5742987394332886,1.115995168685913,1.5742987394332886
0.0217423178255558,0.0217423178255558,3.1876072883605957,0.0217423178255558,3.1876072883605957
0.003306519240140915,0.013165964744985104,4.324631690979004,0.013165964744985104,4.324631690979004
0.0006596058374270797,0.009571992792189121,3.6438565254211426,0.009571992792189121,3.6438565254211426
0.021577484905719757,0.012026737444102764,3.426217555999756,0.012026737444102764,3.426217555999756
0.0017960622208192945,0.010343351401388645,3.5674757957458496,0.010343351401388645,3.5674757957458496
3.6624059677124023,0.6190555691719055,4.366994380950928,0.6190555691719055,4.366994380950928
0.5699681639671326,0.6082475781440735,3.791604518890381,0.6082475781440735,3.791604518890381
0.14577455818653107,0.5548056364059448,3.8511226177215576,0.5548056364059448,3.8511226177215576
0.11096096783876419,0.5111425518989563,3.2432281970977783,0.5111425518989563,3.2432281970977783
1.2781586647033691,0.5883631706237793,3.766136884689331,0.5883631706237793,3.766136884689331
6.17962121963501,1.091164231300354,3.0873072147369385,1.091164231300354,3.0873072147369385
1.6200556755065918,1.1337738037109375,4.155308723449707,1.1337738037109375,4.155308723449707
0.20133516192436218,1.0669032335281372,4.166609764099121,1.0669032335281372,4.166609764099121
0.03915533795952797,0.9920825362205505,4.017134189605713,0.9920825362205505,4.017134189605713
6.398247241973877,1.3466167449951172,2.945568799972534,1.3466167449951172,2.945568799972534
4.600771903991699,1.5471198558807373,3.473006010055542,1.5471198558807373,3.473006010055542
1.038482427597046,1.5239801406860352,3.0716450214385986,1.5239801406860352,3.0716450214385986
2.3766801357269287,1.5709515810012817,4.336733818054199,1.5709515810012817,4.336733818054199
0.3501631021499634,1.5032479763031006,3.577533006668091,1.5032479763031006,3.577533006668091
0.10649674385786057,1.4353011846542358,3.403191089630127,1.4353011846542358,3.403191089630127
1.2095335721969604,1.4247469902038574,3.401421308517456,1.4247469902038574,3.401421308517456
5.209730625152588,1.5897364616394043,3.1568031311035156,1.5897364616394043,3.1568031311035156
0.7160959243774414,1.5519276857376099,3.916412830352783,1.5519276857376099,3.916412830352783
0.0353568010032177,1.49855375289917,3.53600811958313,1.49855375289917,3.53600811958313
1.3028894662857056,1.4847837686538696,2.9358224868774414,1.4847837686538696,2.9358224868774414
0.297925740480423,1.4356187582015991,1.6759525537490845,1.4356187582015991,1.6759525537490845
0.01840314082801342,0.01840314082801342,2.765526294708252,0.01840314082801342,2.765526294708252
0.003098094603046775,0.010047618299722672,4.330429553985596,0.010047618299722672,4.330429553985596
0.0005671561229974031,0.006975529249757528,3.5405335426330566,0.006975529249757528,3.5405335426330566
0.02131367102265358,0.010400215163826942,3.145418167114258,0.010400215163826942,3.145418167114258
0.00421718368306756,0.009444452822208405,3.1817104816436768,0.009444452822208405,3.1817104816436768
6.9566144943237305,1.166960597038269,2.746058702468872,1.166960597038269,2.746058702468872
9.71696662902832,2.3920271396636963,2.4671096801757812,2.3920271396636963,2.4671096801757812
0.9635792374610901,2.2184112071990967,2.8280491828918457,2.2184112071990967,2.8280491828918457
0.47685545682907104,2.0209178924560547,1.5198590755462646,2.0209178924560547,1.5198590755462646
0.1360742598772049,0.1360742598772049,2.8412790298461914,0.1360742598772049,2.8412790298461914
0.004707444459199905,0.0761612132191658,4.574519157409668,0.0761612132191658,4.574519157409668
0.0005818104837089777,0.05103258788585663,3.4728310108184814,0.05103258788585663,3.4728310108184814
0.18274301290512085,0.0811961442232132,3.57537579536438,0.0811961442232132,3.57537579536438
0.002142040990293026,0.06101929023861885,3.706887722015381,0.06101929023861885,3.706887722015381
4.5579833984375,0.8038751482963562,3.4659061431884766,0.8038751482963562,3.4659061431884766
3.312690019607544,1.1659157276153564,3.190781593322754,1.1659157276153564,3.190781593322754
1.0611871480941772,1.1555243730545044,3.383514881134033,1.1555243730545044,3.383514881134033
0.5666499137878418,1.0895867347717285,3.319411039352417,1.0895867347717285,3.319411039352417
0.13302311301231384,0.9948323369026184,3.4385669231414795,0.9948323369026184,3.4385669231414795
1.5229564905166626,1.0415352582931519,3.2812488079071045,1.0415352582931519,3.2812488079071045
1.1292513608932495,1.0483449697494507,3.689091205596924,1.0483449697494507,3.689091205596924
0.45753222703933716,1.0055289268493652,2.956373929977417,1.0055289268493652,2.956373929977417
1.2935476303100586,1.0287439823150635,2.9693429470062256,1.0287439823150635,2.9693429470062256
0.5816758275032043,0.9977691173553467,1.893758773803711,0.9977691173553467,1.893758773803711
0.0355943888425827,0.0355943888425827,2.5640509128570557,0.0355943888425827,2.5640509128570557
0.005397153086960316,0.02119329385459423,4.162116050720215,0.02119329385459423,4.162116050720215
0.0006302992696873844,0.012921924702823162,3.27901029586792,0.012921924702823162,3.27901029586792
0.2277083694934845,0.0667647123336792,3.2963149547576904,0.0667647123336792,3.2963149547576904
0.006318829022347927,0.05256640166044235,3.1738476753234863,0.05256640166044235,3.1738476753234863
3.016277551651001,0.5491597652435303,3.1038553714752197,0.5491597652435303,3.1038553714752197
0.5730528235435486,0.5531122088432312,3.014214038848877,0.5531122088432312,3.014214038848877
0.4789559245109558,0.5351698398590088,1.4150269031524658,0.5351698398590088,1.4150269031524658
0.3414415121078491,0.3414415121078491,2.881662607192993,0.3414415121078491,2.881662607192993
0.007408881094306707,0.17653027176856995,4.3975934982299805,0.17653027176856995,4.3975934982299805
0.0006740205571986735,0.10416635125875473,3.396218776702881,0.10416635125875473,3.396218776702881
0.23087336122989655,0.14146384596824646,3.4557061195373535,0.14146384596824646,3.4557061195373535
0.0028314997907727957,0.11726857721805573,3.383099317550659,0.11726857721805573,3.383099317550659
3.771225690841675,0.7186505198478699,4.408413887023926,0.7186505198478699,4.408413887023926
2.5090394020080566,0.965685248374939,3.5001816749572754,0.965685248374939,3.5001816749572754
0.39484867453575134,0.893452525138855,1.710176706314087,0.893452525138855,1.710176706314087
0.15794502198696136,0.15794502198696136,2.553349018096924,0.15794502198696136,2.553349018096924
0.004469642881304026,0.0930628702044487,4.174313068389893,0.0930628702044487,4.174313068389893
0.0006845038151368499,0.05854662135243416,3.144380807876587,0.05854662135243416,3.144380807876587
1.1841907501220703,0.3351020812988281,3.1913607120513916,0.3351020812988281,3.1913607120513916
0.005662235431373119,0.26687100529670715,3.330411195755005,0.26687100529670715,3.330411195755005
10.699176788330078,2.005074977874756,3.123394012451172,2.005074977874756,3.123394012451172
1.268202304840088,1.9007606506347656,2.8229241371154785,1.9007606506347656,2.8229241371154785
2.2105331420898438,1.9374946355819702,2.715027332305908,1.9374946355819702,2.715027332305908
0.8208320140838623,1.8044168949127197,2.6902923583984375,1.8044168949127197,2.6902923583984375
0.7480443716049194,1.708599328994751,2.694383144378662,1.708599328994751,2.694383144378662
4.800516128540039,1.9897475242614746,3.725651264190674,1.9897475242614746,3.725651264190674
0.34463751316070557,1.8536592721939087,2.9976601600646973,1.8536592721939087,2.9976601600646973
8.686285972595215,2.381941318511963,1.8961795568466187,2.381941318511963,1.8961795568466187
3.327524185180664,2.45664381980896,1.3783836364746094,2.45664381980896,1.3783836364746094
0.13248760998249054,0.13248760998249054,3.099921703338623,0.13248760998249054,3.099921703338623
0.0032905975822359324,0.06598105281591415,4.434134483337402,0.06598105281591415,4.434134483337402
0.0008312584250234067,0.04829677939414978,3.365365505218506,0.04829677939414978,3.365365505218506
0.8286248445510864,0.23985856771469116,3.6965160369873047,0.23985856771469116,3.6965160369873047
0.00302940234541893,0.18902286887168884,3.4371345043182373,0.18902286887168884,3.4371345043182373
2.6535112857818604,0.5985980033874512,1.4392595291137695,0.5985980033874512,1.4392595291137695
5.5494384765625,1.3075065612792969,2.881197452545166,1.3075065612792969,2.881197452545166
5.411859512329102,1.819563627243042,3.2891845703125,1.819563627243042,3.2891845703125
3.5003581047058105,2.008319854736328,3.0099148750305176,2.008319854736328,3.0099148750305176
0.5678749084472656,1.8604720830917358,3.0912792682647705,1.8604720830917358,3.0912792682647705
4.123213768005371,2.0691888332366943,3.528294324874878,2.0691888332366943,3.528294324874878
0.9680432081222534,1.9746918678283691,3.064206600189209,1.9746918678283691,3.064206600189209
0.554937481880188,1.8607292175292969,3.069700002670288,1.8607292175292969,3.069700002670288
3.48197340965271,1.982843041419983,3.266143798828125,1.982843041419983,3.266143798828125
8.950639724731445,2.445518732070923,3.38629150390625,2.445518732070923,3.38629150390625
1.0003178119659424,2.354161500930786,3.307650089263916,2.354161500930786,3.307650089263916
0.5677639245986938,2.2571442127227783,3.6490471363067627,2.2571442127227783,3.6490471363067627
0.12120024859905243,2.1323671340942383,3.6815991401672363,2.1323671340942383,3.6815991401672363
3.602242946624756,2.214797258377075,3.058241128921509,2.214797258377075,3.058241128921509
5.291703224182129,2.3672103881835938,3.799177885055542,2.3672103881835938,3.799177885055542
0.3233598470687866,2.2752487659454346,3.430250883102417,2.2752487659454346,3.430250883102417
3.386341094970703,2.3263959884643555,3.2615790367126465,2.3263959884643555,3.2615790367126465
1.5257562398910522,2.287114381790161,3.5014777183532715,2.287114381790161,3.5014777183532715
0.855215847492218,2.2358930110931396,3.069695472717285,2.2358930110931396,3.069695472717285
6.271291255950928,2.394362688064575,3.2616171836853027,2.394362688064575,3.2616171836853027
0.40762126445770264,2.30594801902771,2.9819388389587402,2.30594801902771,2.9819388389587402
0.5819266438484192,2.240000009536743,1.9053115844726562,2.240000009536743,1.9053115844726562
0.048359282314777374,0.048359282314777374,2.435576915740967,0.048359282314777374,2.435576915740967
0.007792194839566946,0.03004482388496399,4.18684720993042,0.03004482388496399,4.18684720993042
0.0005517867393791676,0.020652970299124718,3.108656167984009,0.020652970299124718,3.108656167984009
0.47966182231903076,0.13727876543998718,3.0695369243621826,0.13727876543998718,3.0695369243621826
0.004145956598222256,0.11596105247735977,2.869302272796631,0.11596105247735977,2.869302272796631
1.8349765539169312,0.3975432217121124,1.4532485008239746,0.3975432217121124,1.4532485008239746
4.3653564453125,0.9662801027297974,2.8975436687469482,0.9662801027297974,2.8975436687469482
0.5623223185539246,0.9176488518714905,2.3762753009796143,0.9176488518714905,2.3762753009796143
1.5701661109924316,0.999028742313385,2.585360288619995,0.999028742313385,2.585360288619995
0.2899130880832672,0.9247311353683472,1.6060724258422852,0.9247311353683472,1.6060724258422852
0.08483073860406876,0.08483073860406876,2.8740198612213135,0.08483073860406876,2.8740198612213135
0.005070327315479517,0.04201225936412811,4.410363674163818,0.04201225936412811,4.410363674163818
0.0006687788409180939,0.028240518644452095,3.459205150604248,0.028240518644452095,3.459205150604248
0.059289708733558655,0.03742831572890282,3.5216355323791504,0.03742831572890282,3.5216355323791504
0.0034474246203899384,0.02902115322649479,3.3846614360809326,0.02902115322649479,3.3846614360809326
8.536758422851562,1.4473838806152344,4.494138717651367,1.4473838806152344,4.494138717651367
2.383139133453369,1.579995036125183,3.7586026191711426,1.579995036125183,3.7586026191711426
4.716689109802246,1.969873309135437,3.404717206954956,1.969873309135437,3.404717206954956
3.1048431396484375,2.102858543395996,3.194275379180908,2.102858543395996,3.194275379180908
0.09144502133131027,1.900564193725586,3.44281268119812,1.900564193725586,3.44281268119812
5.042628765106201,2.1950998306274414,3.2283172607421875,2.1950998306274414,3.2283172607421875
4.359131813049316,2.3642866611480713,3.7040557861328125,2.3642866611480713,3.7040557861328125
0.08166506141424179,2.194823741912842,3.602038621902466,2.194823741912842,3.602038621902466
1.980130672454834,2.178096294403076,3.649658679962158,2.178096294403076,3.649658679962158
1.8993970155715942,2.163628578186035,3.7333407402038574,2.163628578186035,3.7333407402038574
0.6056012511253357,2.0585453510284424,3.396559953689575,2.0585453510284424,3.396559953689575
0.5562899112701416,1.9716837406158447,2.868393898010254,1.9716837406158447,2.868393898010254
0.28717342019081116,1.8825372457504272,1.9782392978668213,1.8825372457504272,1.9782392978668213
0.017122304067015648,0.017122304067015648,2.6424570083618164,0.017122304067015648,2.6424570083618164
0.003507772693410516,0.010377318598330021,4.18435525894165,0.010377318598330021,4.18435525894165
0.0006208876147866249,0.0075082615949213505,3.2777259349823,0.0075082615949213505,3.2777259349823
0.15839260816574097,0.04494272172451019,3.188127279281616,0.04494272172451019,3.188127279281616
0.0056122117675840855,0.043703336268663406,3.273634672164917,0.043703336268663406,3.273634672164917
5.543644905090332,0.9609355926513672,3.5810813903808594,0.9609355926513672,3.5810813903808594
2.705998659133911,1.2065250873565674,3.4021873474121094,1.2065250873565674,3.4021873474121094
0.10468678176403046,1.075911045074463,1.617441177368164,1.075911045074463,1.617441177368164
0.02985374443233013,0.02985374443233013,2.850088596343994,0.02985374443233013,2.850088596343994
0.0046563055366277695,0.016371488571166992,4.400469779968262,0.016371488571166992,4.400469779968262
0.0008077934035100043,0.01162419468164444,3.6751255989074707,0.01162419468164444,3.6751255989074707
0.08485833555459976,0.02925974689424038,3.6864311695098877,0.02925974689424038,3.6864311695098877
0.004608960822224617,0.02553969994187355,3.650282382965088,0.02553969994187355,3.650282382965088
4.98994255065918,0.853376567363739,3.4116930961608887,0.853376567363739,3.4116930961608887
1.8728177547454834,0.9952169060707092,3.802736282348633,0.9952169060707092,3.802736282348633
2.3477730751037598,1.1584570407867432,3.1022515296936035,1.1584570407867432,3.1022515296936035
1.7069510221481323,1.2273776531219482,4.095036029815674,1.2273776531219482,4.095036029815674
0.003556119976565242,1.101048469543457,3.499056577682495,1.101048469543457,3.499056577682495
1.2209787368774414,1.1149647235870361,2.8855388164520264,1.1149647235870361,2.8855388164520264
1.1587791442871094,1.11794912815094,4.480064868927002,1.11794912815094,4.480064868927002
0.0026442583184689283,1.0377023220062256,3.751494884490967,1.0377023220062256,3.751494884490967
0.16481879353523254,0.9749425053596497,4.110589027404785,0.9749425053596497,4.110589027404785
0.10922320187091827,0.9150552153587341,4.217926979064941,0.9150552153587341,4.217926979064941
0.0410686619579792,0.8606953024864197,2.7014760971069336,0.8606953024864197,2.7014760971069336
3.3022727966308594,0.9959068298339844,2.732434034347534,0.9959068298339844,2.732434034347534
7.010422706604004,1.336348056793213,2.672717332839966,1.336348056793213,2.672717332839966
3.134036064147949,1.4310764074325562,2.665431499481201,1.4310764074325562,2.665431499481201
9.651834487915039,1.8418489694595337,3.048107147216797,1.8418489694595337,3.048107147216797
0.0770718976855278,1.7568105459213257,2.4421346187591553,1.7568105459213257,2.4421346187591553
0.27803167700767517,1.6881752014160156,1.9279699325561523,1.6881752014160156,1.9279699325561523
0.015874436125159264,0.015874436125159264,2.579253911972046,0.015874436125159264,2.579253911972046
0.005333836190402508,0.010435620322823524,4.2227463722229,0.010435620322823524,4.2227463722229
0.0005395148764364421,0.007190930191427469,3.1288673877716064,0.007190930191427469,3.1288673877716064
0.2198648899793625,0.060340553522109985,3.1470351219177246,0.060340553522109985,3.1470351219177246
0.0038742972537875175,0.04918105900287628,3.031066417694092,0.04918105900287628,3.031066417694092
4.266944885253906,0.752115786075592,3.070694923400879,0.752115786075592,3.070694923400879
0.07895397394895554,0.654973566532135,3.364490509033203,0.654973566532135,3.364490509033203
8.366745948791504,1.6182291507720947,3.3468830585479736,1.6182291507720947,3.3468830585479736
0.15235066413879395,1.4636026620864868,2.4526031017303467,1.4636026620864868,2.4526031017303467
3.0682971477508545,1.6240241527557373,2.8806557655334473,1.6240241527557373,2.8806557655334473
0.13564717769622803,1.4894589185714722,2.358872413635254,1.4894589185714722,2.358872413635254
0.4084137976169586,1.4034343957901,2.571366786956787,1.4034343957901,2.571366786956787
0.26992926001548767,1.311195969581604,1.6105833053588867,1.311195969581604,1.6105833053588867
0.03826918452978134,0.03826918452978134,2.9139628410339355,0.03826918452978134,2.9139628410339355
0.00531332241371274,0.0224529430270195,4.329541206359863,0.0224529430270195,4.329541206359863
0.0006860524881631136,0.015211451798677444,3.5247695446014404,0.015211451798677444,3.5247695446014404
0.07118363678455353,0.029273729771375656,3.51185941696167,0.029273729771375656,3.51185941696167
0.0028880813624709845,0.02266060747206211,3.282578706741333,0.02266060747206211,3.282578706741333
2.738142967224121,0.4760690927505493,3.114093542098999,0.4760690927505493,3.114093542098999
2.9485931396484375,0.8284327387809753,4.313614845275879,0.8284327387809753,4.313614845275879
0.0007481159991584718,0.7251883745193481,3.401092052459717,0.7251883745193481,3.401092052459717
1.6715960502624512,0.8278294801712036,3.2477364540100098,0.8278294801712036,3.2477364540100098
7.5485429763793945,1.4991945028305054,3.546302318572998,1.4991945028305054,3.546302318572998
1.101914405822754,1.4640003442764282,3.082984447479248,1.4640003442764282,3.082984447479248
1.3053652048110962,1.4466938972473145,3.8429622650146484,1.4466938972473145,3.8429622650146484
0.015435636974871159,1.3365994691848755,2.9512665271759033,1.3365994691848755,2.9512665271759033
2.208106756210327,1.400617241859436,3.545149326324463,1.400617241859436,3.545149326324463
0.23271964490413666,1.324484944343567,3.3728034496307373,1.324484944343567,3.3728034496307373
2.9892756938934326,1.431667447090149,3.1330292224884033,1.431667447090149,3.1330292224884033
6.6663713455200195,1.7332245111465454,2.9254374504089355,1.7332245111465454,2.9254374504089355
2.8907113075256348,1.7964829206466675,3.0267539024353027,1.7964829206466675,3.0267539024353027
0.02994641847908497,1.7129504680633545,2.870274305343628,1.7129504680633545,2.870274305343628
9.419310569763184,2.10762619972229,2.748713493347168,2.10762619972229,2.748713493347168
2.381622076034546,2.1112234592437744,3.4057984352111816,2.1112234592437744,3.4057984352111816
3.120185613632202,2.1560871601104736,2.622997760772705,2.1560871601104736,2.622997760772705
1.203316569328308,2.1161746978759766,2.9752144813537598,2.1161746978759766,2.9752144813537598
5.165892124176025,2.243452787399292,3.3336081504821777,2.243452787399292,3.3336081504821777
4.428793907165527,2.3311545848846436,3.3834545612335205,2.3311545848846436,3.3834545612335205
1.0411521196365356,2.282531976699829,2.9318718910217285,2.282531976699829,2.9318718910217285
9.748842239379883,2.5689752101898193,3.04921293258667,2.5689752101898193,3.04921293258667
0.40114328265190125,2.4909682273864746,2.3719942569732666,2.4909682273864746,2.3719942569732666
0.17110984027385712,2.4041903018951416,2.3252484798431396,2.4041903018951416,2.3252484798431396
3.7182555198669434,2.4366908073425293,3.404240846633911,2.4366908073425293,3.404240846633911
2.2811150550842285,2.437695264816284,2.7895684242248535,2.437695264816284,2.7895684242248535
1.9593505859375,2.4195683002471924,2.9131765365600586,2.4195683002471924,2.9131765365600586
0.9024435877799988,2.365236520767212,3.3276703357696533,2.365236520767212,3.3276703357696533
0.7405486106872559,2.317798376083374,3.2935214042663574,2.317798376083374,3.2935214042663574
0.2454390525817871,2.261791944503784,3.3688442707061768,2.261791944503784,3.3688442707061768
0.019670184701681137,2.2214601039886475,3.4171950817108154,2.2214601039886475,3.4171950817108154
1.6985135078430176,2.21358323097229,2.6157710552215576,2.21358323097229,2.6157710552215576
0.2975682318210602,2.1561789512634277,1.6126995086669922,2.1561789512634277,1.6126995086669922
0.019828319549560547,0.019828319549560547,2.6665725708007812,0.019828319549560547,2.6665725708007812
0.004451722372323275,0.012155680917203426,4.100616931915283,0.012155680917203426,4.100616931915283
0.00043418517452664673,0.008325153030455112,3.153911590576172,0.008325153030455112,3.153911590576172
0.019379092380404472,0.011099183931946754,2.944262981414795,0.011099183931946754,2.944262981414795
0.008344192057847977,0.011038287542760372,2.9146714210510254,0.011038287542760372,2.9146714210510254
4.191551208496094,0.7075470089912415,2.7129340171813965,0.7075470089912415,2.7129340171813965
1.7622867822647095,0.8586212992668152,2.756420373916626,0.8586212992668152,2.756420373916626
4.395759582519531,1.3060474395751953,2.521535873413086,1.3060474395751953,2.521535873413086
2.1356141567230225,1.3921089172363281,2.7928543090820312,1.3921089172363281,2.7928543090820312
2.216540813446045,1.4759918451309204,2.416317939758301,1.4759918451309204,2.416317939758301
1.973122239112854,1.5198426246643066,2.6866655349731445,1.5198426246643066,2.6866655349731445
1.1244316101074219,1.485125184059143,2.268171787261963,1.485125184059143,2.268171787261963
0.38979572057724,1.390200138092041,2.800441026687622,1.390200138092041,2.800441026687622
5.600586414337158,1.6862385272979736,3.125401496887207,1.6862385272979736,3.125401496887207
0.765072226524353,1.632540225982666,2.9464659690856934,1.632540225982666,2.9464659690856934
0.7502467632293701,1.5755032300949097,1.549813985824585,1.5755032300949097,1.549813985824585
0.03235708549618721,0.03235708549618721,3.328051805496216,0.03235708549618721,3.328051805496216
0.005825801752507687,0.019566548988223076,4.481527805328369,0.019566548988223076,4.481527805328369
0.0006453100359067321,0.012748729437589645,3.3879809379577637,0.012748729437589645,3.3879809379577637
0.633359968662262,0.16874288022518158,3.4270777702331543,0.16874288022518158,3.4270777702331543
0.003989357966929674,0.1343391239643097,3.477142810821533,0.1343391239643097,3.477142810821533
4.5996551513671875,0.8759920001029968,2.142287254333496,0.8759920001029968,2.142287254333496
6.405834197998047,1.6701335906982422,2.484206199645996,1.6701335906982422,2.484206199645996
3.246368408203125,1.8702208995819092,3.139906406402588,1.8702208995819092,3.139906406402588
5.507652282714844,2.267080783843994,3.483505964279175,2.267080783843994,3.483505964279175
10.985907554626465,3.136888027191162,3.2760422229766846,3.136888027191162,3.2760422229766846
1.4202121496200562,2.971202850341797,2.9625039100646973,2.971202850341797,2.9625039100646973
0.658540666103363,2.7666966915130615,3.3084137439727783,2.7666966915130615,3.3084137439727783
0.4077748656272888,2.5806028842926025,2.7604153156280518,2.5806028842926025,2.7604153156280518
0.04711649566888809,0.04711649566888809,2.742464065551758,0.04711649566888809,2.742464065551758
0.002931704046204686,0.02400028519332409,4.107156753540039,0.02400028519332409,4.107156753540039
0.0007204797584563494,0.01312210876494646,3.416553020477295,0.01312210876494646,3.416553020477295
6.161559104919434,1.55110502243042,3.011903762817383,1.55110502243042,3.011903762817383
0.004626997280865908,1.2893073558807373,3.008880376815796,1.2893073558807373,3.008880376815796
6.244951248168945,2.0952351093292236,3.314074993133545,2.0952351093292236,3.314074993133545
2.4737040996551514,2.146958112716675,2.6720404624938965,2.146958112716675,2.6720404624938965
2.9345955848693848,2.2453489303588867,3.271944761276245,2.2453489303588867,3.271944761276245
7.297788619995117,2.8068408966064453,3.1819067001342773,2.8068408966064453,3.1819067001342773
2.7031731605529785,2.7997658252716064,2.9875078201293945,2.7997658252716064,2.9875078201293945
0.5512159466743469,2.586289405822754,1.8986423015594482,2.586289405822754,1.8986423015594482
0.03355793654918671,0.03355793654918671,2.7232439517974854,0.03355793654918671,2.7232439517974854
0.008662267588078976,0.02184731885790825,4.495113372802734,0.02184731885790825,4.495113372802734
0.0007832558476366103,0.014968078583478928,3.5648562908172607,0.014968078583478928,3.5648562908172607
1.510129451751709,0.38877904415130615,3.6662635803222656,0.38877904415130615,3.6662635803222656
0.003975940868258476,0.29976287484169006,3.7481491565704346,0.29976287484169006,3.7481491565704346
3.7049942016601562,0.8695630431175232,3.497459888458252,0.8695630431175232,3.497459888458252
0.4222721755504608,0.8027626872062683,3.6600804328918457,0.8027626872062683,3.6600804328918457
5.497307300567627,1.399322509765625,3.850008487701416,1.399322509765625,3.850008487701416
2.7117795944213867,1.5366991758346558,3.5405330657958984,1.5366991758346558,3.5405330657958984
2.877732515335083,1.666807770729065,3.8558990955352783,1.666807770729065,3.8558990955352783
3.951216220855713,1.870179295539856,3.8284263610839844,1.870179295539856,3.8284263610839844
1.1334173679351807,1.8132652044296265,4.928195476531982,1.8132652044296265,4.928195476531982
0.004197596572339535,1.6792519092559814,4.362926483154297,1.6792519092559814,4.362926483154297
0.03257853910326958,1.561326265335083,4.151761531829834,1.561326265335083,4.151761531829834
1.964396595954895,1.5959831476211548,3.7414162158966064,1.5959831476211548,3.7414162158966064
0.20022280514240265,1.5130350589752197,3.5996100902557373,1.5130350589752197,3.5996100902557373
1.1718183755874634,1.4881969690322876,3.827549457550049,1.4881969690322876,3.827549457550049
0.2660042941570282,1.4227886199951172,3.5196006298065186,1.4227886199951172,3.5196006298065186
0.31326234340667725,1.3561137914657593,3.6943516731262207,1.3561137914657593,3.6943516731262207
0.39831629395484924,1.307427167892456,2.385622262954712,1.307427167892456,2.385622262954712
0.026811685413122177,0.026811685413122177,2.7521986961364746,0.026811685413122177,2.7521986961364746
0.0044657266698777676,0.014022518880665302,4.302143573760986,0.014022518880665302,4.302143573760986
0.0005597693379968405,0.010479491204023361,3.3369383811950684,0.010479491204023361,3.3369383811950684
1.4613934755325317,0.37321221828460693,3.06650710105896,0.37321221828460693,3.06650710105896
0.010897999629378319,0.3541136384010315,3.3132100105285645,0.3541136384010315,3.3132100105285645
2.8467702865600586,0.7585163116455078,1.7188212871551514,0.7585163116455078,1.7188212871551514
4.465265274047852,1.2808736562728882,1.222000002861023,1.2808736562728882,1.222000002861023
1.1894969940185547,1.1894969940185547,2.2262792587280273,1.1894969940185547,2.2262792587280273
0.008375401608645916,0.6163673400878906,4.139175891876221,0.6163673400878906,4.139175891876221
0.0006017066189087927,0.37997594475746155,3.0311105251312256,0.37997594475746155,3.0311105251312256
0.7440803050994873,0.4878053069114685,3.2781052589416504,0.4878053069114685,3.2781052589416504
0.002748642349615693,0.37993451952934265,3.2446181774139404,0.37993451952934265,3.2446181774139404
7.155780792236328,1.5066776275634766,4.307772636413574,1.5066776275634766,4.307772636413574
0.48040151596069336,1.3507134914398193,3.771545886993408,1.3507134914398193,3.771545886993408
0.31852906942367554,1.231301188468933,3.2176883220672607,1.231301188468933,3.2176883220672607
5.709794521331787,1.7275233268737793,2.69746732711792,1.7275233268737793,2.69746732711792
2.1032071113586426,1.7688467502593994,3.305246353149414,1.7688467502593994,3.305246353149414
0.018669243901968002,1.6140201091766357,3.530179500579834,1.6140201091766357,3.530179500579834
7.6571574211120605,2.118058681488037,3.8994784355163574,2.118058681488037,3.8994784355163574
0.3815475404262543,1.9827967882156372,2.885249614715576,1.9827967882156372,2.885249614715576
2.3641090393066406,2.001220464706421,3.5177204608917236,2.001220464706421,3.5177204608917236
12.168110847473145,2.677072048187256,3.7421863079071045,2.677072048187256,3.7421863079071045
9.9312744140625,3.1402711868286133,3.4601588249206543,3.1402711868286133,3.4601588249206543
1.4018635749816895,3.025731086730957,3.506364345550537,3.025731086730957,3.506364345550537
1.3581668138504028,2.9344592094421387,2.7723283767700195,2.9344592094421387,2.7723283767700195
5.622466564178467,3.0795488357543945,3.840334415435791,3.0795488357543945,3.840334415435791
0.10487807542085648,2.933288097381592,2.8709378242492676,2.933288097381592,2.8709378242492676
0.611173152923584,2.83030366897583,2.95339035987854,2.83030366897583,2.95339035987854
5.597877025604248,2.9527883529663086,3.803250551223755,2.9527883529663086,3.803250551223755
1.5838311910629272,2.901676654815674,2.7894349098205566,2.901676654815674,2.7894349098205566
0.2564389705657959,2.7858755588531494,1.861599326133728,2.7858755588531494,1.861599326133728
0.016943931579589844,0.016943931579589844,2.5256495475769043,0.016943931579589844,2.5256495475769043
0.008501528762280941,0.012399135157465935,4.216387748718262,0.012399135157465935,4.216387748718262
0.0005099665140733123,0.00774565851315856,2.9093832969665527,0.00774565851315856,2.9093832969665527
1.8712631464004517,0.47376149892807007,3.0602588653564453,0.47376149892807007,3.0602588653564453
0.007475025020539761,0.3966861665248871,3.1926612854003906,0.3966861665248871,3.1926612854003906
7.020318984985352,1.492636799812317,3.7225441932678223,1.492636799812317,3.7225441932678223
0.49532169103622437,1.3853776454925537,2.929715871810913,1.3853776454925537,2.929715871810913
2.0555174350738525,1.444873332977295,3.108543872833252,1.444873332977295,3.108543872833252
5.126962661743164,1.8730348348617554,3.2745678424835205,1.8730348348617554,3.2745678424835205
4.490133762359619,2.1172144412994385,3.2896931171417236,2.1172144412994385,3.2896931171417236
0.1961149126291275,1.9474037885665894,2.7761378288269043,1.9474037885665894,2.7761378288269043
0.24048751592636108,1.8164267539978027,1.7836334705352783,1.8164267539978027,1.7836334705352783
0.018566392362117767,0.018566392362117767,2.818852424621582,0.018566392362117767,2.818852424621582
0.006057949271053076,0.012233354151248932,4.5169830322265625,0.012233354151248932,4.5169830322265625
0.000846027978695929,0.008458705618977547,3.387524366378784,0.008458705618977547,3.387524366378784
0.7094089984893799,0.18367047607898712,3.633058547973633,0.18367047607898712,3.633058547973633
0.0029565454460680485,0.1488836109638214,3.9257168769836426,0.1488836109638214,3.9257168769836426
4.459364891052246,0.8675934672355652,4.84187126159668,0.8675934672355652,4.84187126159668
0.025422697886824608,0.7446213364601135,3.0901973247528076,0.7446213364601135,3.0901973247528076
0.4129244387149811,0.7062458992004395,3.671004056930542,0.7062458992004395,3.671004056930542
0.12325305491685867,0.6421192288398743,3.8916869163513184,0.6421192288398743,3.8916869163513184
0.826127290725708,0.657464861869812,3.8400955200195312,0.657464861869812,3.8400955200195312
0.23393921554088593,0.6213998794555664,3.2791202068328857,0.6213998794555664,3.2791202068328857
0.1827469915151596,0.587400496006012,2.212348222732544,0.587400496006012,2.212348222732544
0.025808462873101234,0.025808462873101234,2.6045174598693848,0.025808462873101234,2.6045174598693848
0.005455249920487404,0.015483134426176548,4.401285648345947,0.015483134426176548,4.401285648345947
0.0007046362152323127,0.010958482511341572,3.212041139602661,0.010958482511341572,3.212041139602661
2.0151009559631348,0.5114256739616394,3.055233955383301,0.5114256739616394,3.055233955383301
0.006271444261074066,0.39504721760749817,3.093557596206665,0.39504721760749817,3.093557596206665
2.744250774383545,0.7921765446662903,2.8851687908172607,0.7921765446662903,2.8851687908172607
0.8729249835014343,0.7927567362785339,2.762376308441162,0.7927567362785339,2.762376308441162
0.22699706256389618,0.7366223335266113,1.776507019996643,0.7366223335266113,1.776507019996643
0.05091092735528946,0.05091092735528946,2.638854742050171,0.05091092735528946,2.638854742050171
0.005335377529263496,0.02904919534921646,4.3441362380981445,0.02904919534921646,4.3441362380981445
0.0005364171229302883,0.0215789582580328,3.382270097732544,0.0215789582580328,3.382270097732544
0.3720957636833191,0.10790099203586578,3.2899832725524902,0.10790099203586578,3.2899832725524902
0.0031774768140167,0.08257389068603516,3.2041969299316406,0.08257389068603516,3.2041969299316406
4.214399337768555,0.7724202275276184,3.1116018295288086,0.7724202275276184,3.1116018295288086
0.7019023299217224,0.7631679177284241,2.805745840072632,0.7631679177284241,2.805745840072632
5.993380069732666,1.4092497825622559,2.4446921348571777,1.4092497825622559,2.4446921348571777
0.3079186677932739,1.2913717031478882,3.1440486907958984,1.2913717031478882,3.1440486907958984
7.114549160003662,1.8680356740951538,2.785954236984253,1.8680356740951538,2.785954236984253
2.3103208541870117,1.9185198545455933,2.895402431488037,1.9185198545455933,2.895402431488037
0.591680109500885,1.8163909912109375,3.195223331451416,1.8163909912109375,3.195223331451416
0.9864716529846191,1.7525137662887573,3.409255266189575,1.7525137662887573,3.409255266189575
0.7069417238235474,1.6746717691421509,3.2782154083251953,1.6746717691421509,3.2782154083251953
0.33849936723709106,1.589854121208191,2.8875036239624023,1.589854121208191,2.8875036239624023
0.1401739865541458,1.5051243305206299,1.9727647304534912,1.5051243305206299,1.9727647304534912
0.01455405168235302,0.01455405168235302,2.528174877166748,0.01455405168235302,2.528174877166748
0.006211499683558941,0.010643822140991688,4.289941787719727,0.010643822140991688,4.289941787719727
0.0007288183551281691,0.007156804669648409,2.866454839706421,0.007156804669648409,2.866454839706421
1.230352759361267,0.3122791051864624,3.175197124481201,0.3122791051864624,3.175197124481201
0.005411381367594004,0.23218579590320587,3.496553421020508,0.23218579590320587,3.496553421020508
2.801104784011841,0.6652557849884033,3.048696517944336,0.6652557849884033,3.048696517944336
3.5516929626464844,1.0945121049880981,3.630258083343506,1.0945121049880981,3.630258083343506
0.0014424644177779555,0.9552826285362244,2.3348939418792725,0.9552826285362244,2.3348939418792725
1.6364121437072754,1.028532862663269,2.5566561222076416,1.028532862663269,2.5566561222076416
0.7837650179862976,1.0064373016357422,2.946206569671631,1.0064373016357422,2.946206569671631
1.1003239154815674,1.0147960186004639,2.594609022140503,1.0147960186004639,2.594609022140503
0.4475099444389343,0.9652049541473389,2.812501907348633,0.9652049541473389,2.812501907348633
0.222061887383461,0.8975556492805481,1.7933857440948486,0.8975556492805481,1.7933857440948486
0.02027828060090542,0.02027828060090542,2.8873589038848877,0.02027828060090542,2.8873589038848877
0.005351029336452484,0.012634842656552792,4.552419185638428,0.012634842656552792,4.552419185638428
0.0007565735140815377,0.008854963816702366,3.505678653717041,0.008854963816702366,3.505678653717041
0.25345316529273987,0.06982602924108505,3.598801374435425,0.06982602924108505,3.598801374435425
0.0029856651090085506,0.05430219694972038,3.7648327350616455,0.05430219694972038,3.7648327350616455
3.1592445373535156,0.5709794163703918,3.3563148975372314,0.5709794163703918,3.3563148975372314
1.7566155195236206,0.7433295249938965,3.2004847526550293,0.7433295249938965,3.2004847526550293
0.030422380194067955,0.6502983570098877,3.2205729484558105,0.6502983570098877,3.2205729484558105
7.188369274139404,1.380916714668274,4.6206536293029785,1.380916714668274,4.6206536293029785
0.00045813556062057614,1.239236831665039,3.2761409282684326,1.239236831665039,3.2761409282684326
1.9206045866012573,1.303152322769165,3.5967040061950684,1.303152322769165,3.5967040061950684
1.3069736957550049,1.304031252861023,3.295029401779175,1.304031252861023,3.295029401779175
0.9196281433105469,1.2769412994384766,3.267268657684326,1.2769412994384766,3.267268657684326
6.267582416534424,1.6330941915512085,4.304476737976074,1.6330941915512085,4.304476737976074
0.027030427008867264,1.5237070322036743,2.7987473011016846,1.5237070322036743,2.7987473011016846
5.137680530548096,1.7546074390411377,3.67149019241333,1.7546074390411377,3.67149019241333
6.989448547363281,2.0637881755828857,3.593553066253662,2.0637881755828857,3.593553066253662
3.6182758808135986,2.1506166458129883,3.0968680381774902,2.1506166458129883,3.0968680381774902
3.3045644760131836,2.2093536853790283,3.4704787731170654,2.2093536853790283,3.4704787731170654
0.6654875874519348,2.1343090534210205,2.885035991668701,2.1343090534210205,2.885035991668701
6.349710464477539,2.330247163772583,3.7952091693878174,2.330247163772583,3.7952091693878174
0.34251123666763306,2.234893321990967,3.3249733448028564,2.234893321990967,3.3249733448028564
2.3195581436157227,2.235246181488037,2.9613394737243652,2.235246181488037,2.9613394737243652
1.4557548761367798,2.2013676166534424,3.179286003112793,2.2013676166534424,3.179286003112793
2.0305681228637695,2.1852757930755615,3.2973995208740234,2.1852757930755615,3.2973995208740234
1.3888897895812988,2.1564714908599854,3.7877960205078125,2.1564714908599854,3.7877960205078125
0.0839695930480957,2.08199405670166,2.593790054321289,2.08199405670166,2.593790054321289
0.6582241058349609,2.0308992862701416,2.713693857192993,2.0308992862701416,2.713693857192993
5.7202911376953125,2.1600840091705322,2.37119722366333,2.1600840091705322,2.37119722366333
8.682846069335938,2.3808374404907227,2.7574803829193115,2.3808374404907227,2.7574803829193115
10.356096267700195,2.638356924057007,3.104888677597046,2.638356924057007,3.104888677597046
0.7920495271682739,2.586937665939331,3.0649943351745605,2.586937665939331,3.0649943351745605
1.7712498903274536,2.5641205310821533,2.7063698768615723,2.5641205310821533,2.7063698768615723
5.344282150268555,2.64928936958313,2.2263922691345215,2.64928936958313,2.2263922691345215
2.5743231773376465,2.642979145050049,2.6099376678466797,2.642979145050049,2.6099376678466797
2.1203582286834717,2.6236042976379395,2.998051643371582,2.6236042976379395,2.998051643371582
2.445120334625244,2.623450994491577,2.337473154067993,2.623450994491577,2.337473154067993
5.019804000854492,2.6847379207611084,2.7826857566833496,2.6847379207611084,2.7826857566833496
3.7420647144317627,2.7098822593688965,2.3141350746154785,2.7098822593688965,2.3141350746154785
1.5189281702041626,2.6821370124816895,3.0967891216278076,2.6821370124816895,3.0967891216278076
4.738050937652588,2.7355010509490967,3.5900893211364746,2.7355010509490967,3.5900893211364746
0.013323912397027016,2.6700081825256348,3.4483394622802734,2.6700081825256348,3.4483394622802734
7.001203536987305,2.775269031524658,3.298746109008789,2.775269031524658,3.298746109008789
0.5772304534912109,2.728262186050415,2.921738386154175,2.728262186050415,2.921738386154175
5.5776286125183105,2.7982945442199707,2.7978515625,2.7982945442199707,2.7978515625
0.4791772961616516,2.741987705230713,3.173736333847046,2.741987705230713,3.173736333847046
7.791443347930908,2.840333938598633,3.8788628578186035,2.840333938598633,3.8788628578186035
1.2590848207473755,2.803532838821411,4.119805812835693,2.803532838821411,4.119805812835693
3.3290083408355713,2.822486639022827,2.956303834915161,2.822486639022827,2.956303834915161
2.8068675994873047,2.823026418685913,3.2558791637420654,2.823026418685913,3.2558791637420654
6.530393123626709,2.8850059509277344,3.3329081535339355,2.8850059509277344,3.3329081535339355
0.7532978653907776,2.847573757171631,2.672211170196533,2.847573757171631,2.672211170196533
5.395380020141602,2.892665386199951,2.9606478214263916,2.892665386199951,2.9606478214263916
3.6362483501434326,2.9089322090148926,2.8148744106292725,2.9089322090148926,2.8148744106292725
6.120354175567627,2.9680702686309814,2.8703904151916504,2.9680702686309814,2.8703904151916504
3.344280481338501,2.972449541091919,3.1739296913146973,2.972449541091919,3.1739296913146973
3.331845760345459,2.978879690170288,3.505446195602417,2.978879690170288,3.505446195602417
0.8861160278320312,2.944216251373291,3.613626480102539,2.944216251373291,3.613626480102539
0.11010431498289108,2.90403151512146,2.9100170135498047,2.90403151512146,2.9100170135498047
4.830067157745361,2.932119131088257,2.1431946754455566,2.932119131088257,2.1431946754455566
5.149083137512207,2.960691213607788,3.0364603996276855,2.960691213607788,3.0364603996276855
1.2337552309036255,2.929380178451538,3.5642268657684326,2.929380178451538,3.5642268657684326
0.7472896575927734,2.898524761199951,3.902456283569336,2.898524761199951,3.902456283569336
0.027193784713745117,2.8519976139068604,2.647813320159912,2.8519976139068604,2.647813320159912
2.4594788551330566,2.835814952850342,2.871701717376709,2.835814952850342,2.871701717376709
0.24665924906730652,2.7968332767486572,2.378321647644043,2.7968332767486572,2.378321647644043
3.263857364654541,2.806501865386963,3.1911237239837646,2.806501865386963,3.1911237239837646
0.756680965423584,2.7744078636169434,3.3983731269836426,2.7744078636169434,3.3983731269836426
0.37461185455322266,2.7338099479675293,4.055212497711182,2.7338099479675293,4.055212497711182
0.011365549638867378,2.69988751411438,2.619218349456787,2.69988751411438,2.619218349456787
4.906924247741699,2.731309413909912,2.9468157291412354,2.731309413909912,2.9468157291412354
0.16080354154109955,2.694631814956665,2.3358142375946045,2.694631814956665,2.3358142375946045
7.088303089141846,2.758155584335327,1.6953084468841553,2.758155584335327,1.6953084468841553
5.842229843139648,2.799560070037842,2.312727451324463,2.799560070037842,2.312727451324463
3.7947638034820557,2.816182851791382,2.248605966567993,2.816182851791382,2.248605966567993
5.98143196105957,2.8575637340545654,2.3677780628204346,2.8575637340545654,2.3677780628204346
2.1021499633789062,2.8480801582336426,2.3333563804626465,2.8480801582336426,2.3333563804626465
3.757702589035034,2.867039680480957,2.1848394870758057,2.867039680480957,2.1848394870758057
1.0405817031860352,2.840074300765991,2.5228419303894043,2.840074300765991,2.5228419303894043
7.492037773132324,2.8997697830200195,3.184431791305542,2.8997697830200195,3.184431791305542
0.9026651382446289,2.873626708984375,3.050790309906006,2.873626708984375,3.050790309906006
3.024372100830078,2.874696731567383,3.2732315063476562,2.874696731567383,3.2732315063476562
5.34942626953125,2.9014642238616943,3.3388264179229736,2.9014642238616943,3.3388264179229736
1.6673319339752197,2.8840491771698,2.694058895111084,2.8840491771698,2.694058895111084
2.8721437454223633,2.8769280910491943,2.9418911933898926,2.8769280910491943,2.9418911933898926
1.7718069553375244,2.8605048656463623,3.9995551109313965,2.8605048656463623,3.9995551109313965
9.884842872619629,2.9451537132263184,4.368957996368408,2.9451537132263184,4.368957996368408
0.8757045269012451,2.9264183044433594,4.293499946594238,2.9264183044433594,4.293499946594238
2.0019919872283936,2.912339687347412,3.3522002696990967,2.912339687347412,3.3522002696990967
3.3970441818237305,2.9268550872802734,3.416196823120117,2.9268550872802734,3.416196823120117
0.23238426446914673,2.900834321975708,3.885618209838867,2.900834321975708,3.885618209838867
10.47742748260498,2.9808266162872314,4.2914719581604,2.9808266162872314,4.2914719581604
0.9672772884368896,2.946474075317383,3.990504503250122,2.946474075317383,3.990504503250122
0.44319385290145874,2.9116077423095703,3.2173595428466797,2.9116077423095703,3.2173595428466797
1.8708919286727905,2.902107000350952,3.412513017654419,2.902107000350952,3.412513017654419
0.1254037767648697,2.874220848083496,4.069972038269043,2.874220848083496,4.069972038269043
4.889068126678467,2.8788115978240967,3.818568468093872,2.8788115978240967,3.818568468093872
0.40849027037620544,2.8839876651763916,3.118837833404541,2.8839876651763916,3.118837833404541
5.713860511779785,2.8939785957336426,3.1281161308288574,2.8939785957336426,3.1281161308288574
7.313838958740234,2.9764602184295654,1.6519482135772705,2.9764602184295654,1.6519482135772705
10.368231773376465,3.061969041824341,3.0226407051086426,3.061969041824341,3.0226407051086426
6.095335960388184,3.092177391052246,2.86141300201416,3.092177391052246,2.86141300201416
5.718349456787109,3.1120333671569824,3.8395469188690186,3.1120333671569824,3.8395469188690186
12.285760879516602,3.2073311805725098,3.107969284057617,3.2073311805725098,3.107969284057617
7.091850757598877,3.2429044246673584,3.7324256896972656,3.2429044246673584,3.7324256896972656
4.586179733276367,3.261385917663574,2.91135835647583,3.261385917663574,2.91135835647583
9.23951244354248,3.3150110244750977,3.4656894207000732,3.3150110244750977,3.4656894207000732
1.602167010307312,3.306098461151123,3.6021008491516113,3.306098461151123,3.6021008491516113
5.489595890045166,3.3330554962158203,4.1410698890686035,3.3330554962158203,4.1410698890686035
0.5457236766815186,3.3076822757720947,3.6100783348083496,3.3076822757720947,3.6100783348083496
0.9741824865341187,3.287396192550659,3.7660880088806152,3.287396192550659,3.7660880088806152
9.49034595489502,3.3431928157806396,3.8250114917755127,3.3431928157806396,3.8250114917755127
1.0356595516204834,3.322178602218628,3.264711380004883,3.322178602218628,3.264711380004883
3.932049036026001,3.328519344329834,3.982450485229492,3.328519344329834,3.982450485229492
0.4017212986946106,3.298992872238159,3.8631839752197266,3.298992872238159,3.8631839752197266
1.7524635791778564,3.28474760055542,3.637317180633545,3.28474760055542,3.637317180633545
5.099583625793457,3.3033907413482666,3.251307249069214,3.3033907413482666,3.251307249069214
0.9921268224716187,3.2765111923217773,3.289222002029419,3.2765111923217773,3.289222002029419
3.9615588188171387,3.2886197566986084,3.2647571563720703,3.2886197566986084,3.2647571563720703
4.470619201660156,3.2985103130340576,3.5898609161376953,3.2985103130340576,3.5898609161376953
0.39540112018585205,3.276346206665039,3.0520105361938477,3.276346206665039,3.0520105361938477
5.4583740234375,3.290407657623291,3.893059492111206,3.290407657623291,3.893059492111206
0.4347221553325653,3.263502836227417,3.284367084503174,3.263502836227417,3.284367084503174
2.442765235900879,3.2611911296844482,3.9976139068603516,3.2611911296844482,3.9976139068603516
1.7369160652160645,3.253755569458008,3.8838977813720703,3.253755569458008,3.8838977813720703
0.3383340537548065,3.2212893962860107,3.7499008178710938,3.2212893962860107,3.7499008178710938
0.03241167217493057,3.2077314853668213,3.8683109283447266,3.2077314853668213,3.8683109283447266
5.860692977905273,3.227062463760376,3.704982280731201,3.227062463760376,3.704982280731201
1.8788235187530518,3.2293059825897217,3.7496211528778076,3.2293059825897217,3.7496211528778076
3.851263999938965,3.2360267639160156,3.3438315391540527,3.2360267639160156,3.3438315391540527
2.5929067134857178,3.238234043121338,1.7069851160049438,3.238234043121338,1.7069851160049438
0.3764486014842987,0.3764486014842987,2.7600674629211426,0.3764486014842987,2.7600674629211426
0.012927415780723095,0.1551520824432373,4.044137001037598,0.1551520824432373,4.044137001037598
0.0007864719373174012,0.09756634384393692,2.83164644241333,0.09756634384393692,2.83164644241333
1.4104793071746826,0.4199106693267822,2.7802724838256836,0.4199106693267822,2.7802724838256836
0.0042986138723790646,0.30271655321121216,2.6988093852996826,0.30271655321121216,2.6988093852996826
3.08624267578125,0.765849769115448,2.664425849914551,0.765849769115448,2.664425849914551
0.8272662162780762,0.7813788056373596,2.4484410285949707,0.7813788056373596,2.4484410285949707
0.6879212260246277,0.7740147709846497,1.7114951610565186,0.7740147709846497,1.7114951610565186
0.04487432539463043,0.04487432539463043,2.7610061168670654,0.04487432539463043,2.7610061168670654
0.01051587425172329,0.027856238186359406,4.253326892852783,0.027856238186359406,4.253326892852783
0.0005520250415429473,0.018550710752606392,3.1795709133148193,0.018550710752606392,3.1795709133148193
0.26302552223205566,0.07956278324127197,2.940300703048706,0.07956278324127197,2.940300703048706
0.003023697528988123,0.06659600883722305,3.1225645542144775,0.06659600883722305,3.1225645542144775
7.129345893859863,1.2452312707901,3.564387559890747,1.2452312707901,3.564387559890747
0.07459462434053421,1.0727345943450928,2.7973809242248535,1.0727345943450928,2.7973809242248535
0.8025639057159424,1.0389220714569092,3.0679948329925537,1.0389220714569092,3.0679948329925537
6.513623237609863,1.6505093574523926,3.2368874549865723,1.6505093574523926,3.2368874549865723
4.088631629943848,1.8935787677764893,3.140068531036377,1.8935787677764893,3.140068531036377
0.45944613218307495,1.7622284889221191,3.4891152381896973,1.7622284889221191,3.4891152381896973
3.7807512283325195,1.9329010248184204,3.311711072921753,1.9329010248184204,3.311711072921753
4.656010627746582,2.14327335357666,3.0485658645629883,2.14327335357666,3.0485658645629883
4.67761754989624,2.3210606575012207,3.616917371749878,2.3210606575012207,3.616917371749878
0.17363354563713074,2.181445598602295,2.8013365268707275,2.181445598602295,2.8013365268707275
8.785157203674316,2.5930871963500977,3.0829317569732666,2.5930871963500977,3.0829317569732666
8.11207389831543,2.9136433601379395,3.0033791065216064,2.9136433601379395,3.0033791065216064
6.156177043914795,3.0893075466156006,2.5562021732330322,3.0893075466156006,2.5562021732330322
3.387380599975586,3.1126625537872314,2.7901113033294678,3.1126625537872314,2.7901113033294678
6.784317970275879,3.2898197174072266,2.4971885681152344,3.2898197174072266,2.4971885681152344
0.619974672794342,3.169626235961914,3.2561237812042236,3.169626235961914,3.2561237812042236
1.8316550254821777,3.1116044521331787,2.1306300163269043,3.1116044521331787,2.1306300163269043
0.6959426403045654,3.007530927658081,2.695678949356079,3.007530927658081,2.695678949356079
1.1484334468841553,2.924837827682495,2.320476531982422,2.924837827682495,2.320476531982422
0.614039957523346,2.8304553031921387,2.8959851264953613,2.8304553031921387,2.8959851264953613
1.6507126092910767,2.7906908988952637,2.7944741249084473,2.7906908988952637,2.7944741249084473
13.84367561340332,3.2016820907592773,3.7165799140930176,3.2016820907592773,3.7165799140930176
5.506086349487305,3.2858023643493652,2.845201015472412,3.2858023643493652,2.845201015472412
7.583103179931641,3.4276273250579834,3.753425121307373,3.4276273250579834,3.753425121307373
0.1366530954837799,3.3193671703338623,3.488114595413208,3.3193671703338623,3.488114595413208
5.7793731689453125,3.393498420715332,2.4160866737365723,3.393498420715332,2.4160866737365723
0.39511555433273315,3.304245710372925,2.426591634750366,3.304245710372925,2.426591634750366
5.759420394897461,3.379034996032715,3.5082030296325684,3.379034996032715,3.5082030296325684
3.0280332565307617,3.370488166809082,3.1902623176574707,3.370488166809082,3.1902623176574707
2.473145008087158,3.3411319255828857,2.86801815032959,3.3411319255828857,2.86801815032959
1.4409750699996948,3.2925825119018555,2.832153081893921,3.2925825119018555,2.832153081893921
3.0377182960510254,3.2805240154266357,3.570676326751709,3.2805240154266357,3.570676326751709
0.33565956354141235,3.2049620151519775,3.263031005859375,3.2049620151519775,3.263031005859375
6.67452335357666,3.2875053882598877,2.6538538932800293,3.2875053882598877,2.6538538932800293
1.0488777160644531,3.2345309257507324,2.5821175575256348,3.2345309257507324,2.5821175575256348
3.5315046310424805,3.2452292442321777,3.094670534133911,3.2452292442321777,3.094670534133911
0.991931676864624,3.194753646850586,3.4353537559509277,3.194753646850586,3.4353537559509277
2.5959486961364746,3.1801435947418213,2.808572769165039,3.1801435947418213,2.808572769165039
0.9500404596328735,3.1254396438598633,2.743391513824463,3.1254396438598633,2.743391513824463
2.720500946044922,3.125929117202759,3.707244396209717,3.125929117202759,3.707244396209717
2.774021625518799,3.1175789833068848,3.735201358795166,3.1175789833068848,3.735201358795166
0.44297319650650024,3.06022310256958,3.090794086456299,3.06022310256958,3.090794086456299
0.7826775908470154,3.009366989135742,3.191380739212036,3.009366989135742,3.191380739212036
0.8394210338592529,2.9584343433380127,2.588815927505493,2.9584343433380127,2.588815927505493
1.1470729112625122,2.927286148071289,1.5958853960037231,2.927286148071289,1.5958853960037231
0.03380908817052841,0.03380908817052841,2.4568216800689697,0.03380908817052841,2.4568216800689697
0.013536450453102589,0.020807620137929916,4.242763042449951,0.020807620137929916,4.242763042449951
0.00047743841423653066,0.01486449409276247,3.0056676864624023,0.01486449409276247,3.0056676864624023
0.4605982005596161,0.1263594925403595,2.863393545150757,0.1263594925403595,2.863393545150757
0.005263518542051315,0.08630435168743134,2.856311798095703,0.08630435168743134,2.856311798095703
4.552066802978516,0.8338758945465088,2.4497170448303223,0.8338758945465088,2.4497170448303223
3.59389591217041,1.222840428352356,2.3952953815460205,1.222840428352356,2.3952953815460205
2.9475674629211426,1.444035291671753,1.3454304933547974,1.444035291671753,1.3454304933547974
0.08828572928905487,0.08828572928905487,2.9139697551727295,0.08828572928905487,2.9139697551727295
0.007643263787031174,0.047316133975982666,4.222341537475586,0.047316133975982666,4.222341537475586
0.0007116645574569702,0.03781694546341896,3.400029420852661,0.03781694546341896,3.400029420852661
0.0800257995724678,0.04772161692380905,2.9686038494110107,0.04772161692380905,2.9686038494110107
0.005377945024520159,0.03433055058121681,3.076992988586426,0.03433055058121681,3.076992988586426
5.0830278396606445,0.8794386982917786,2.8845512866973877,0.8794386982917786,2.8845512866973877
3.965458393096924,1.3266370296478271,2.2618861198425293,1.3266370296478271,2.2618861198425293
0.27175530791282654,1.1986007690429688,2.483100414276123,1.1986007690429688,2.483100414276123
6.572822093963623,1.8030202388763428,3.2837536334991455,1.8030202388763428,3.2837536334991455
0.12873512506484985,1.6343082189559937,2.8397796154022217,1.6343082189559937,2.8397796154022217
1.8891706466674805,1.6629891395568848,3.387366771697998,1.6629891395568848,3.387366771697998
9.998409271240234,2.359848737716675,3.3820643424987793,2.359848737716675,3.3820643424987793
0.35249441862106323,2.2079977989196777,3.0885396003723145,2.2079977989196777,3.0885396003723145
0.5593299865722656,2.095043659210205,1.8049837350845337,2.095043659210205,1.8049837350845337
0.022732380777597427,0.022732380777597427,2.5962319374084473,0.022732380777597427,2.5962319374084473
0.005247391294687986,0.013370786793529987,4.114309787750244,0.013370786793529987,4.114309787750244
0.0004951919545419514,0.01031426340341568,3.0261001586914062,0.01031426340341568,3.0261001586914062
1.4765706062316895,0.376653254032135,3.0422592163085938,0.376653254032135,3.0422592163085938
0.005015648435801268,0.2730540931224823,3.0732171535491943,0.2730540931224823,3.0732171535491943
3.040189504623413,0.7504554390907288,2.867403745651245,0.7504554390907288,2.867403745651245
1.21480393409729,0.8114653825759888,2.8022725582122803,0.8114653825759888,2.8022725582122803
1.3611958026885986,0.881596565246582,3.004351854324341,0.881596565246582,3.004351854324341
0.9082309007644653,0.8787828087806702,2.967667579650879,0.8787828087806702,2.967667579650879
0.5069505572319031,0.8386685252189636,2.7436206340789795,0.8386685252189636,2.7436206340789795
0.8240888118743896,0.8315470218658447,2.6690783500671387,0.8315470218658447,2.6690783500671387
3.749023914337158,1.0758968591690063,3.2924067974090576,1.0758968591690063,3.2924067974090576
0.21310830116271973,1.0137625932693481,2.8589367866516113,1.0137625932693481,2.8589367866516113
7.008941650390625,1.4405544996261597,2.2940726280212402,1.4405544996261597,2.2940726280212402
0.6649283170700073,1.3917293548583984,2.120248317718506,1.3917293548583984,2.120248317718506
0.7666628360748291,1.3482692241668701,1.7157888412475586,1.3482692241668701,1.7157888412475586
0.01919562555849552,0.01919562555849552,2.8794381618499756,0.01919562555849552,2.8794381618499756
0.007011807058006525,0.013142481446266174,4.300710678100586,0.013142481446266174,4.300710678100586
0.000688077649101615,0.008984767831861973,3.5400986671447754,0.008984767831861973,3.5400986671447754
0.06748510152101517,0.023505158722400665,3.3403401374816895,0.023505158722400665,3.3403401374816895
0.004060596227645874,0.019484249874949455,3.4704861640930176,0.019484249874949455,3.4704861640930176
2.9821279048919678,0.5139198899269104,3.1775708198547363,0.5139198899269104,3.1775708198547363
12.887850761413574,2.277980327606201,3.11383056640625,2.277980327606201,3.11383056640625
2.1558494567871094,2.2588906288146973,3.284008741378784,2.2588906288146973,3.284008741378784
3.1015541553497314,2.353771924972534,2.8927037715911865,2.353771924972534,2.8927037715911865
4.859325885772705,2.6110973358154297,3.2909622192382812,2.6110973358154297,3.2909622192382812
6.067461013793945,2.9265947341918945,3.0112509727478027,2.9265947341918945,3.0112509727478027
1.002952218055725,2.7689402103424072,3.477809429168701,2.7689402103424072,3.477809429168701
7.618907451629639,3.1367950439453125,3.3090109825134277,3.1367950439453125,3.3090109825134277
0.42965853214263916,2.9450433254241943,2.976149559020996,2.9450433254241943,2.976149559020996
0.418107807636261,2.781914472579956,2.09501314163208,2.781914472579956,2.09501314163208
0.01831512711942196,0.01831512711942196,2.534018039703369,0.01831512711942196,2.534018039703369
0.005877118557691574,0.008589332923293114,4.309319019317627,0.008589332923293114,4.309319019317627
0.0006897454150021076,0.005078058689832687,3.241628646850586,0.005078058689832687,3.241628646850586
0.9973827004432678,0.25308969616889954,3.2682576179504395,0.25308969616889954,3.2682576179504395
0.005668991710990667,0.20607522130012512,3.367985248565674,0.20607522130012512,3.367985248565674
2.4210312366485596,0.5844399929046631,3.2803077697753906,0.5844399929046631,3.2803077697753906
0.8883361220359802,0.628291666507721,2.8523082733154297,0.628291666507721,2.8523082733154297
0.3077177405357361,0.5894402265548706,1.7220319509506226,0.5894402265548706,1.7220319509506226
0.02989724837243557,0.02989724837243557,3.0039589405059814,0.02989724837243557,3.0039589405059814
0.006288502831012011,0.01786576770246029,4.494620323181152,0.01786576770246029,4.494620323181152
0.0006249382277019322,0.012476702220737934,3.7325081825256348,0.012476702220737934,3.7325081825256348
0.00943298451602459,0.011905236169695854,3.4059555530548096,0.011905236169695854,3.4059555530548096
0.004190474282950163,0.010534604080021381,3.55083966255188,0.010534604080021381,3.55083966255188
3.882838487625122,0.6554572582244873,3.8046138286590576,0.6554572582244873,3.8046138286590576
5.953356742858887,1.4132109880447388,3.380222797393799,1.4132109880447388,3.380222797393799
0.2951933443546295,1.2750957012176514,3.5687949657440186,1.2750957012176514,3.5687949657440186
3.4054994583129883,1.5111902952194214,3.4287102222442627,1.5111902952194214,3.4287102222442627
3.949057102203369,1.754547357559204,3.2231297492980957,1.754547357559204,3.2231297492980957
0.5123374462127686,1.6467876434326172,3.307246685028076,1.6467876434326172,3.307246685028076
0.34178224205970764,1.5428972244262695,2.283740758895874,1.5428972244262695,2.283740758895874
0.026837797835469246,0.026837797835469246,2.518646717071533,0.026837797835469246,2.518646717071533
0.004724055528640747,0.015791023150086403,4.338326454162598,0.015791023150086403,4.338326454162598
0.0006541258189827204,0.010590620338916779,3.2741806507110596,0.010590620338916779,3.2741806507110596
2.5380349159240723,0.6426927447319031,2.890226125717163,0.6426927447319031,2.890226125717163
0.004794173873960972,0.5282646417617798,3.202481746673584,0.5282646417617798,3.202481746673584
6.616158485412598,1.5379103422164917,3.5868141651153564,1.5379103422164917,3.5868141651153564
0.7706799507141113,1.4166738986968994,3.4816689491271973,1.4166738986968994,3.4816689491271973
1.6067116260528564,1.4624511003494263,3.0776166915893555,1.4624511003494263,3.0776166915893555
3.4396262168884277,1.6230943202972412,3.3995776176452637,1.6230943202972412,3.3995776176452637
3.5876541137695312,1.815993309020996,3.093757152557373,1.815993309020996,3.093757152557373
6.636417865753174,2.243831157684326,3.6933510303497314,2.243831157684326,3.6933510303497314
7.482956409454346,2.6916134357452393,3.705022096633911,2.6916134357452393,3.705022096633911
1.2272698879241943,2.5737392902374268,2.9719691276550293,2.5737392902374268,2.9719691276550293
0.9692137241363525,2.451972723007202,1.7952840328216553,2.451972723007202,1.7952840328216553
0.02571505680680275,0.02571505680680275,2.8187530040740967,0.02571505680680275,2.8187530040740967
0.0050785113126039505,0.01577690616250038,4.4811506271362305,0.01577690616250038,4.4811506271362305
0.0006955826538614929,0.010940917767584324,3.374443531036377,0.010940917767584324,3.374443531036377
0.46230512857437134,0.12401679158210754,3.4854819774627686,0.12401679158210754,3.4854819774627686
0.0029950544703751802,0.09625916182994843,3.6774134635925293,0.09625916182994843,3.6774134635925293
4.590494632720947,0.8478212952613831,3.061973810195923,0.8478212952613831,3.061973810195923
0.6023321747779846,0.8166024088859558,3.539803981781006,0.8166024088859558,3.539803981781006
3.589766263961792,1.1551012992858887,3.269383192062378,1.1551012992858887,3.269383192062378
0.9735034704208374,1.1311672925949097,4.03061580657959,1.1311672925949097,4.03061580657959
0.22052276134490967,1.032015323638916,3.3557286262512207,1.032015323638916,3.3557286262512207
0.40307456254959106,0.9695910811424255,3.1876659393310547,0.9695910811424255,3.1876659393310547
5.0948805809021,1.3156567811965942,4.264960289001465,1.3156567811965942,4.264960289001465
0.0757141262292862,1.2188472747802734,3.067333936691284,1.2188472747802734,3.067333936691284
1.3382717370986938,1.2301597595214844,3.4408745765686035,1.2301597595214844,3.4408745765686035
0.9173709154129028,1.205686092376709,3.9021854400634766,1.205686092376709,3.9021854400634766
0.13795702159404755,1.1386715173721313,3.6150355339050293,1.1386715173721313,3.6150355339050293
0.23033389449119568,1.0877466201782227,2.882028102874756,1.0877466201782227,2.882028102874756
0.23766665160655975,1.0393816232681274,2.146294116973877,1.0393816232681274,2.146294116973877
0.00974174216389656,0.00974174216389656,2.5288424491882324,0.00974174216389656,2.5288424491882324
0.006090296432375908,0.007850553840398788,4.234203338623047,0.007850553840398788,4.234203338623047
0.0007354891858994961,0.00523090735077858,2.9602668285369873,0.00523090735077858,2.9602668285369873
1.6404482126235962,0.4138776659965515,3.0707075595855713,0.4138776659965515,3.0707075595855713
0.004690477624535561,0.31991976499557495,3.372877836227417,0.31991976499557495,3.372877836227417
1.7523760795593262,0.5156499743461609,3.0212302207946777,0.5156499743461609,3.0212302207946777
0.4949180483818054,0.5293705463409424,2.587827682495117,0.5293705463409424,2.587827682495117
0.24615256488323212,0.48863235116004944,1.7596114873886108,0.48863235116004944,1.7596114873886108
0.025564704090356827,0.025564704090356827,2.919210195541382,0.025564704090356827,2.919210195541382
0.004586414899677038,0.015274048782885075,4.242047309875488,0.015274048782885075,4.242047309875488
0.0008217295398935676,0.010288195684552193,3.533865451812744,0.010288195684552193,3.533865451812744
0.07632067799568176,0.0266594048589468,3.384155750274658,0.0266594048589468,3.384155750274658
0.0034614428877830505,0.022190220654010773,3.641846179962158,0.022190220654010773,3.641846179962158
6.389336585998535,1.0828304290771484,4.315093040466309,1.0828304290771484,4.315093040466309
2.0818533897399902,1.225807785987854,3.5352885723114014,1.225807785987854,3.5352885723114014
2.148939609527588,1.3373644351959229,3.0827243328094482,1.3373644351959229,3.0827243328094482
2.319218635559082,1.4485158920288086,3.6502978801727295,1.4485158920288086,3.6502978801727295
1.5497329235076904,1.4566370248794556,3.2913365364074707,1.4566370248794556,3.2913365364074707
0.25880011916160583,1.3513946533203125,3.10098934173584,1.3513946533203125,3.10098934173584
4.910369873046875,1.6444560289382935,3.0676474571228027,1.6444560289382935,3.0676474571228027
5.191501617431641,1.9168009757995605,3.2987828254699707,1.9168009757995605,3.2987828254699707
0.7796455025672913,1.8403888940811157,3.0277867317199707,1.8403888940811157,3.0277867317199707
5.333292007446289,2.0734500885009766,4.118254661560059,2.0734500885009766,4.118254661560059
7.3899827003479,2.403869867324829,2.9151244163513184,2.403869867324829,2.9151244163513184
0.5074431896209717,2.2913413047790527,3.5669968128204346,2.2913413047790527,3.5669968128204346
2.4031550884246826,2.3003106117248535,3.4220967292785645,2.3003106117248535,3.4220967292785645
0.24514645338058472,2.1881890296936035,3.6195666790008545,2.1881890296936035,3.6195666790008545
7.173216819763184,2.435715675354004,3.699314832687378,2.435715675354004,3.699314832687378
0.44925859570503235,2.3435490131378174,2.7726707458496094,2.3435490131378174,2.7726707458496094
0.33253243565559387,2.2492928504943848,1.9406907558441162,2.2492928504943848,1.9406907558441162
0.015324351377785206,0.015324351377785206,2.4057986736297607,0.015324351377785206,2.4057986736297607
0.012338616885244846,0.01373973023146391,4.125882148742676,0.01373973023146391,4.125882148742676
0.0007761088781990111,0.009116769768297672,2.9526870250701904,0.009116769768297672,2.9526870250701904
0.9697856307029724,0.24938639998435974,3.0528695583343506,0.24938639998435974,3.0528695583343506
0.005362293682992458,0.19769813120365143,3.390310287475586,0.19769813120365143,3.390310287475586
10.175616264343262,1.8643332719802856,3.0107693672180176,1.8643332719802856,3.0107693672180176
2.090090751647949,1.8971861600875854,3.408564329147339,1.8971861600875854,3.408564329147339
2.721363067626953,2.004916191101074,2.920264959335327,2.004916191101074,2.920264959335327
2.765645742416382,2.088273763656616,3.4624228477478027,2.088273763656616,3.4624228477478027
2.354422092437744,2.118748426437378,3.022498846054077,2.118748426437378,3.022498846054077
2.502619743347168,2.155613660812378,3.362428665161133,2.155613660812378,3.362428665161133
0.5572478175163269,2.0265114307403564,2.9649384021759033,2.0265114307403564,2.9649384021759033
0.9066913723945618,1.9376513957977295,1.776037573814392,1.9376513957977295,1.776037573814392
7.110870361328125,2.3020577430725098,1.6514346599578857,2.3020577430725098,1.6514346599578857
0.08844832330942154,0.08844832330942154,2.7869105339050293,0.08844832330942154,2.7869105339050293
0.00975437369197607,0.051723990589380264,4.296512126922607,0.051723990589380264,4.296512126922607
0.0007994554471224546,0.03572218865156174,3.2310519218444824,0.03572218865156174,3.2310519218444824
0.3098074793815613,0.10423082113265991,3.3894901275634766,0.10423082113265991,3.3894901275634766
0.0033028358593583107,0.08299294859170914,3.629561185836792,0.08299294859170914,3.629561185836792
3.0707266330718994,0.5835124850273132,3.52614164352417,0.5835124850273132,3.52614164352417
3.7532899379730225,1.0407485961914062,3.4856739044189453,1.0407485961914062,3.4856739044189453
0.5778778195381165,0.9719743728637695,3.260721206665039,0.9719743728637695,3.260721206665039
1.937224268913269,1.087107539176941,3.651787281036377,1.087107539176941,3.651787281036377
8.130776405334473,1.7947899103164673,3.144216775894165,1.7947899103164673,3.144216775894165
6.499366760253906,2.230043888092041,3.5923256874084473,2.230043888092041,3.5923256874084473
0.2510876953601837,2.065000295639038,3.207709550857544,2.065000295639038,3.207709550857544
4.135095596313477,2.2237534523010254,3.1532037258148193,2.2237534523010254,3.1532037258148193
2.2287888526916504,2.2157557010650635,3.1503076553344727,2.2157557010650635,3.1503076553344727
4.284529685974121,2.3571879863739014,3.4034838676452637,2.3571879863739014,3.4034838676452637
1.6519420146942139,2.308912515640259,3.3526763916015625,2.308912515640259,3.3526763916015625
0.5128273963928223,2.2018885612487793,3.295769453048706,2.2018885612487793,3.295769453048706
0.3609458804130554,2.098799467086792,2.84920334815979,2.098799467086792,2.84920334815979
1.3855358362197876,2.061957597732544,2.0197091102600098,2.061957597732544,2.0197091102600098
0.016787683591246605,0.016787683591246605,2.5566232204437256,0.016787683591246605,2.5566232204437256
0.007063418161123991,0.01240488700568676,4.150130271911621,0.01240488700568676,4.150130271911621
0.000865680689457804,0.008020504377782345,2.919097423553467,0.008020504377782345,2.919097423553467
0.7798740863800049,0.20118184387683868,3.1337332725524902,0.20118184387683868,3.1337332725524902
0.004508093930780888,0.1627398580312729,3.2027320861816406,0.1627398580312729,3.2027320861816406
7.239544868469238,1.3468972444534302,1.8123064041137695,1.3468972444534302,1.8123064041137695
2.985081672668457,1.5819083452224731,1.4976656436920166,1.5819083452224731,1.4976656436920166
0.12601959705352783,0.12601959705352783,2.6979095935821533,0.12601959705352783,2.6979095935821533
0.011234596371650696,0.07238129526376724,4.278382778167725,0.07238129526376724,4.278382778167725
0.0010032388381659985,0.04564017057418823,3.2827563285827637,0.04564017057418823,3.2827563285827637
0.15812498331069946,0.0741003230214119,3.158444881439209,0.0741003230214119,3.158444881439209
0.0043892948888242245,0.06527324765920639,3.1816439628601074,0.06527324765920639,3.1816439628601074
4.312010765075684,0.7684245705604553,2.9596211910247803,0.7684245705604553,2.9596211910247803
2.431317090988159,1.0077708959579468,3.190354824066162,1.0077708959579468,3.190354824066162
0.5764099359512329,0.9550789594650269,3.0480263233184814,0.9550789594650269,3.0480263233184814
1.0982282161712646,0.9679121375083923,3.622781276702881,0.9679121375083923,3.622781276702881
2.6996419429779053,1.1414272785186768,3.1325273513793945,1.1414272785186768,3.1325273513793945
0.5071969628334045,1.0836052894592285,3.0492777824401855,1.0836052894592285,3.0492777824401855
5.600406646728516,1.462887167930603,3.306544065475464,1.462887167930603,3.306544065475464
0.6773150563240051,1.4032039642333984,2.745145082473755,1.4032039642333984,2.745145082473755
3.626265287399292,1.55572509765625,3.3721988201141357,1.55572509765625,3.3721988201141357
1.8099600076675415,1.5760457515716553,3.0892446041107178,1.5760457515716553,3.0892446041107178
2.3878238201141357,1.627512812614441,3.348363161087036,1.627512812614441,3.348363161087036
3.0918922424316406,1.710086464881897,3.3181121349334717,1.710086464881897,3.3181121349334717
0.6372917890548706,1.6503942012786865,3.67167329788208,1.6503942012786865,3.67167329788208
0.028221694752573967,1.5648235082626343,2.8438737392425537,1.5648235082626343,2.8438737392425537
0.5077250003814697,1.5123019218444824,2.8030924797058105,1.5123019218444824,2.8030924797058105
1.2276387214660645,1.4998136758804321,1.9138686656951904,1.4998136758804321,1.9138686656951904
0.03266080841422081,0.03266080841422081,2.483724355697632,0.03266080841422081,2.483724355697632
0.011299191042780876,0.02336832508444786,4.191357135772705,0.02336832508444786,4.191357135772705
0.0008518642862327397,0.015029732137918472,2.8040168285369873,0.015029732137918472,2.8040168285369873
1.0064901113510132,0.2608015537261963,3.0450470447540283,0.2608015537261963,3.0450470447540283
0.004331374075263739,0.2113855630159378,3.052595376968384,0.2113855630159378,3.052595376968384
3.0106141567230225,0.6918342113494873,2.9186253547668457,0.6918342113494873,2.9186253547668457
1.30476713180542,0.7613682746887207,2.960136651992798,0.7613682746887207,2.960136651992798
0.5478702187538147,0.7378952503204346,2.877568006515503,0.7378952503204346,2.877568006515503
1.2358605861663818,0.7929936647415161,2.6086323261260986,0.7929936647415161,2.6086323261260986
10.830653190612793,1.7959001064300537,3.0335607528686523,1.7959001064300537,3.0335607528686523
3.603597640991211,1.9554438591003418,2.5304648876190186,1.9554438591003418,2.5304648876190186
1.0185316801071167,1.8776112794876099,1.7205264568328857,1.8776112794876099,1.7205264568328857
0.030607497319579124,0.030607497319579124,2.799307107925415,0.030607497319579124,2.799307107925415
0.00676188338547945,0.01913255825638771,4.261812686920166,0.01913255825638771,4.261812686920166
0.0008293526479974389,0.01288092602044344,3.2773990631103516,0.01288092602044344,3.2773990631103516
0.14108075201511383,0.04498668015003204,3.417377471923828,0.04498668015003204,3.417377471923828
0.004136933945119381,0.03750310093164444,3.334742307662964,0.03750310093164444,3.334742307662964
5.995802402496338,1.0312442779541016,3.0144200325012207,1.0312442779541016,3.0144200325012207
2.6696066856384277,1.2646465301513672,3.2414565086364746,1.2646465301513672,3.2414565086364746
6.384005546569824,1.9039430618286133,2.8300399780273438,1.9039430618286133,2.8300399780273438
3.9827167987823486,2.135220527648926,2.8861067295074463,2.135220527648926,2.8861067295074463
7.546937942504883,2.6848931312561035,3.627573013305664,2.6848931312561035,3.627573013305664
1.7197210788726807,2.596620559692383,3.0957226753234863,2.596620559692383,3.0957226753234863
3.6570165157318115,2.687232255935669,2.7925429344177246,2.687232255935669,2.7925429344177246
0.9654120802879333,2.556899070739746,2.675037145614624,2.556899070739746,2.675037145614624
0.5481046438217163,2.4250433444976807,1.9289947748184204,2.4250433444976807,1.9289947748184204
0.01369744073599577,0.01369744073599577,2.592158794403076,0.01369744073599577,2.592158794403076
0.004992756061255932,0.010074490681290627,4.137116432189941,0.010074490681290627,4.137116432189941
0.0010064542293548584,0.006473191548138857,3.0190834999084473,0.006473191548138857,3.0190834999084473
0.5775940418243408,0.14899881184101105,3.1613967418670654,0.14899881184101105,3.1613967418670654
0.003532837610691786,0.12039761245250702,3.2080090045928955,0.12039761245250702,3.2080090045928955
3.3062477111816406,0.6498954892158508,2.7692172527313232,0.6498954892158508,2.7692172527313232
2.6875159740448,0.9428660273551941,2.4306459426879883,0.9428660273551941,2.4306459426879883
0.7775146961212158,0.9237715005874634,1.8892862796783447,0.9237715005874634,1.8892862796783447
0.03289638087153435,0.03289638087153435,2.8996152877807617,0.03289638087153435,2.8996152877807617
0.005063922610133886,0.01887274719774723,4.293366432189941,0.01887274719774723,4.293366432189941
0.0009751332108862698,0.012569275684654713,3.3013947010040283,0.012569275684654713,3.3013947010040283
0.1265563815832138,0.040757615119218826,3.3673253059387207,0.040757615119218826,3.3673253059387207
0.003082882845774293,0.033528633415699005,3.335228443145752,0.033528633415699005,3.335228443145752
4.053567886352539,0.7041744589805603,3.559675931930542,0.7041744589805603,3.559675931930542
11.187426567077637,2.2022135257720947,3.5441486835479736,2.2022135257720947,3.5441486835479736
5.346121788024902,2.598320484161377,3.454826831817627,2.598320484161377,3.454826831817627
0.48337942361831665,2.3640174865722656,2.8420755863189697,2.3640174865722656,2.8420755863189697
0.3147594928741455,2.1570959091186523,2.814150333404541,2.1570959091186523,2.814150333404541
0.2448805272579193,1.9899811744689941,2.040492057800293,1.9899811744689941,2.040492057800293
0.015046552754938602,0.015046552754938602,2.7303848266601562,0.015046552754938602,2.7303848266601562
0.003830003086477518,0.01000695675611496,4.186590671539307,0.01000695675611496,4.186590671539307
0.000979420612566173,0.007105508353561163,3.1863038539886475,0.007105508353561163,3.1863038539886475
0.6708009839057922,0.17290742695331573,3.391733169555664,0.17290742695331573,3.391733169555664
0.004109866451472044,0.1383160650730133,3.2245304584503174,0.1383160650730133,3.2245304584503174
5.979327201843262,1.113051414489746,2.4740519523620605,1.113051414489746,2.4740519523620605
0.8503427505493164,1.0762617588043213,2.2822012901306152,1.0762617588043213,2.2822012901306152
0.7412407398223877,1.0353538990020752,1.6025081872940063,1.0353538990020752,1.6025081872940063
0.05080624297261238,0.05080624297261238,3.027270555496216,0.05080624297261238,3.027270555496216
0.002941093873232603,0.02686126157641411,4.501389503479004,0.02686126157641411,4.501389503479004
0.0008030288736335933,0.019360626116394997,3.807236433029175,0.019360626116394997,3.807236433029175
0.033022452145814896,0.02292206510901451,3.618105411529541,0.02292206510901451,3.618105411529541
0.003877503564581275,0.019145794212818146,3.580921173095703,0.019145794212818146,3.580921173095703
2.795886278152466,0.4824875593185425,2.538735866546631,0.4824875593185425,2.538735866546631
5.767100811004639,1.2426584959030151,2.8985636234283447,1.2426584959030151,2.8985636234283447
4.745625019073486,1.6776683330535889,2.7557778358459473,1.6776683330535889,2.7557778358459473
1.2038394212722778,1.6265074014663696,3.1468558311462402,1.6265074014663696,3.1468558311462402
6.559852123260498,2.1208698749542236,2.92399525642395,2.1208698749542236,2.92399525642395
0.22164314985275269,1.9448028802871704,2.2195675373077393,1.9448028802871704,2.2195675373077393
0.01004981528967619,0.01004981528967619,2.794612407684326,0.01004981528967619,2.794612407684326
0.002567211864516139,0.006273047998547554,4.226729393005371,0.006273047998547554,4.226729393005371
0.0008817598572932184,0.004586413037031889,3.441041946411133,0.004586413037031889,3.441041946411133
0.9166300892829895,0.23297786712646484,3.5638909339904785,0.23297786712646484,3.5638909339904785
0.0038757221773266792,0.19708304107189178,3.4507594108581543,0.19708304107189178,3.4507594108581543
4.494424343109131,0.8887696862220764,2.4997975826263428,0.8887696862220764,2.4997975826263428
0.6681656241416931,0.863656222820282,2.3312785625457764,0.863656222820282,2.3312785625457764
0.2741207778453827,0.7965690493583679,1.6413770914077759,0.7965690493583679,1.6413770914077759
0.02881002239882946,0.02881002239882946,3.3961308002471924,0.02881002239882946,3.3961308002471924
0.0020059479866176844,0.015763554722070694,4.476565361022949,0.015763554722070694,4.476565361022949
0.0006841464783065021,0.010677468962967396,3.902423143386841,0.010677468962967396,3.902423143386841
0.008858665823936462,0.009757968597114086,3.634336471557617,0.009757968597114086,3.634336471557617
0.004433445632457733,0.008875183761119843,3.736759901046753,0.008875183761119843,3.736759901046753
6.130319595336914,1.0293632745742798,3.5646793842315674,1.0293632745742798,3.5646793842315674
8.754392623901367,2.1323153972625732,3.8448681831359863,2.1323153972625732,3.8448681831359863
2.386503219604492,2.1618900299072266,4.106539249420166,2.1618900299072266,4.106539249420166
3.3095343112945557,2.29150390625,3.2093780040740967,2.29150390625,3.2093780040740967
4.732052803039551,2.536303758621216,4.380817413330078,2.536303758621216,4.380817413330078
0.18005713820457458,2.319591999053955,3.779691696166992,2.319591999053955,3.779691696166992
10.336426734924316,2.9834938049316406,3.314296245574951,2.9834938049316406,3.314296245574951
0.3913660943508148,2.785724401473999,3.193779468536377,2.785724401473999,3.193779468536377
7.921219825744629,3.152391195297241,3.205803632736206,3.152391195297241,3.205803632736206
3.2075061798095703,3.1578450202941895,2.949251651763916,3.1578450202941895,2.949251651763916
6.158225059509277,3.345766305923462,3.273385524749756,3.345766305923462,3.273385524749756
4.687182903289795,3.425105571746826,3.1359620094299316,3.425105571746826,3.1359620094299316
5.465381622314453,3.545762062072754,3.0400707721710205,3.545762062072754,3.0400707721710205
2.450089454650879,3.4830024242401123,3.4442343711853027,3.4830024242401123,3.4442343711853027
4.200639247894287,3.511376142501831,3.02219557762146,3.511376142501831,3.02219557762146
8.212543487548828,3.736931324005127,3.085139274597168,3.736931324005127,3.085139274597168
2.5513787269592285,3.6880388259887695,2.903634786605835,3.6880388259887695,2.903634786605835
1.1850844621658325,3.5821616649627686,2.983715534210205,3.5821616649627686,2.983715534210205
0.7607716917991638,3.4736993312835693,2.6122660636901855,3.4736993312835693,2.6122660636901855
4.568319797515869,3.516467332839966,3.5229315757751465,3.516467332839966,3.5229315757751465
4.103297710418701,3.5319693088531494,3.6166038513183594,3.5319693088531494,3.6166038513183594
1.451642632484436,3.4601755142211914,3.62284517288208,3.4601755142211914,3.62284517288208
0.5517006516456604,3.3574650287628174,2.9533095359802246,3.3574650287628174,2.9533095359802246
0.23128730058670044,3.2460100650787354,2.696474552154541,3.2460100650787354,2.696474552154541
0.6329819560050964,3.1602723598480225,1.725978136062622,3.1602723598480225,1.725978136062622
0.01687805913388729,0.01687805913388729,2.614086151123047,0.01687805913388729,2.614086151123047
0.0106869051232934,0.013794848695397377,4.279895782470703,0.013794848695397377,4.279895782470703
0.0005905076395720243,0.009894613176584244,3.0228664875030518,0.009894613176584244,3.0228664875030518
0.2817373275756836,0.07779312133789062,3.1363537311553955,0.07779312133789062,3.1363537311553955
0.005678356159478426,0.06286115944385529,3.1272339820861816,0.06286115944385529,3.1272339820861816
5.736422538757324,1.0073045492172241,1.9552319049835205,1.0073045492172241,1.9552319049835205
2.649918556213379,1.2490907907485962,2.293224811553955,1.2490907907485962,2.293224811553955
0.9340041875839233,1.20906662940979,2.0934793949127197,1.20906662940979,2.0934793949127197
0.5862855911254883,1.136228084564209,2.5588345527648926,1.136228084564209,2.5588345527648926
0.5603066682815552,1.07854425907135,2.121795892715454,1.07854425907135,2.121795892715454
0.7191904187202454,1.044162631034851,2.4519612789154053,1.044162631034851,2.4519612789154053
0.5876524448394775,1.0077099800109863,1.8401095867156982,1.0077099800109863,1.8401095867156982
0.029191473498940468,0.029191473498940468,2.858276844024658,0.029191473498940468,2.858276844024658
0.0036468682810664177,0.014750666916370392,4.2804388999938965,0.014750666916370392,4.2804388999938965
0.0006199345225468278,0.01032516360282898,3.4843242168426514,0.01032516360282898,3.4843242168426514
0.14307408034801483,0.04329029470682144,3.5868735313415527,0.04329029470682144,3.5868735313415527
0.002226851647719741,0.03327282518148422,3.4835782051086426,0.03327282518148422,3.4835782051086426
3.94431734085083,0.6841135025024414,3.1852993965148926,0.6841135025024414,3.1852993965148926
5.703472137451172,1.4056127071380615,3.2135493755340576,1.4056127071380615,3.2135493755340576
2.5177669525146484,1.5470119714736938,3.2993741035461426,1.5470119714736938,3.2993741035461426
1.0608166456222534,1.4912306070327759,3.4460582733154297,1.4912306070327759,3.4460582733154297
1.4465605020523071,1.4845038652420044,3.7851402759552,1.4845038652420044,3.7851402759552
4.569876670837402,1.7668994665145874,3.140166759490967,1.7668994665145874,3.140166759490967
5.844404697418213,2.103505849838257,3.249514102935791,2.103505849838257,3.249514102935791
2.2299795150756836,2.1123690605163574,2.888742446899414,2.1123690605163574,2.888742446899414
9.909224510192871,2.6670711040496826,2.943459987640381,2.6670711040496826,2.943459987640381
1.316942811012268,2.5773043632507324,2.8284289836883545,2.5773043632507324,2.8284289836883545
0.4018994867801666,2.4419949054718018,2.7524874210357666,2.4419949054718018,2.7524874210357666
1.2151519060134888,2.368096351623535,1.942164421081543,2.368096351623535,1.942164421081543
8.608522415161133,2.7088840007781982,2.777106761932373,2.7088840007781982,2.777106761932373
7.282516956329346,2.948396921157837,2.633375644683838,2.948396921157837,2.633375644683838
2.54024600982666,2.9263267517089844,2.4495644569396973,2.9263267517089844,2.4495644569396973
5.63873815536499,3.0635757446289062,3.225001811981201,3.0635757446289062,3.225001811981201
1.3953932523727417,2.9796302318573,2.591775417327881,2.9796302318573,2.591775417327881
5.625514030456543,3.099637985229492,3.6901633739471436,3.099637985229492,3.6901633739471436
0.1570459008216858,2.977492570877075,3.0885720252990723,2.977492570877075,3.0885720252990723
3.546675205230713,3.002350091934204,3.565946578979492,3.002350091934204,3.565946578979492
1.030167579650879,2.9281911849975586,3.3591129779815674,2.9281911849975586,3.3591129779815674
0.36733466386795044,2.837961435317993,3.5320029258728027,2.837961435317993,3.5320029258728027
0.02247598208487034,2.7387540340423584,3.239990711212158,2.7387540340423584,3.239990711212158
0.6145736575126648,2.667051315307617,2.1814942359924316,2.667051315307617,2.1814942359924316
6.699827671051025,2.7949209213256836,2.8722548484802246,2.7949209213256836,2.8722548484802246
12.33237361907959,3.10219407081604,2.997972011566162,3.10219407081604,2.997972011566162
6.928196907043457,3.2152011394500732,2.69472074508667,3.2152011394500732,2.69472074508667
1.3200867176055908,3.1608381271362305,2.9735538959503174,3.1608381271362305,2.9735538959503174
7.0359320640563965,3.2797160148620605,2.8680262565612793,3.2797160148620605,2.8680262565612793
0.08542729914188385,3.1841354370117188,2.6832616329193115,3.1841354370117188,2.6832616329193115
0.7189251184463501,3.115468740463257,2.7099227905273438,3.115468740463257,2.7099227905273438
9.159174919128418,3.283414840698242,2.928196430206299,3.283414840698242,2.928196430206299
1.3032567501068115,3.2256226539611816,2.8909363746643066,3.2256226539611816,2.8909363746643066
2.250993013381958,3.1987128257751465,2.7608017921447754,3.1987128257751465,2.7608017921447754
1.1307172775268555,3.1488232612609863,2.581225872039795,3.1488232612609863,2.581225872039795
4.604492664337158,3.183861017227173,3.0550930500030518,3.183861017227173,3.0550930500030518
4.7956953048706055,3.224355697631836,2.880631923675537,3.224355697631836,2.880631923675537
1.3973811864852905,3.1815412044525146,2.988149642944336,3.1815412044525146,2.988149642944336
1.351507544517517,3.1358840465545654,2.83640718460083,3.1358840465545654,2.83640718460083
9.301154136657715,3.275073289871216,2.9077508449554443,3.275073289871216,2.9077508449554443
1.2725530862808228,3.229879856109619,2.7113752365112305,3.229879856109619,2.7113752365112305
3.7691526412963867,3.2418930530548096,3.1297810077667236,3.2418930530548096,3.1297810077667236
2.4557220935821533,3.2203893661499023,3.424954891204834,3.2203893661499023,3.424954891204834
0.8143322467803955,3.1763908863067627,3.312417984008789,3.1763908863067627,3.312417984008789
0.18151989579200745,3.1120357513427734,2.5845911502838135,3.1120357513427734,2.5845911502838135
1.6586958169937134,3.089599847793579,3.3820624351501465,3.089599847793579,3.3820624351501465
1.2109439373016357,3.0560858249664307,3.3800570964813232,3.0560858249664307,3.3800570964813232
0.8477791547775269,3.0103824138641357,3.2105026245117188,3.0103824138641357,3.2105026245117188
7.213776111602783,3.091798782348633,3.0591349601745605,3.091798782348633,3.0591349601745605
0.10492391139268875,3.0445456504821777,2.493358850479126,3.0445456504821777,2.493358850479126
4.848398208618164,3.073326349258423,3.345907211303711,3.073326349258423,3.345907211303711
0.807518720626831,3.034480571746826,2.936465263366699,3.034480571746826,2.936465263366699
2.6091389656066895,3.034273147583008,3.138880491256714,3.034273147583008,3.138880491256714
5.397814750671387,3.073484420776367,3.262815475463867,3.073484420776367,3.262815475463867
3.658750057220459,3.088099956512451,3.413804531097412,3.088099956512451,3.413804531097412
1.5955253839492798,3.0577335357666016,3.504704713821411,3.0577335357666016,3.504704713821411
0.6391516327857971,3.0211551189422607,3.266033172607422,3.0211551189422607,3.266033172607422
0.26142075657844543,2.984041452407837,2.393209457397461,2.984041452407837,2.393209457397461
1.1915862560272217,2.958178758621216,1.5839382410049438,2.958178758621216,1.5839382410049438
0.05970945954322815,0.05970945954322815,2.8089027404785156,0.05970945954322815,2.8089027404785156
0.008436043746769428,0.034151580184698105,3.9737637042999268,0.034151580184698105,3.9737637042999268
0.0007671750499866903,0.022182466462254524,2.764183521270752,0.022182466462254524,2.764183521270752
0.45801758766174316,0.13029015064239502,2.9206812381744385,0.13029015064239502,2.9206812381744385
0.0026209547650069,0.10771390050649643,2.893049716949463,0.10771390050649643,2.893049716949463
8.958723068237305,1.5800479650497437,3.420278549194336,1.5800479650497437,3.420278549194336
1.1168614625930786,1.5088751316070557,2.4142632484436035,1.5088751316070557,2.4142632484436035
0.7452023029327393,1.424412488937378,1.6330375671386719,1.424412488937378,1.6330375671386719
0.04287954419851303,0.04287954419851303,3.0607872009277344,0.04287954419851303,3.0607872009277344
0.005692461505532265,0.0253647118806839,4.185729026794434,0.0253647118806839,4.185729026794434
0.000789688085205853,0.016790898516774178,3.575040102005005,0.016790898516774178,3.575040102005005
0.018871407955884933,0.017596803605556488,3.3342602252960205,0.017596803605556488,3.3342602252960205
0.003305212128907442,0.014297562651336193,3.626985549926758,0.014297562651336193,3.626985549926758
3.4721226692199707,0.590651273727417,3.1966798305511475,0.590651273727417,3.1966798305511475
0.34725239872932434,0.5539199113845825,3.418726682662964,0.5539199113845825,3.418726682662964
1.4133628606796265,0.6619581580162048,3.2945284843444824,0.6619581580162048,3.2945284843444824
1.5267114639282227,0.7600245475769043,3.225754976272583,0.7600245475769043,3.225754976272583
0.2502637207508087,0.7106035947799683,3.0140435695648193,0.7106035947799683,3.0140435695648193
0.5939581394195557,0.6955267190933228,1.923438310623169,0.6955267190933228,1.923438310623169
0.044274620711803436,0.044274620711803436,2.7781596183776855,0.044274620711803436,2.7781596183776855
0.003396102227270603,0.024401850998401642,4.111658573150635,0.024401850998401642,4.111658573150635
0.0007441850611940026,0.016511457040905952,3.046426296234131,0.016511457040905952,3.046426296234131
0.2939380407333374,0.08631981164216995,3.184678792953491,0.08631981164216995,3.184678792953491
0.00405311631038785,0.07101200520992279,3.3556714057922363,0.07101200520992279,3.3556714057922363
6.325567722320557,1.1115736961364746,1.6903492212295532,1.1115736961364746,1.6903492212295532
0.9197670221328735,1.090763807296753,1.7072721719741821,1.090763807296753,1.7072721719741821
0.05532263591885567,0.05532263591885567,3.150859832763672,0.05532263591885567,3.150859832763672
0.00721184303984046,0.03240324556827545,4.317742824554443,0.03240324556827545,4.317742824554443
0.00062851223628968,0.021867642179131508,3.5182137489318848,0.021867642179131508,3.5182137489318848
0.015080489218235016,0.020182885229587555,3.2249672412872314,0.020182885229587555,3.2249672412872314
0.004119719844311476,0.017049092799425125,3.575481414794922,0.017049092799425125,3.575481414794922
4.71743106842041,0.8003678917884827,2.9189887046813965,0.8003678917884827,2.9189887046813965
5.105707168579102,1.4167401790618896,3.420293092727661,1.4167401790618896,3.420293092727661
6.8539323806762695,2.096731185913086,3.2327022552490234,2.096731185913086,3.2327022552490234
3.146453619003296,2.217841148376465,3.3017325401306152,2.217841148376465,3.3017325401306152
0.5890277624130249,2.0501999855041504,3.2345993518829346,2.0501999855041504,3.2345993518829346
7.9666056632995605,2.5832407474517822,3.1034111976623535,2.5832407474517822,3.1034111976623535
0.33266526460647583,2.395247459411621,3.052689552307129,2.395247459411621,3.052689552307129
0.7388544678688049,2.261547327041626,1.9039437770843506,2.261547327041626,1.9039437770843506
0.7942596673965454,0.7942596673965454,2.6995279788970947,0.7942596673965454,2.6995279788970947
0.004246979020535946,0.3932724595069885,4.195807456970215,0.3932724595069885,4.195807456970215
0.0006059955921955407,0.2526494562625885,3.2532718181610107,0.2526494562625885,3.2532718181610107
0.7652228474617004,0.3895490765571594,3.2144246101379395,0.3895490765571594,3.2144246101379395
0.004430240951478481,0.30960994958877563,3.319742202758789,0.30960994958877563,3.319742202758789
3.232696294784546,0.8011004328727722,1.8992021083831787,0.8011004328727722,1.8992021083831787
0.5191422700881958,0.7593948245048523,1.7401971817016602,0.7593948245048523,1.7401971817016602
0.03456263244152069,0.03456263244152069,3.2560508251190186,0.03456263244152069,3.2560508251190186
0.004266564734280109,0.019038056954741478,4.367561340332031,0.019038056954741478,4.367561340332031
0.0005550036439672112,0.012974436394870281,3.827061414718628,0.012974436394870281,3.827061414718628
0.007528031710535288,0.01141978520900011,3.3403689861297607,0.01141978520900011,3.3403689861297607
0.005289013497531414,0.009950202889740467,3.611091136932373,0.009950202889740467,3.611091136932373
5.922423362731934,0.9953417181968689,1.3264120817184448,0.9953417181968689,1.3264120817184448
12.047447204589844,2.5746781826019287,3.168482542037964,2.5746781826019287,3.168482542037964
3.9789984226226807,2.750216245651245,3.3430652618408203,2.750216245651245,3.3430652618408203
8.939409255981445,3.4461023807525635,2.7629172801971436,3.4461023807525635,2.7629172801971436
8.81626033782959,3.9797370433807373,2.9465370178222656,3.9797370433807373,2.9465370178222656
0.865888774394989,3.6933281421661377,2.9136319160461426,3.6933281421661377,2.9136319160461426
0.4096762537956238,3.419506311416626,1.7878246307373047,3.419506311416626,1.7878246307373047
4.128149032592773,3.4759602546691895,1.8707574605941772,3.4759602546691895,1.8707574605941772
0.15900494158267975,0.15900494158267975,2.7323336601257324,0.15900494158267975,2.7323336601257324
0.005226519890129566,0.0883735790848732,4.295796871185303,0.0883735790848732,4.295796871185303
0.0004755319678224623,0.06329826265573502,3.2987537384033203,0.06329826265573502,3.2987537384033203
0.5586531162261963,0.18705326318740845,3.21555757522583,0.18705326318740845,3.21555757522583
0.005185131914913654,0.15457625687122345,3.1896092891693115,0.15457625687122345,3.1896092891693115
2.80833101272583,0.6014476418495178,2.3455700874328613,0.6014476418495178,2.3455700874328613
0.21925483644008636,0.5423279404640198,1.680768370628357,0.5423279404640198,1.680768370628357
0.08408456295728683,0.08408456295728683,3.164543628692627,0.08408456295728683,3.164543628692627
0.004290186334401369,0.04435015097260475,4.438596725463867,0.04435015097260475,4.438596725463867
0.0006198153714649379,0.025041045621037483,4.189704895019531,0.025041045621037483,4.189704895019531
0.007382493000477552,0.021182503551244736,3.597574234008789,0.021182503551244736,3.597574234008789
0.005786690395325422,0.01851336658000946,3.5021309852600098,0.01851336658000946,3.5021309852600098
12.179662704467773,2.0461742877960205,4.143209457397461,2.0461742877960205,4.143209457397461
12.009763717651367,3.4744839668273926,3.341155529022217,3.4744839668273926,3.341155529022217
8.85313606262207,4.153352737426758,3.5326812267303467,4.153352737426758,3.5326812267303467
4.6577582359313965,4.1975274085998535,3.2247989177703857,4.1975274085998535,3.2247989177703857
1.7509559392929077,3.9580936431884766,3.1786184310913086,3.9580936431884766,3.1786184310913086
6.525902271270752,4.196737766265869,3.53548002243042,4.196737766265869,3.53548002243042
8.562580108642578,4.554929733276367,2.495025396347046,4.554929733276367,2.495025396347046
9.473902702331543,4.916872024536133,3.4706568717956543,4.916872024536133,3.4706568717956543
3.777505874633789,4.829345703125,2.952007293701172,4.829345703125,2.952007293701172
2.883059501647949,4.706303596496582,3.0160279273986816,4.706303596496582,3.0160279273986816
2.91975736618042,4.569257736206055,3.147395610809326,4.569257736206055,3.147395610809326
2.3619909286499023,4.4558892250061035,3.4379801750183105,4.4558892250061035,3.4379801750183105
5.482028961181641,4.527058124542236,3.2625985145568848,4.527058124542236,3.2625985145568848
0.37239399552345276,4.315131187438965,2.9696238040924072,4.315131187438965,2.9696238040924072
1.8127849102020264,4.190185070037842,3.327735185623169,4.190185070037842,3.327735185623169
1.962397813796997,4.0817131996154785,2.9046597480773926,4.0817131996154785,2.9046597480773926
6.3544182777404785,4.185325622558594,2.771397113800049,4.185325622558594,2.771397113800049
1.0719406604766846,4.050379753112793,3.3211357593536377,4.050379753112793,3.3211357593536377
0.6566944718360901,3.906414747238159,3.0812225341796875,3.906414747238159,3.0812225341796875
6.84495735168457,4.027316093444824,3.21683931350708,4.027316093444824,3.21683931350708
0.19972220063209534,3.8782665729522705,2.9242360591888428,3.8782665729522705,2.9242360591888428
0.23345889151096344,3.7505404949188232,2.808387517929077,3.7505404949188232,2.808387517929077
0.8220905661582947,3.6389901638031006,1.6209943294525146,3.6389901638031006,1.6209943294525146
0.3273971378803253,0.3273971378803253,2.542468786239624,0.3273971378803253,2.542468786239624
0.009225361049175262,0.16581174731254578,4.242884635925293,0.16581174731254578,4.242884635925293
0.0007403731578961015,0.11470914632081985,3.2993526458740234,0.11470914632081985,3.2993526458740234
0.10797904431819916,0.11003880202770233,3.142177104949951,0.11003880202770233,3.142177104949951
0.0036245384253561497,0.09154066443443298,3.170464038848877,0.09154066443443298,3.170464038848877
2.2501332759857178,0.4492901861667633,2.0502119064331055,0.4492901861667633,2.0502119064331055
0.4055280387401581,0.4416693150997162,1.6673177480697632,0.4416693150997162,1.6673177480697632
0.04377349093556404,0.04377349093556404,3.2812602519989014,0.04377349093556404,3.2812602519989014
0.003519057994708419,0.024188315495848656,4.387757301330566,0.024188315495848656,4.387757301330566
0.0005791893927380443,0.016373230144381523,3.956280469894409,0.016373230144381523,3.956280469894409
0.0038345158100128174,0.012957890518009663,3.328123092651367,0.012957890518009663,3.328123092651367
0.004802834242582321,0.01118340902030468,3.3444855213165283,0.01118340902030468,3.3444855213165283
5.819250583648682,0.9789634346961975,3.225989580154419,0.9789634346961975,3.225989580154419
4.077477931976318,1.4231425523757935,3.240368366241455,1.4231425523757935,3.240368366241455
4.921026229858398,1.8611855506896973,3.759242296218872,1.8611855506896973,3.759242296218872
3.3925490379333496,2.03448748588562,3.5476233959198,2.03448748588562,3.5476233959198
0.41477644443511963,1.8725334405899048,3.626274585723877,1.8725334405899048,3.626274585723877
0.026068422943353653,1.7018123865127563,2.98209547996521,1.7018123865127563,2.98209547996521
1.2865957021713257,1.6693907976150513,2.8876636028289795,1.6693907976150513,2.8876636028289795
0.5076428651809692,1.5834001302719116,1.8805278539657593,1.5834001302719116,1.8805278539657593
0.03216386213898659,0.03216386213898659,2.720801830291748,0.03216386213898659,2.720801830291748
0.004960966296494007,0.019057735800743103,4.244531631469727,0.019057735800743103,4.244531631469727
0.0005362979718483984,0.012806312181055546,3.331578016281128,0.012806312181055546,3.331578016281128
0.14595630764961243,0.04588066413998604,3.186927318572998,0.04588066413998604,3.186927318572998
0.004034475889056921,0.0390433594584465,3.227097749710083,0.0390433594584465,3.227097749710083
5.456546306610107,0.9407922625541687,2.9421510696411133,0.9407922625541687,2.9421510696411133
5.7025861740112305,1.6226896047592163,2.653841972351074,1.6226896047592163,2.653841972351074
0.9775625467300415,1.5432013273239136,2.7163703441619873,1.5432013273239136,2.7163703441619873
0.4310969412326813,1.4148606061935425,1.77853262424469,1.4148606061935425,1.77853262424469
0.040531691163778305,0.040531691163778305,2.664700984954834,0.040531691163778305,2.664700984954834
0.013407192192971706,0.027452347800135612,4.433836936950684,0.027452347800135612,4.433836936950684
0.0008036244544200599,0.017481083050370216,3.320107936859131,0.017481083050370216,3.320107936859131
0.4477936029434204,0.1243734061717987,3.328456163406372,0.1243734061717987,3.328456163406372
0.006335531361401081,0.12560971081256866,3.389134168624878,0.12560971081256866,3.389134168624878
3.145568370819092,0.6487410664558411,3.280151844024658,0.6487410664558411,3.280151844024658
1.4644215106964111,0.7558252215385437,3.0596420764923096,0.7558252215385437,3.0596420764923096
1.19183349609375,0.8144951462745667,2.8504586219787598,0.8144951462745667,2.8504586219787598
4.444865703582764,1.2141984701156616,3.8124756813049316,1.2141984701156616,3.8124756813049316
10.184462547302246,2.1148219108581543,3.670055866241455,2.1148219108581543,3.670055866241455
2.0155019760131836,2.1057822704315186,3.315669298171997,2.1057822704315186,3.315669298171997
4.132920265197754,2.2589662075042725,3.334465742111206,2.2589662075042725,3.334465742111206
6.658360481262207,2.597808361053467,3.93902587890625,2.597808361053467,3.93902587890625
0.26110586524009705,2.4267265796661377,3.358483076095581,2.4267265796661377,3.358483076095581
4.582160472869873,2.5682144165039062,2.4476540088653564,2.5682144165039062,2.4476540088653564
0.22638659179210663,2.5257763862609863,2.813516616821289,2.5257763862609863,2.813516616821289
0.36396607756614685,2.424461841583252,2.493246555328369,2.424461841583252,2.493246555328369
4.742631435394287,2.635575294494629,3.555682420730591,2.635575294494629,3.555682420730591
0.5557442903518677,2.586008310317993,2.81630802154541,2.586008310317993,2.81630802154541
4.856444835662842,2.6991193294525146,3.157482624053955,2.6991193294525146,3.157482624053955
3.275219440460205,2.732130765914917,2.4055778980255127,2.732130765914917,2.4055778980255127
8.618208885192871,2.9889161586761475,2.823789119720459,2.9889161586761475,2.823789119720459
3.0829966068267822,3.012662172317505,2.5681240558624268,3.012662172317505,2.5681240558624268
0.1753334254026413,2.890474557876587,2.8465912342071533,2.890474557876587,2.8465912342071533
0.798646867275238,2.8017141819000244,2.6839182376861572,2.8017141819000244,2.6839182376861572
4.841538906097412,2.864786386489868,3.3284881114959717,2.864786386489868,3.3284881114959717
3.8705430030822754,2.907902240753174,3.8068156242370605,2.907902240753174,3.8068156242370605
1.9150222539901733,2.881366729736328,3.5364272594451904,2.881366729736328,3.5364272594451904
1.3509447574615479,2.82867693901062,3.3539931774139404,2.82867693901062,3.3539931774139404
0.22813528776168823,2.7353391647338867,2.448624610900879,2.7353391647338867,2.448624610900879
5.4871907234191895,2.824829578399658,2.8908729553222656,2.824829578399658,2.8908729553222656
1.2527059316635132,2.782349109649658,3.2464981079101562,2.782349109649658,3.2464981079101562
0.008927195332944393,2.693408966064453,2.999454975128174,2.693408966064453,2.999454975128174
5.6400909423828125,2.786059617996216,3.384070873260498,2.786059617996216,3.384070873260498
0.9769853353500366,2.7346837520599365,3.8499131202697754,2.7346837520599365,3.8499131202697754
0.14834074676036835,2.66066575050354,3.658283233642578,2.66066575050354,3.658283233642578
0.19053596258163452,2.600921154022217,3.498650074005127,2.600921154022217,3.498650074005127
0.04146170616149902,2.532766819000244,2.4827237129211426,2.532766819000244,2.4827237129211426
1.4434762001037598,2.507059335708618,1.4215929508209229,2.507059335708618,1.4215929508209229
0.0849231630563736,0.0849231630563736,3.1030375957489014,0.0849231630563736,3.1030375957489014
0.02005712315440178,0.05383806675672531,4.453785419464111,0.05383806675672531,4.453785419464111
0.0008294717408716679,0.031576771289110184,3.255131959915161,0.031576771289110184,3.255131959915161
0.19366946816444397,0.06963324546813965,3.377997636795044,0.06963324546813965,3.377997636795044
0.004203176125884056,0.0643918365240097,3.5131735801696777,0.0643918365240097,3.5131735801696777
5.85690975189209,1.0220609903335571,3.7823615074157715,1.0220609903335571,3.7823615074157715
1.3870127201080322,1.098571538925171,3.267847776412964,1.098571538925171,3.267847776412964
0.2793845236301422,0.9912245273590088,2.865630865097046,0.9912245273590088,2.865630865097046
0.032317958772182465,0.032317958772182465,2.630218982696533,0.032317958772182465,2.630218982696533
0.0037108862306922674,0.01811072789132595,4.039827346801758,0.01811072789132595,4.039827346801758
0.0006920088781043887,0.011958214454352856,3.5817325115203857,0.011958214454352856,3.5817325115203857
7.03985071182251,1.7688602209091187,2.819408416748047,1.7688602209091187,2.819408416748047
0.004069619346410036,1.4163557291030884,3.0388712882995605,1.4163557291030884,3.0388712882995605
6.5981879234313965,2.278719425201416,3.2706494331359863,2.278719425201416,3.2706494331359863
0.13986214995384216,1.9711614847183228,2.7660024166107178,1.9711614847183228,2.7660024166107178
0.7159866690635681,1.8027840852737427,2.809321165084839,1.8027840852737427,2.809321165084839
8.490277290344238,2.525688648223877,2.839979410171509,2.525688648223877,2.839979410171509
1.5217756032943726,2.4062952995300293,3.2800304889678955,2.4062952995300293,3.2800304889678955
2.647984266281128,2.416354179382324,3.1379356384277344,2.416354179382324,3.1379356384277344
2.1651766300201416,2.4104793071746826,3.6111786365509033,2.4104793071746826,3.6111786365509033
0.06721340119838715,2.23048734664917,3.0086581707000732,2.23048734664917,3.0086581707000732
0.14790159463882446,2.0717594623565674,3.0105319023132324,2.0717594623565674,3.0105319023132324
0.354551762342453,1.9502079486846924,1.8797109127044678,1.9502079486846924,1.8797109127044678
0.04252978786826134,0.04252978786826134,2.749898672103882,0.04252978786826134,2.749898672103882
0.0058221276849508286,0.024594206362962723,4.2082977294921875,0.024594206362962723,4.2082977294921875
0.0008412636234425008,0.015350963920354843,3.4420628547668457,0.015350963920354843,3.4420628547668457
1.924377679824829,0.49455419182777405,3.3706436157226562,0.49455419182777405,3.3706436157226562
0.004481510724872351,0.410159170627594,3.5681400299072266,0.410159170627594,3.5681400299072266
3.93943452835083,1.0046014785766602,3.657891035079956,1.0046014785766602,3.657891035079956
0.2768316864967346,0.9081494212150574,3.8608245849609375,0.9081494212150574,3.8608245849609375
0.2681203782558441,0.8323139548301697,3.365605592727661,0.8323139548301697,3.365605592727661
4.290119647979736,1.2109684944152832,3.2210471630096436,1.2109684944152832,3.2210471630096436
0.0775696337223053,1.106264352798462,3.3864684104919434,1.106264352798462,3.3864684104919434
0.5188320875167847,1.0659446716308594,4.178271293640137,1.0659446716308594,4.178271293640137
0.017348211258649826,0.9681374430656433,3.353658676147461,0.9681374430656433,3.353658676147461
0.0628713071346283,0.9052164554595947,3.4426140785217285,0.9052164554595947,3.4426140785217285
0.17627103626728058,0.8449743390083313,2.0423836708068848,0.8449743390083313,2.0423836708068848
0.024413658306002617,0.024413658306002617,2.7257790565490723,0.024413658306002617,2.7257790565490723
0.006387650966644287,0.016018182039260864,4.225687026977539,0.016018182039260864,4.225687026977539
0.0007470439304597676,0.010542028583586216,3.143550395965576,0.010542028583586216,3.143550395965576
1.0751872062683105,0.27704232931137085,3.2001101970672607,0.27704232931137085,3.2001101970672607
0.006374858319759369,0.2363872528076172,3.0814261436462402,0.2363872528076172,3.0814261436462402
2.7403512001037598,0.6172842979431152,2.0864806175231934,0.6172842979431152,2.0864806175231934
0.2749975919723511,0.5776551365852356,1.8248904943466187,0.5776551365852356,1.8248904943466187
0.044761255383491516,0.044761255383491516,2.648057460784912,0.044761255383491516,2.648057460784912
0.00681954575702548,0.02544625662267208,4.359986305236816,0.02544625662267208,4.359986305236816
0.0005211663665249944,0.01643514260649681,3.4172844886779785,0.01643514260649681,3.4172844886779785
0.40692204236984253,0.11369570344686508,3.39835786819458,0.11369570344686508,3.39835786819458
0.00462403055280447,0.09439472109079361,3.086103677749634,0.09439472109079361,3.086103677749634
3.7203688621520996,0.7016158699989319,2.9980051517486572,0.7016158699989319,2.9980051517486572
2.829970359802246,1.0032113790512085,3.861729383468628,1.0032113790512085,3.861729383468628
4.133322715759277,1.388471245765686,3.4258575439453125,1.388471245765686,3.4258575439453125
1.548577070236206,1.4121358394622803,3.585952043533325,1.4121358394622803,3.585952043533325
0.008003072813153267,1.2646920680999756,3.536029815673828,1.2646920680999756,3.536029815673828
7.748694896697998,1.8573906421661377,2.1988472938537598,1.8573906421661377,2.1988472938537598
4.473201751708984,2.068584442138672,1.3366124629974365,2.068584442138672,1.3366124629974365
0.2688866853713989,0.2688866853713989,3.0402305126190186,0.2688866853713989,3.0402305126190186
0.0044459071941673756,0.13308057188987732,4.034090042114258,0.13308057188987732,4.034090042114258
0.0009460740839131176,0.09428805857896805,2.899918556213379,0.09428805857896805,2.899918556213379
1.507610559463501,0.44901013374328613,3.273283004760742,0.44901013374328613,3.273283004760742
0.0033263610675930977,0.35769006609916687,3.5994198322296143,0.35769006609916687,3.5994198322296143
3.441026210784912,0.8744559288024902,0.9472888708114624,0.8744559288024902,0.9472888708114624
10.014800071716309,2.1754140853881836,2.4961206912994385,2.1754140853881836,2.4961206912994385
1.5522276163101196,2.0992581844329834,2.6577537059783936,2.0992581844329834,2.6577537059783936
10.515792846679688,3.0320959091186523,2.901273727416992,3.0320959091186523,2.901273727416992
5.091814994812012,3.2446815967559814,2.7413551807403564,3.2446815967559814,2.7413551807403564
2.283395290374756,3.1612508296966553,2.4352729320526123,3.1612508296966553,2.4352729320526123
1.2315537929534912,2.9992358684539795,2.8368613719940186,2.9992358684539795,2.8368613719940186
0.33026790618896484,2.7939541339874268,1.3855397701263428,2.7939541339874268,1.3855397701263428
0.11674235016107559,0.11674235016107559,2.716024875640869,0.11674235016107559,2.716024875640869
0.01048591174185276,0.0645921379327774,4.4101786613464355,0.0645921379327774,4.4101786613464355
0.000979420612566173,0.03793838620185852,3.169346570968628,0.03793838620185852,3.169346570968628
0.9096537232398987,0.2552372217178345,3.619255542755127,0.2552372217178345,3.619255542755127
0.0024868296459317207,0.2023354321718216,3.6404528617858887,0.2023354321718216,3.6404528617858887
2.647308349609375,0.6147768497467041,3.388530731201172,0.6147768497467041,3.388530731201172
1.35506010055542,0.7266693115234375,3.190666675567627,0.7266693115234375,3.190666675567627
4.573613166809082,1.200022578239441,3.1166539192199707,1.200022578239441,3.1166539192199707
0.4818928837776184,1.1234112977981567,3.3371365070343018,1.1234112977981567,3.3371365070343018
3.881989002227783,1.3960984945297241,3.5651962757110596,1.3960984945297241,3.5651962757110596
0.3193063735961914,1.2962614297866821,2.8987038135528564,1.2962614297866821,2.8987038135528564
3.045043706893921,1.4422320127487183,2.9720094203948975,1.4422320127487183,2.9720094203948975
2.709718942642212,1.5388890504837036,3.517979383468628,1.5388890504837036,3.517979383468628
0.017515266314148903,1.4355255365371704,3.4162306785583496,1.4355255365371704,3.4162306785583496
2.3684370517730713,1.4916809797286987,3.617567539215088,1.4916809797286987,3.617567539215088
9.602845191955566,2.0092151165008545,3.4150123596191406,2.0092151165008545,3.4150123596191406
6.6604485511779785,2.2749476432800293,1.4670355319976807,2.2749476432800293,1.4670355319976807
0.0842842236161232,0.0842842236161232,2.4121994972229004,0.0842842236161232,2.4121994972229004
0.012289867736399174,0.04616190493106842,4.190069198608398,0.04616190493106842,4.190069198608398
0.0009486941853538156,0.030019275844097137,3.0174615383148193,0.030019275844097137,3.0174615383148193
0.9084977507591248,0.2508130967617035,3.3927223682403564,0.2508130967617035,3.3927223682403564
0.0036201435141265392,0.19813406467437744,3.1932921409606934,0.19813406467437744,3.1932921409606934
2.573472738265991,0.5935811400413513,1.65985906124115,0.5935811400413513,1.65985906124115
3.5983550548553467,1.025805115699768,1.2187858819961548,1.025805115699768,1.2187858819961548
1.6265606880187988,1.6265606880187988,2.337719678878784,1.6265606880187988,2.337719678878784
0.018911181017756462,0.7403739094734192,4.026992321014404,0.7403739094734192,4.026992321014404
0.0006162413046695292,0.5399846434593201,3.0363430976867676,0.5399846434593201,3.0363430976867676
0.9104880094528198,0.611710786819458,3.2845356464385986,0.611710786819458,3.2845356464385986
0.0016847953666001558,0.548650860786438,3.265446424484253,0.548650860786438,3.265446424484253
4.925886631011963,1.2769933938980103,3.6654770374298096,1.2769933938980103,3.6654770374298096
4.42183780670166,1.6808654069900513,4.036571979522705,1.6808654069900513,4.036571979522705
2.0346767902374268,1.7303112745285034,3.9438843727111816,1.7303112745285034,3.9438843727111816
0.34894514083862305,1.5877609252929688,3.306716203689575,1.5877609252929688,3.306716203689575
15.8414888381958,2.997424364089966,2.4258646965026855,2.997424364089966,2.4258646965026855
0.9501018524169922,2.807522773742676,2.367950439453125,2.807522773742676,2.367950439453125
0.3129611015319824,2.6026546955108643,1.752092719078064,2.6026546955108643,1.752092719078064
0.016722504049539566,0.016722504049539566,2.6676621437072754,0.016722504049539566,2.6676621437072754
0.007106503937393427,0.011675351299345493,4.2243218421936035,0.011675351299345493,4.2243218421936035
0.0008883106056600809,0.00797936599701643,3.1240994930267334,0.00797936599701643,3.1240994930267334
1.348029613494873,0.3429601490497589,3.4273178577423096,0.3429601490497589,3.4273178577423096
0.003146817907691002,0.2650248110294342,3.2187869548797607,0.2650248110294342,3.2187869548797607
2.672656774520874,0.6657870411872864,3.9138031005859375,0.6657870411872864,3.9138031005859375
1.1038357019424438,0.7297288775444031,3.9779064655303955,0.7297288775444031,3.9779064655303955
0.47003427147865295,0.695479691028595,4.125615119934082,0.695479691028595,4.125615119934082
0.02525881864130497,0.6109278798103333,2.9516940116882324,0.6109278798103333,2.9516940116882324
1.4482477903366089,0.6896787881851196,3.2520573139190674,0.6896787881851196,3.2520573139190674
0.09129705280065536,0.6303349137306213,3.015895366668701,0.6303349137306213,3.015895366668701
0.21769431233406067,0.5989041924476624,2.1281685829162598,0.5989041924476624,2.1281685829162598
0.015356282703578472,0.015356282703578472,2.6602513790130615,0.015356282703578472,2.6602513790130615
0.0050606015138328075,0.010273708030581474,4.301805019378662,0.010273708030581474,4.301805019378662
0.0007740838918834925,0.0067621017806231976,3.039677381515503,0.0067621017806231976,3.039677381515503
1.1060442924499512,0.28144869208335876,3.2837612628936768,0.28144869208335876,3.2837612628936768
0.003844965947791934,0.22680938243865967,2.7922587394714355,0.22680938243865967,2.7922587394714355
8.027083396911621,1.5287314653396606,2.900681734085083,1.5287314653396606,2.900681734085083
2.2014646530151367,1.6248705387115479,2.9780712127685547,1.6248705387115479,2.9780712127685547
1.4460147619247437,1.598721981048584,2.612194061279297,1.598721981048584,2.612194061279297
0.20342274010181427,1.4477777481079102,1.7117996215820312,1.4477777481079102,1.7117996215820312
0.025398988276720047,0.025398988276720047,2.7818715572357178,0.025398988276720047,2.7818715572357178
0.01443491317331791,0.019707713276147842,4.518635272979736,0.019707713276147842,4.518635272979736
0.0007153574260883033,0.012899387627840042,3.1141717433929443,0.012899387627840042,3.1141717433929443
0.7867403030395508,0.20659179985523224,3.528733491897583,0.20659179985523224,3.528733491897583
0.003233920084312558,0.16741943359375,3.5233960151672363,0.16741943359375,3.5233960151672363
1.170098066329956,0.33641815185546875,4.442072868347168,0.33641815185546875,4.442072868347168
6.179506301879883,1.1695096492767334,3.7120521068573,1.1695096492767334,3.7120521068573
0.408797949552536,1.0789995193481445,3.224940776824951,1.0789995193481445,3.224940776824951
0.17090286314487457,0.9851038455963135,1.9011272192001343,0.9851038455963135,1.9011272192001343
0.024690961465239525,0.024690961465239525,2.6261093616485596,0.024690961465239525,2.6261093616485596
0.007034535054117441,0.016356147825717926,4.371600151062012,0.016356147825717926,4.371600151062012
0.0007426364463753998,0.010814224369823933,3.1496222019195557,0.010814224369823933,3.1496222019195557
1.245513677597046,0.3192727565765381,3.3110198974609375,0.3192727565765381,3.3110198974609375
0.0035993570927530527,0.2926481366157532,3.2339401245117188,0.2926481366157532,3.2339401245117188
1.0831797122955322,0.4705948829650879,3.9185314178466797,0.4705948829650879,3.9185314178466797
1.768007755279541,0.6802825927734375,3.7330894470214844,0.6802825927734375,3.7330894470214844
0.3931802213191986,0.632257878780365,2.6913881301879883,0.632257878780365,2.6913881301879883
0.39605283737182617,0.6087296009063721,1.767967939376831,0.6087296009063721,1.767967939376831
0.032139044255018234,0.032139044255018234,2.7830758094787598,0.032139044255018234,2.7830758094787598
0.009423301555216312,0.020931392908096313,4.540234565734863,0.020931392908096313,4.540234565734863
0.0006118332967162132,0.014400438405573368,3.082400321960449,0.014400438405573368,3.082400321960449
0.643200159072876,0.17175249755382538,3.632877826690674,0.17175249755382538,3.632877826690674
0.0028961640782654285,0.13444499671459198,3.6407814025878906,0.13444499671459198,3.6407814025878906
5.1463422775268555,0.9666065573692322,3.1871538162231445,0.9666065573692322,3.1871538162231445
5.486338138580322,1.6122933626174927,3.0106136798858643,1.6122933626174927,3.0106136798858643
4.4937849044799805,1.9757773876190186,3.207892894744873,1.9757773876190186,3.207892894744873
4.8562211990356445,2.2900242805480957,2.75315523147583,2.2900242805480957,2.75315523147583
1.1135793924331665,2.18302583694458,3.1918840408325195,2.18302583694458,3.1918840408325195
3.319770336151123,2.2858362197875977,3.0898208618164062,2.2858362197875977,3.0898208618164062
0.5905128717422485,2.146815538406372,3.002009868621826,2.146815538406372,3.002009868621826
0.13945162296295166,1.9888627529144287,1.920864462852478,1.9888627529144287,1.920864462852478
13.674153327941895,2.823739767074585,2.798889636993408,2.823739767074585,2.798889636993408
1.5415678024291992,2.7461647987365723,2.68479061126709,2.7461647987365723,2.68479061126709
0.24540315568447113,2.5827701091766357,1.4412323236465454,2.5827701091766357,1.4412323236465454
1.1808068752288818,1.1808068752288818,2.536095380783081,1.1808068752288818,2.536095380783081
0.014511755667626858,0.63676917552948,4.305880546569824,0.63676917552948,4.305880546569824
0.0007769426447339356,0.41460755467414856,3.076219081878662,0.41460755467414856,3.076219081878662
1.0353102684020996,0.5691598653793335,3.48067045211792,0.5691598653793335,3.48067045211792
0.006093495525419712,0.44535595178604126,3.2068004608154297,0.44535595178604126,3.2068004608154297
3.0794670581817627,0.8804519772529602,3.480726718902588,0.8804519772529602,3.480726718902588
0.48638230562210083,0.8376784324645996,2.9347548484802246,0.8376784324645996,2.9347548484802246
0.0920388475060463,0.7392362952232361,1.6364269256591797,0.7392362952232361,1.6364269256591797
0.12429161369800568,0.12429161369800568,2.749453067779541,0.12429161369800568,2.749453067779541
0.0038821345660835505,0.06483536213636398,4.426116943359375,0.06483536213636398,4.426116943359375
0.0008727079257369041,0.05633403733372688,3.3611526489257812,0.05633403733372688,3.3611526489257812
0.737270712852478,0.2222297340631485,3.6682543754577637,0.2222297340631485,3.6682543754577637
0.0043171304278075695,0.16039851307868958,3.4705111980438232,0.16039851307868958,3.4705111980438232
9.103796005249023,1.6398578882217407,2.9294610023498535,1.6398578882217407,2.9294610023498535
1.4475809335708618,1.5980560779571533,2.840996742248535,1.5980560779571533,2.840996742248535
0.780004620552063,1.5026687383651733,2.861192226409912,1.5026687383651733,2.861192226409912
0.1131947860121727,1.3449956178665161,1.4222031831741333,1.3449956178665161,1.4222031831741333
0.5020098090171814,0.5020098090171814,2.614834785461426,0.5020098090171814,2.614834785461426
0.00707620196044445,0.2285473346710205,4.275318145751953,0.2285473346710205,4.275318145751953
0.0007671750499866903,0.1523025631904602,3.0070087909698486,0.1523025631904602,3.0070087909698486
1.2770309448242188,0.4412963390350342,3.294654130935669,0.4412963390350342,3.294654130935669
0.005229721777141094,0.347536563873291,3.494344711303711,0.347536563873291,3.494344711303711
7.907275199890137,1.610073208808899,3.260632276535034,1.610073208808899,3.260632276535034
0.7495503425598145,1.482209324836731,3.1126761436462402,1.482209324836731,3.1126761436462402
0.28793489933013916,1.3399087190628052,1.4332668781280518,1.3399087190628052,1.4332668781280518
0.13180802762508392,0.13180802762508392,2.8179702758789062,0.13180802762508392,2.8179702758789062
0.004206381272524595,0.06794080138206482,4.1940813064575195,0.06794080138206482,4.1940813064575195
0.0007637205999344587,0.048630792647600174,2.942030429840088,0.048630792647600174,2.942030429840088
0.7704277634620667,0.22861014306545258,3.5572402477264404,0.22861014306545258,3.5572402477264404
0.002973779570311308,0.1772157847881317,3.1641619205474854,0.1772157847881317,3.1641619205474854
6.456396102905273,1.227249026298523,3.117882251739502,1.227249026298523,3.117882251739502
2.471255302429199,1.409017562866211,2.8534693717956543,1.409017562866211,2.8534693717956543
0.2118828147649765,1.2617794275283813,2.687802791595459,1.2617794275283813,2.687802791595459
0.5406012535095215,1.1776689291000366,2.67146635055542,1.1776689291000366,2.67146635055542
15.316239356994629,2.584540843963623,2.2932515144348145,2.584540843963623,2.2932515144348145
1.225670337677002,2.4543848037719727,2.2511448860168457,2.4543848037719727,2.2511448860168457
7.59947395324707,2.8739261627197266,2.698122501373291,2.8739261627197266,2.698122501373291
0.870939314365387,2.7192654609680176,2.6773324012756348,2.7192654609680176,2.6773324012756348
0.07539822161197662,2.5309643745422363,2.2179152965545654,2.5309643745422363,2.2179152965545654
0.3712632954120636,2.391209602355957,1.5812437534332275,2.391209602355957,1.5812437534332275
6.525641441345215,2.6536428928375244,2.547485828399658,2.6536428928375244,2.547485828399658
6.936650276184082,2.907792806625366,2.859917402267456,2.907792806625366,2.859917402267456
4.976232051849365,3.0218684673309326,2.4783122539520264,3.0218684673309326,2.4783122539520264
2.1084256172180176,2.972388982772827,2.878824472427368,2.972388982772827,2.878824472427368
6.630555152893066,3.1545474529266357,2.414640426635742,3.1545474529266357,2.414640426635742
0.6936841011047363,3.0299670696258545,2.4067745208740234,3.0299670696258545,2.4067745208740234
0.7589226961135864,2.9277992248535156,1.4690346717834473,2.9277992248535156,1.4690346717834473
0.116531141102314,0.116531141102314,2.3678126335144043,0.116531141102314,2.3678126335144043
0.020213795825839043,0.06971236318349838,4.0678863525390625,0.06971236318349838,4.0678863525390625
0.0008537700050510466,0.046417757868766785,2.6868059635162354,0.046417757868766785,2.6868059635162354
1.5868446826934814,0.42860323190689087,3.0115599632263184,0.42860323190689087,3.0115599632263184
0.004560546018183231,0.337999165058136,2.7602388858795166,0.337999165058136,2.7602388858795166
5.142897605895996,1.1407793760299683,2.723991870880127,1.1407793760299683,2.723991870880127
4.096818923950195,1.5578006505966187,2.830681324005127,1.5578006505966187,2.830681324005127
8.781216621398926,2.4546380043029785,2.7970519065856934,2.4546380043029785,2.7970519065856934
0.37428417801856995,2.2224509716033936,2.6505255699157715,2.2224509716033936,2.6505255699157715
0.2859365940093994,2.032209873199463,1.556081771850586,2.032209873199463,1.556081771850586
0.06068195402622223,0.06068195402622223,2.788064479827881,0.06068195402622223,2.788064479827881
0.006641339045017958,0.03067091852426529,4.211406707763672,0.03067091852426529,4.211406707763672
0.0007968349382281303,0.02230549417436123,2.975128650665283,0.02230549417436123,2.975128650665283
0.8220529556274414,0.2222927212715149,3.3020260334014893,0.2222927212715149,3.3020260334014893
0.0024491334334015846,0.1743156462907791,3.4163010120391846,0.1743156462907791,3.4163010120391846
4.967212677001953,0.9792785048484802,3.5012192726135254,0.9792785048484802,3.5012192726135254
3.8586108684539795,1.3913004398345947,3.397099733352661,1.3913004398345947,3.397099733352661
1.6763927936553955,1.4269222021102905,2.8622350692749023,1.4269222021102905,2.8622350692749023
4.769940376281738,1.8005905151367188,3.2754592895507812,1.8005905151367188,3.2754592895507812
0.2557141184806824,1.6475601196289062,2.947115898132324,1.6475601196289062,2.947115898132324
3.010509490966797,1.77043616771698,2.8311007022857666,1.77043616771698,2.8311007022857666
4.0255632400512695,1.9577878713607788,3.1001877784729004,1.9577878713607788,3.1001877784729004
0.48587822914123535,1.8475875854492188,2.612135648727417,1.8475875854492188,2.612135648727417
5.58377742767334,2.1121864318847656,3.5475540161132812,2.1121864318847656,3.5475540161132812
2.3833441734313965,2.1290085315704346,3.2815914154052734,2.1290085315704346,3.2815914154052734
0.1460791975259781,2.002608060836792,2.957639694213867,2.002608060836792,2.957639694213867
1.9035662412643433,1.9941413402557373,3.8907132148742676,1.9941413402557373,3.8907132148742676
0.8253272175788879,1.926716923713684,2.791889190673828,1.926716923713684,2.791889190673828
4.060141563415527,2.0386757850646973,2.7319610118865967,2.0386757850646973,2.7319610118865967
3.2330102920532227,2.097149133682251,3.4518496990203857,2.097149133682251,3.4518496990203857
0.22964531183242798,2.005253314971924,2.719162702560425,2.005253314971924,2.719162702560425
5.344862937927246,2.153033971786499,3.0808963775634766,2.153033971786499,3.0808963775634766
0.05035847797989845,2.066115379333496,2.852046489715576,2.066115379333496,2.852046489715576
0.1037154495716095,1.988186001777649,1.9127565622329712,1.988186001777649,1.9127565622329712
0.022464675828814507,0.022464675828814507,2.3869683742523193,0.022464675828814507,2.3869683742523193
0.013607129454612732,0.01710861548781395,4.08738374710083,0.01710861548781395,4.08738374710083
0.0005704921204596758,0.011600665748119354,2.7432150840759277,0.011600665748119354,2.7432150840759277
2.414855718612671,0.612183153629303,2.9871468544006348,0.612183153629303,2.9871468544006348
0.0026623301673680544,0.47883501648902893,2.4728128910064697,0.47883501648902893,2.4728128910064697
2.871656894683838,0.8764316439628601,2.665727138519287,0.8764316439628601,2.665727138519287
4.918123245239258,1.4575201272964478,2.6856114864349365,1.4575201272964478,2.6856114864349365
10.74442195892334,2.618931770324707,3.0325183868408203,2.618931770324707,3.0325183868408203
0.42127177119255066,2.37166428565979,2.8083574771881104,2.37166428565979,2.8083574771881104
0.8575484752655029,2.22538161277771,2.7261366844177246,2.22538161277771,2.7261366844177246
6.067754745483398,2.5736632347106934,1.5434837341308594,2.5736632347106934,1.5434837341308594
1.1195259094238281,2.4508020877838135,1.4553488492965698,2.4508020877838135,1.4553488492965698
0.1339329481124878,0.1339329481124878,2.830273151397705,0.1339329481124878,2.830273151397705
0.0124196233227849,0.0724196806550026,4.198741912841797,0.0724196806550026,4.198741912841797
0.0006040894077159464,0.04394245520234108,3.0211806297302246,0.04394245520234108,3.0211806297302246
0.6367693543434143,0.19079414010047913,3.0984511375427246,0.19079414010047913,3.0984511375427246
0.002360298065468669,0.15248137712478638,3.3967349529266357,0.15248137712478638,3.3967349529266357
4.406455039978027,0.8637620806694031,4.724706649780273,0.8637620806694031,4.724706649780273
0.06449241191148758,0.7467754483222961,3.0012526512145996,0.7467754483222961,3.0012526512145996
2.26962947845459,0.943786084651947,2.945422649383545,0.943786084651947,2.945422649383545
0.5066304802894592,0.891215980052948,1.859499216079712,0.891215980052948,1.859499216079712
0.016598699614405632,0.016598699614405632,2.7788004875183105,0.016598699614405632,2.7788004875183105
0.008217571303248405,0.012724836356937885,3.9961509704589844,0.012724836356937885,3.9961509704589844
0.0011042217956855893,0.008391419425606728,2.8482003211975098,0.008391419425606728,2.8482003211975098
0.9800941348075867,0.2515726387500763,3.0108046531677246,0.2515726387500763,3.0108046531677246
0.0025232164189219475,0.20756694674491882,3.1768689155578613,0.20756694674491882,3.1768689155578613
3.0478782653808594,0.674823522567749,4.588037014007568,0.674823522567749,4.588037014007568
0.1322501301765442,0.5997793078422546,3.075091600418091,0.5997793078422546,3.075091600418091
1.3285181522369385,0.693968653678894,2.5931060314178467,0.693968653678894,2.5931060314178467
3.4380955696105957,0.9965730309486389,3.1081628799438477,0.9965730309486389,3.1081628799438477
1.9202511310577393,1.090857982635498,2.961759090423584,1.090857982635498,2.961759090423584
4.806600093841553,1.4260649681091309,2.6579036712646484,1.4260649681091309,2.6579036712646484
3.6641664505004883,1.6201092004776,2.7543368339538574,1.6201092004776,2.7543368339538574
1.045338749885559,1.5746862888336182,2.2824463844299316,1.5746862888336182,2.2824463844299316
0.6313486695289612,1.5110961198806763,1.7557029724121094,1.5110961198806763,1.7557029724121094
0.01571778766810894,0.01571778766810894,2.724369764328003,0.01571778766810894,2.724369764328003
0.006349390838295221,0.011744166724383831,4.199161052703857,0.011744166724383831,4.199161052703857
0.0007981451926752925,0.007925370708107948,2.941450595855713,0.007925370708107948,2.941450595855713
0.7214493155479431,0.18641094863414764,3.008608341217041,0.18641094863414764,3.008608341217041
0.0025840960443019867,0.1475450098514557,3.5037238597869873,0.1475450098514557,3.5037238597869873
3.480319023132324,0.7041923403739929,3.0214991569519043,0.7041923403739929,3.0214991569519043
2.327010154724121,0.9347872138023376,3.5279159545898438,0.9347872138023376,3.5279159545898438
3.362187385559082,1.241294026374817,4.132660865783691,1.241294026374817,4.132660865783691
0.05549124628305435,1.1083141565322876,2.9386894702911377,1.1083141565322876,2.9386894702911377
4.9354987144470215,1.4924232959747314,3.0194149017333984,1.4924232959747314,3.0194149017333984
2.600658893585205,1.5927703380584717,2.978656768798828,1.5927703380584717,2.978656768798828
0.800015926361084,1.523438811302185,2.726309299468994,1.523438811302185,2.726309299468994
0.2504124045372009,1.4286022186279297,1.9720786809921265,1.4286022186279297,1.9720786809921265
0.012451530434191227,0.012451530434191227,2.6171317100524902,0.012451530434191227,2.6171317100524902
0.005091201979666948,0.00860126968473196,4.033102989196777,0.00860126968473196,4.033102989196777
0.0007924277451820672,0.005712639074772596,2.830043315887451,0.005712639074772596,2.830043315887451
1.19486403465271,0.3030169904232025,2.8503479957580566,0.3030169904232025,2.8503479957580566
0.0027277187909930944,0.239359050989151,3.185887336730957,0.239359050989151,3.185887336730957
4.938051223754883,1.020593285560608,2.723616600036621,1.020593285560608,2.723616600036621
2.2235896587371826,1.1904356479644775,2.7881929874420166,1.1904356479644775,2.7881929874420166
5.173205375671387,1.6851389408111572,2.5464799404144287,1.6851389408111572,2.5464799404144287
3.8209569454193115,1.9220911264419556,2.3767476081848145,1.9220911264419556,2.3767476081848145
1.0915075540542603,1.8304874897003174,2.341944932937622,1.8304874897003174,2.341944932937622
0.3867111802101135,1.701403021812439,1.758057951927185,1.701403021812439,1.758057951927185
0.017954912036657333,0.017954912036657333,2.904369831085205,0.017954912036657333,2.904369831085205
0.004352382384240627,0.010935522615909576,4.215704917907715,0.010935522615909576,4.215704917907715
0.0008370947907678783,0.0073632835410535336,3.0176689624786377,0.0073632835410535336,3.0176689624786377
0.35829436779022217,0.0952225923538208,3.1032207012176514,0.0952225923538208,3.1032207012176514
0.002656028838828206,0.07680835574865341,3.7690377235412598,0.07680835574865341,3.7690377235412598
2.7510998249053955,0.5230208039283752,3.251844882965088,0.5230208039283752,3.251844882965088
4.078525066375732,1.0297383069992065,3.548862934112549,1.0297383069992065,3.548862934112549
2.91794753074646,1.269911766052246,4.493593692779541,1.269911766052246,4.493593692779541
0.04292534291744232,1.1275134086608887,3.0723423957824707,1.1275134086608887,3.0723423957824707
0.8954166173934937,1.1058340072631836,2.9753849506378174,1.1058340072631836,2.9753849506378174
0.20174601674079895,1.0232943296432495,1.9764811992645264,1.0232943296432495,1.9764811992645264
0.013973850756883621,0.013973850756883621,2.7773125171661377,0.013973850756883621,2.7773125171661377
0.0032263153698295355,0.008933357894420624,4.129139423370361,0.008933357894420624,4.129139423370361
0.0008167268824763596,0.006496323272585869,3.080190896987915,0.006496323272585869,3.080190896987915
0.6841405034065247,0.17607304453849792,3.101414442062378,0.17607304453849792,3.101414442062378
0.003328143386170268,0.1438583880662918,3.8588485717773438,0.1438583880662918,3.8588485717773438
3.8153152465820312,0.7577388882637024,3.3826229572296143,0.7577388882637024,3.3826229572296143
1.675420880317688,0.8932281732559204,2.8574843406677246,0.8932281732559204,2.8574843406677246
2.6472692489624023,1.111897587776184,3.411440372467041,1.111897587776184,3.411440372467041
1.8548756837844849,1.2014127969741821,3.1066160202026367,1.2014127969741821,3.1066160202026367
0.8245552778244019,1.1631289720535278,2.7355458736419678,1.1631289720535278,2.7355458736419678
0.4257824420928955,1.1000137329101562,2.6645777225494385,1.1000137329101562,2.6645777225494385
0.3479762375354767,1.0345097780227661,1.8124303817749023,1.0345097780227661,1.8124303817749023
0.015755338594317436,0.015755338594317436,2.948638916015625,0.015755338594317436,2.948638916015625
0.003895790548995137,0.009677099995315075,4.255969047546387,0.009677099995315075,4.255969047546387
0.0008531744824722409,0.006660356651991606,3.3151803016662598,0.006660356651991606,3.3151803016662598
0.15142129361629486,0.042897626757621765,3.2138164043426514,0.042897626757621765,3.2138164043426514
0.0033887361641973257,0.0345262736082077,3.793024778366089,0.0345262736082077,3.793024778366089
5.154209613800049,0.8864133358001709,4.146592140197754,0.8864133358001709,4.146592140197754
0.09794396162033081,0.7788249850273132,3.029752016067505,0.7788249850273132,3.029752016067505
3.7064642906188965,1.1436632871627808,3.7964935302734375,1.1436632871627808,3.7964935302734375
6.538673400878906,1.7504174709320068,3.5302786827087402,1.7504174709320068,3.5302786827087402
3.3887245655059814,1.91146981716156,3.424346923828125,1.91146981716156,3.424346923828125
1.46183180809021,1.8688431978225708,3.4095325469970703,1.8688431978225708,3.4095325469970703
1.6113240718841553,1.8484605550765991,2.9921209812164307,1.8484605550765991,2.9921209812164307
3.8375203609466553,2.009648084640503,3.16302227973938,2.009648084640503,3.16302227973938
1.757266879081726,2.000995397567749,3.565338611602783,2.000995397567749,3.565338611602783
0.07758606970310211,1.8739914894104004,2.498551368713379,1.8739914894104004,2.498551368713379
0.5448507070541382,1.7900245189666748,2.907233715057373,1.7900245189666748,2.907233715057373
0.09959125518798828,1.6913517713546753,1.862012505531311,1.6913517713546753,1.862012505531311
0.013351085595786572,0.013351085595786572,2.6622300148010254,0.013351085595786572,2.6622300148010254
0.00545169273391366,0.009968271479010582,4.198580265045166,0.009968271479010582,4.198580265045166
0.0007034449372440577,0.0063504609279334545,3.067330837249756,0.0063504609279334545,3.067330837249756
0.8087382912635803,0.20708101987838745,3.1201090812683105,0.20708101987838745,3.1201090812683105
0.003899946575984359,0.17840291559696198,3.735179901123047,0.17840291559696198,3.735179901123047
3.5264296531677246,0.7414948344230652,3.1647822856903076,0.7414948344230652,3.1647822856903076
1.2086127996444702,0.815965473651886,3.057422161102295,0.815965473651886,3.057422161102295
0.2836400866508484,0.7613658905029297,1.6416698694229126,0.7613658905029297,1.6416698694229126
0.02503655105829239,0.02503655105829239,2.9752626419067383,0.02503655105829239,2.9752626419067383
0.005482873879373074,0.01679578423500061,4.219083786010742,0.01679578423500061,4.219083786010742
0.000610999355558306,0.011755462735891342,3.086843967437744,0.011755462735891342,3.086843967437744
0.1807217299938202,0.0533578097820282,3.153826951980591,0.0533578097820282,3.153826951980591
0.0025144172832369804,0.043422631919384,3.7070508003234863,0.043422631919384,3.7070508003234863
3.621305465698242,0.6399714350700378,3.4060091972351074,0.6399714350700378,3.4060091972351074
1.7393951416015625,0.7971190810203552,3.1703038215637207,0.7971190810203552,3.1703038215637207
3.4447760581970215,1.1335926055908203,2.9761385917663574,1.1335926055908203,2.9761385917663574
4.219985008239746,1.4725825786590576,3.71136474609375,1.4725825786590576,3.71136474609375
1.7236573696136475,1.5044434070587158,3.386439561843872,1.5044434070587158,3.386439561843872
1.8890659809112549,1.541279911994934,2.947009325027466,1.541279911994934,2.947009325027466
0.2213548719882965,1.4385566711425781,2.7259681224823,1.4385566711425781,2.7259681224823
0.28102806210517883,1.3459376096725464,1.80966055393219,1.3459376096725464,1.80966055393219
0.03036779724061489,0.03036779724061489,2.686774969100952,0.03036779724061489,2.686774969100952
0.00501849502325058,0.016967186704277992,4.226878643035889,0.016967186704277992,4.226878643035889
0.0007203606073744595,0.011189629323780537,3.0014376640319824,0.011189629323780537,3.0014376640319824
0.9532398581504822,0.2459436058998108,3.15368390083313,0.2459436058998108,3.15368390083313
0.004213384818285704,0.23809275031089783,3.387019634246826,0.23809275031089783,3.387019634246826
5.4578166007995605,1.1293178796768188,3.4344067573547363,1.1293178796768188,3.4344067573547363
1.0003652572631836,1.0788066387176514,2.9894261360168457,1.0788066387176514,2.9894261360168457
2.1238956451416016,1.2211252450942993,2.377518892288208,1.2211252450942993,2.377518892288208
0.2728859484195709,1.1185210943222046,1.7079343795776367,1.1185210943222046,1.7079343795776367
0.0210348479449749,0.0210348479449749,2.6656033992767334,0.0210348479449749,2.6656033992767334
0.00844609085470438,0.015390746295452118,4.222934246063232,0.015390746295452118,4.222934246063232
0.0007875440060161054,0.010406451299786568,2.9751763343811035,0.010406451299786568,2.9751763343811035
0.32163870334625244,0.08767295628786087,3.0673670768737793,0.08767295628786087,3.0673670768737793
0.003930700942873955,0.07076899707317352,3.0620293617248535,0.07076899707317352,3.0620293617248535
3.6494598388671875,0.6682291030883789,3.0513603687286377,0.6682291030883789,3.0513603687286377
5.961795330047607,1.4244804382324219,2.924741506576538,1.4244804382324219,2.924741506576538
2.120856285095215,1.4983830451965332,2.594719409942627,1.4983830451965332,2.594719409942627
0.2688866853713989,1.3650193214416504,2.0032095909118652,1.3650193214416504,2.0032095909118652
0.013361789286136627,0.013361789286136627,2.703495740890503,0.013361789286136627,2.703495740890503
0.0038950780872255564,0.009355311281979084,4.153475284576416,0.009355311281979084,4.153475284576416
0.0009351171320304275,0.00659683533012867,2.8560259342193604,0.00659683533012867,2.8560259342193604
1.8394296169281006,0.46462583541870117,2.6774580478668213,0.46462583541870117,2.6774580478668213
0.005712375044822693,0.3708086311817169,3.0136144161224365,0.3708086311817169,3.0136144161224365
5.118885517120361,1.129201889038086,3.8374524116516113,1.129201889038086,3.8374524116516113
0.03635083884000778,0.9604300260543823,2.9006924629211426,0.9604300260543823,2.9006924629211426
1.5014516115188599,1.022942304611206,3.513927459716797,1.022942304611206,3.513927459716797
0.6479653120040894,0.9943880438804626,3.2518341541290283,0.9943880438804626,3.2518341541290283
6.657546043395996,1.5472073554992676,2.5969722270965576,1.5472073554992676,2.5969722270965576
5.435678482055664,1.9008984565734863,2.8772456645965576,1.9008984565734863,2.8772456645965576
2.176091194152832,1.9231218099594116,2.6091442108154297,1.9231218099594116,2.6091442108154297
3.330291748046875,2.0321273803710938,2.93515682220459,2.0321273803710938,2.93515682220459
8.053181648254395,2.4538090229034424,3.1293482780456543,2.4538090229034424,3.1293482780456543
2.3276009559631348,2.451202154159546,3.197179079055786,2.451202154159546,3.197179079055786
0.6760094165802002,2.3376665115356445,3.812450408935547,2.3376665115356445,3.812450408935547
0.13985687494277954,2.2072832584381104,3.157360076904297,2.2072832584381104,3.157360076904297
0.18406103551387787,2.1077401638031006,2.675663948059082,2.1077401638031006,2.675663948059082
0.07304424047470093,2.000559091567993,1.726366400718689,2.000559091567993,1.726366400718689
0.014666480012238026,0.014666480012238026,2.768550395965576,0.014666480012238026,2.768550395965576
0.005758600775152445,0.010346559807658195,4.257920265197754,0.010346559807658195,4.257920265197754
0.0008523407159373164,0.007519651670008898,3.1898560523986816,0.007519651670008898,3.1898560523986816
0.48273766040802,0.12633296847343445,3.2251296043395996,0.12633296847343445,3.2251296043395996
0.0029517910443246365,0.09569428861141205,3.7439675331115723,0.09569428861141205,3.7439675331115723
4.4161176681518555,0.8118085861206055,3.7762291431427,0.8118085861206055,3.7762291431427
0.06815045326948166,0.698074221611023,3.088197708129883,0.698074221611023,3.088197708129883
1.0259387493133545,0.7244918346405029,4.042417049407959,0.7244918346405029,4.042417049407959
1.208847999572754,0.7837252020835876,3.1554524898529053,0.7837252020835876,3.1554524898529053
0.46483081579208374,0.7494000196456909,3.2639904022216797,0.7494000196456909,3.2639904022216797
0.0775921419262886,0.6772407293319702,3.00272798538208,0.6772407293319702,3.00272798538208
10.525599479675293,1.5048819780349731,2.8889973163604736,1.5048819780349731,2.8889973163604736
0.24481528997421265,1.3953487873077393,2.8095693588256836,1.3953487873077393,2.8095693588256836
0.047244198620319366,1.3072458505630493,2.0953927040100098,1.3072458505630493,2.0953927040100098
0.014820358715951443,0.014820358715951443,2.592226505279541,0.014820358715951443,2.592226505279541
0.0038832034915685654,0.009446382522583008,4.132115840911865,0.009446382522583008,4.132115840911865
0.0006650857976637781,0.006399996113032103,2.9252028465270996,0.006399996113032103,2.9252028465270996
1.6619975566864014,0.42024049162864685,3.036789655685425,0.42024049162864685,3.036789655685425
0.0036712170112878084,0.34129321575164795,3.1643424034118652,0.34129321575164795,3.1643424034118652
4.592611789703369,1.0418047904968262,2.64884877204895,1.0418047904968262,2.64884877204895
1.1509584188461304,1.0599291324615479,2.3967254161834717,1.0599291324615479,2.3967254161834717
0.34827905893325806,0.9663946032524109,1.6459983587265015,0.9663946032524109,1.6459983587265015
0.026600906625390053,0.026600906625390053,3.105912446975708,0.026600906625390053,3.105912446975708
0.005527331959456205,0.01589815504848957,4.342973232269287,0.01589815504848957,4.342973232269287
0.0005050813779234886,0.010168534703552723,3.0184271335601807,0.010168534703552723,3.0184271335601807
0.26298969984054565,0.07365025579929352,3.173271894454956,0.07365025579929352,3.173271894454956
0.0031452730763703585,0.05819566920399666,3.5236072540283203,0.05819566920399666,3.5236072540283203
1.9055207967758179,0.36651304364204407,3.109671115875244,0.36651304364204407,3.109671115875244
0.4127937853336334,0.3701355755329132,2.8292698860168457,0.3701355755329132,2.8292698860168457
7.029330253601074,1.1991822719573975,3.094803810119629,1.1991822719573975,3.094803810119629
0.6537752151489258,1.1413304805755615,2.8471577167510986,1.1413304805755615,2.8471577167510986
0.5061273574829102,1.0829330682754517,3.0299172401428223,1.0829330682754517,3.0299172401428223
0.8217913508415222,1.0616949796676636,1.8559024333953857,1.0616949796676636,1.8559024333953857
0.099199578166008,0.099199578166008,2.5611748695373535,0.099199578166008,2.5611748695373535
0.009685193188488483,0.05153382942080498,4.313619613647461,0.05153382942080498,4.313619613647461
0.0005729940603487194,0.03528237342834473,2.8785266876220703,0.03528237342834473,2.8785266876220703
1.3793268203735352,0.37221336364746094,3.011439323425293,0.37221336364746094,3.011439323425293
0.0044157616794109344,0.3136671185493469,3.0069680213928223,0.3136671185493469,3.0069680213928223
4.531426429748535,0.9904933571815491,3.2391304969787598,0.9904933571815491,3.2391304969787598
1.392784833908081,1.0721944570541382,3.0408666133880615,1.0721944570541382,3.0408666133880615
1.35593581199646,1.101033329963684,3.1070382595062256,1.101033329963684,3.1070382595062256
1.150892734527588,1.1217138767242432,2.8634047508239746,1.1217138767242432,2.8634047508239746
0.3376710116863251,1.0643858909606934,1.7016079425811768,1.0643858909606934,1.7016079425811768
0.020985469222068787,0.020985469222068787,2.943162202835083,0.020985469222068787,2.943162202835083
0.006375687196850777,0.014772246591746807,4.225859642028809,0.014772246591746807,4.225859642028809
0.0006809299811720848,0.010160301811993122,2.9846911430358887,0.010160301811993122,2.9846911430358887
0.25640198588371277,0.07175005227327347,3.4616920948028564,0.07175005227327347,3.4616920948028564
0.0023930028546601534,0.057477403432130814,3.733729124069214,0.057477403432130814,3.733729124069214
2.372213363647461,0.4439760744571686,3.451915740966797,0.4439760744571686,3.451915740966797
1.5575565099716187,0.6039609313011169,3.1744091510772705,0.6039609313011169,3.1744091510772705
7.286340236663818,1.443739414215088,3.1756691932678223,1.443739414215088,3.1756691932678223
0.7520536184310913,1.3701213598251343,2.9721364974975586,1.3701213598251343,2.9721364974975586
1.6842782497406006,1.403494119644165,3.0163941383361816,1.403494119644165,3.0163941383361816
0.05519731342792511,1.2731335163116455,1.8069308996200562,1.2731335163116455,1.8069308996200562
0.014343492686748505,0.014343492686748505,2.670659065246582,0.014343492686748505,2.670659065246582
0.005510734394192696,0.01008608192205429,4.285531520843506,0.01008608192205429,4.285531520843506
0.0005946775199845433,0.006678037345409393,2.993468761444092,0.006678037345409393,2.993468761444092
0.8306945562362671,0.21281693875789642,3.356276750564575,0.21281693875789642,3.356276750564575
0.0033060437999665737,0.17081758379936218,3.2758841514587402,0.17081758379936218,3.2758841514587402
9.237212181091309,1.6755571365356445,2.9331345558166504,1.6755571365356445,2.9331345558166504
0.5444045066833496,1.519500732421875,2.8236210346221924,1.519500732421875,2.8236210346221924
0.15949127078056335,1.3513530492782593,1.7455707788467407,1.3513530492782593,1.7455707788467407
0.025740964338183403,0.025740964338183403,2.7545056343078613,0.025740964338183403,2.7545056343078613
0.006214698310941458,0.014344816096127033,4.38125467300415,0.014344816096127033,4.38125467300415
0.0006405447493307292,0.011366762220859528,3.09861159324646,0.011366762220859528,3.09861159324646
0.3314087688922882,0.09150241315364838,3.3967671394348145,0.09150241315364838,3.3967671394348145
0.002465306082740426,0.07305750250816345,3.4839866161346436,0.07305750250816345,3.4839866161346436
4.708029747009277,0.8493674397468567,3.8196494579315186,0.8493674397468567,3.8196494579315186
0.03266380727291107,0.7328239679336548,2.951141357421875,0.7328239679336548,2.951141357421875
0.9481298327445984,0.7585076689720154,3.7434849739074707,0.7585076689720154,3.7434849739074707
5.407336235046387,1.2770401239395142,3.2683157920837402,1.2770401239395142,3.2683157920837402
3.0170741081237793,1.4542649984359741,3.2555594444274902,1.4542649984359741,3.2555594444274902
1.2955487966537476,1.4401494264602661,3.4547359943389893,1.4401494264602661,3.4547359943389893
3.848262310028076,1.6411939859390259,2.996676206588745,1.6411939859390259,2.996676206588745
6.551529884338379,2.0144765377044678,3.0424962043762207,2.0144765377044678,3.0424962043762207
0.1846090853214264,1.8884550333023071,2.9622673988342285,1.8884550333023071,2.9622673988342285
9.221257209777832,2.372767925262451,3.3241424560546875,2.372767925262451,3.3241424560546875
6.979365825653076,2.6581368446350098,2.832331418991089,2.6581368446350098,2.832331418991089
2.0254225730895996,2.6302192211151123,2.6466329097747803,2.6302192211151123,2.6466329097747803
1.2947078943252563,2.5556726455688477,3.0298101902008057,2.5556726455688477,3.0298101902008057
9.056526184082031,2.8956727981567383,2.6290061473846436,2.8956727981567383,2.6290061473846436
1.5566860437393188,2.8283278942108154,2.4592111110687256,2.8283278942108154,2.4592111110687256
12.335830688476562,3.3000009059906006,2.76519775390625,3.3000009059906006,2.76519775390625
2.1431846618652344,3.232795476913452,2.9186997413635254,3.232795476913452,2.9186997413635254
8.358940124511719,3.461163282394409,3.4418931007385254,3.461163282394409,3.4418931007385254
0.9933911561965942,3.349066734313965,3.139981508255005,3.349066734313965,3.139981508255005
2.0814647674560547,3.3140294551849365,2.666046380996704,3.3140294551849365,2.666046380996704
4.059436321258545,3.343402862548828,3.3251852989196777,3.343402862548828,3.3251852989196777
6.603772163391113,3.456770896911621,2.826169490814209,3.456770896911621,2.826169490814209
5.939570426940918,3.551154375076294,2.019273281097412,3.551154375076294,2.019273281097412
4.099573135375977,3.5691916942596436,1.7301803827285767,3.5691916942596436,1.7301803827285767
5.162564277648926,3.6385297775268555,2.718773365020752,3.6385297775268555,2.718773365020752
3.084346294403076,3.629387140274048,2.7694783210754395,3.629387140274048,2.7694783210754395
3.1943187713623047,3.62043833732605,2.545541286468506,3.62043833732605,2.545541286468506
11.71899700164795,3.853660821914673,3.3072001934051514,3.853660821914673,3.3072001934051514
7.16008186340332,3.9692015647888184,2.4881529808044434,3.9692015647888184,2.4881529808044434
10.850736618041992,4.167287826538086,2.867229700088501,4.167287826538086,2.867229700088501
3.3825466632843018,4.14561653137207,2.952209949493408,4.14561653137207,2.952209949493408
5.389871597290039,4.1807541847229,3.2016959190368652,4.1807541847229,3.2016959190368652
4.770236015319824,4.192684173583984,2.6388912200927734,4.192684173583984,2.6388912200927734
2.0369646549224854,4.1460442543029785,1.8232896327972412,4.1460442543029785,1.8232896327972412
0.04695340618491173,0.04695340618491173,2.5177204608917236,0.04695340618491173,2.5177204608917236
0.018171969801187515,0.02932864986360073,4.328557968139648,0.02932864986360073,4.328557968139648
0.0007951673469506204,0.020143015310168266,3.0318121910095215,0.020143015310168266,3.0318121910095215
1.1348240375518799,0.29642555117607117,3.0461878776550293,0.29642555117607117,3.0461878776550293
0.003590923734009266,0.2378096580505371,3.446352481842041,0.2378096580505371,3.446352481842041
2.731243848800659,0.6518725156784058,3.329613447189331,0.6518725156784058,3.329613447189331
1.0099791288375854,0.7025624513626099,3.0623879432678223,0.7025624513626099,3.0623879432678223
0.19653740525245667,0.6506914496421814,1.7453603744506836,0.6506914496421814,1.7453603744506836
0.024205515161156654,0.024205515161156654,2.829749822616577,0.024205515161156654,2.829749822616577
0.004218964371830225,0.012704581953585148,4.228029251098633,0.012704581953585148,4.228029251098633
0.0008428120636381209,0.009430546313524246,3.2158350944519043,0.009430546313524246,3.2158350944519043
0.23303622007369995,0.06499072164297104,3.1595613956451416,0.06499072164297104,3.1595613956451416
0.004163170233368874,0.05156936123967171,3.6576099395751953,0.05156936123967171,3.6576099395751953
3.0440738201141357,0.5518954396247864,3.3414063453674316,0.5518954396247864,3.3414063453674316
0.7287895679473877,0.5752453207969666,2.9615442752838135,0.5752453207969666,2.9615442752838135
5.891014099121094,1.2325432300567627,3.1381468772888184,1.2325432300567627,3.1381468772888184
8.187249183654785,2.0057590007781982,3.050746202468872,2.0057590007781982,3.050746202468872
0.5043329000473022,1.8609302043914795,2.835573434829712,1.8609302043914795,2.835573434829712
6.74326753616333,2.301452398300171,3.562133312225342,2.301452398300171,3.562133312225342
0.21410894393920898,2.1255526542663574,3.5633385181427,2.1255526542663574,3.5633385181427
4.606839656829834,2.3270184993743896,3.1502468585968018,2.3270184993743896,3.1502468585968018
0.3663950562477112,2.1757795810699463,3.0426318645477295,2.1757795810699463,3.0426318645477295
0.7563483715057373,2.0852410793304443,3.2266335487365723,2.0852410793304443,3.2266335487365723
1.5208996534347534,2.0460689067840576,2.7889599800109863,2.0460689067840576,2.7889599800109863
6.482264518737793,2.3171722888946533,3.2731926441192627,2.3171722888946533,3.2731926441192627
1.0580679178237915,2.2424983978271484,3.0491979122161865,2.2424983978271484,3.0491979122161865
9.981412887573242,2.6468348503112793,3.672790050506592,2.6468348503112793,3.672790050506592
5.375411033630371,2.7797951698303223,3.0191128253936768,2.7797951698303223,3.0191128253936768
0.8048771619796753,2.681858777999878,3.0986814498901367,2.681858777999878,3.0986814498901367
1.879287838935852,2.6488616466522217,2.8090896606445312,2.6488616466522217,2.8090896606445312
7.772830009460449,2.864055871963501,3.0839381217956543,2.864055871963501,3.0839381217956543
1.8661099672317505,2.821321725845337,3.075946092605591,2.821321725845337,3.075946092605591
1.9808111190795898,2.7973546981811523,2.5909457206726074,2.7973546981811523,2.5909457206726074
0.8984894156455994,2.733260154724121,2.666090726852417,2.733260154724121,2.666090726852417
8.966249465942383,2.964738130569458,2.790701150894165,2.964738130569458,2.790701150894165
11.260406494140625,3.258794069290161,3.106504440307617,3.258794069290161,3.106504440307617
1.7802013158798218,3.215691089630127,3.003048896789551,3.215691089630127,3.003048896789551
10.438526153564453,3.4473154544830322,2.062160015106201,3.4473154544830322,2.062160015106201
8.956299781799316,3.6315083503723145,3.866973400115967,3.6315083503723145,3.866973400115967
2.7659196853637695,3.60475492477417,3.018462896347046,3.60475492477417,3.018462896347046
3.755284070968628,3.6063477993011475,3.0146491527557373,3.6063477993011475,3.0146491527557373
0.7758206129074097,3.523486614227295,2.760613203048706,3.523486614227295,2.760613203048706
4.896585464477539,3.5460989475250244,3.431755781173706,3.5460989475250244,3.431755781173706
10.435066223144531,3.758943796157837,3.5567500591278076,3.758943796157837,3.5567500591278076
0.28507015109062195,3.6584835052490234,2.7249093055725098,3.6584835052490234,2.7249093055725098
0.8353660106658936,3.585660457611084,2.7620832920074463,3.585660457611084,2.7620832920074463
4.024340629577637,3.5943427085876465,3.105009078979492,3.5943427085876465,3.105009078979492
1.5212516784667969,3.5393519401550293,3.2353405952453613,3.5393519401550293,3.2353405952453613
6.799034118652344,3.617332696914673,3.5769927501678467,3.617332696914673,3.5769927501678467
2.609978675842285,3.5924181938171387,2.9884629249572754,3.5924181938171387,2.9884629249572754
1.0790941715240479,3.534351110458374,3.225666046142578,3.534351110458374,3.225666046142578
3.2723803520202637,3.5222716331481934,3.233907699584961,3.5222716331481934,3.233907699584961
1.996510624885559,3.4820291996002197,3.47890043258667,3.4820291996002197,3.47890043258667
8.14855670928955,3.5987548828125,3.267468214035034,3.5987548828125,3.267468214035034
1.252653956413269,3.562307119369507,3.131592273712158,3.562307119369507,3.131592273712158
0.29989415407180786,3.503396987915039,3.194218635559082,3.503396987915039,3.194218635559082
0.6543375849723816,3.438318967819214,2.858391284942627,3.438318967819214,2.858391284942627
1.1266660690307617,3.3952484130859375,3.377336025238037,3.3952484130859375,3.377336025238037
1.1322710514068604,3.349106550216675,3.1507856845855713,3.349106550216675,3.1507856845855713
9.441343307495117,3.461582660675049,2.82747745513916,3.461582660675049,2.82747745513916
0.21746550500392914,3.3998427391052246,2.9174435138702393,3.3998427391052246,2.9174435138702393
0.61350417137146,3.3502328395843506,2.6039576530456543,3.3502328395843506,2.6039576530456543
0.37998026609420776,3.2925734519958496,2.7972073554992676,3.2925734519958496,2.7972073554992676
4.859111309051514,3.320819854736328,3.6438660621643066,3.320819854736328,3.6438660621643066
0.3316468298435211,3.273345947265625,2.946805477142334,3.273345947265625,2.946805477142334
2.8711061477661133,3.2645936012268066,3.0849900245666504,3.2645936012268066,3.0849900245666504
4.245034217834473,3.2733452320098877,3.128382682800293,3.2733452320098877,3.128382682800293
1.2705174684524536,3.2372562885284424,3.633302688598633,3.2372562885284424,3.633302688598633
0.8923830986022949,3.2023682594299316,2.778346061706543,3.2023682594299316,2.778346061706543
0.9745408296585083,3.168552875518799,1.6916433572769165,3.168552875518799,1.6916433572769165
0.03415730223059654,0.03415730223059654,2.4690518379211426,0.03415730223059654,2.4690518379211426
0.022662226110696793,0.02934654988348484,4.3278279304504395,0.02934654988348484,4.3278279304504395
0.0007153574260883033,0.017683006823062897,2.938685894012451,0.017683006823062897,2.938685894012451
0.8806685209274292,0.2346825897693634,2.9880919456481934,0.2346825897693634,2.9880919456481934
0.003310321131721139,0.20833131670951843,3.6719703674316406,0.20833131670951843,3.6719703674316406
5.433523178100586,1.0810145139694214,3.5180611610412598,1.0810145139694214,3.5180611610412598
3.8353052139282227,1.470643401145935,2.827669620513916,1.470643401145935,2.827669620513916
1.3345649242401123,1.4582254886627197,2.9516615867614746,1.4582254886627197,2.9516615867614746
0.9082463979721069,1.3910633325576782,2.631369113922119,1.3910633325576782,2.631369113922119
0.8592230081558228,1.33859121799469,2.5413033962249756,1.33859121799469,2.5413033962249756
0.7002412676811218,1.288197636604309,2.830157995223999,1.288197636604309,2.830157995223999
0.5837215185165405,1.2400802373886108,1.5284215211868286,1.2400802373886108,1.5284215211868286
6.113924503326416,1.615280270576477,1.4639321565628052,1.615280270576477,1.4639321565628052
0.08324898779392242,0.08324898779392242,2.8539834022521973,0.08324898779392242,2.8539834022521973
0.008809510618448257,0.044493190944194794,4.134151935577393,0.044493190944194794,4.134151935577393
0.0008841419476084411,0.03349417448043823,3.104285955429077,0.03349417448043823,3.104285955429077
0.20601961016654968,0.07601003348827362,2.7964630126953125,0.07601003348827362,2.7964630126953125
0.004780411254614592,0.060403186827898026,3.759492874145508,0.060403186827898026,3.759492874145508
7.435067176818848,1.2920489311218262,3.6043453216552734,1.2920489311218262,3.6043453216552734
5.480051040649414,1.904827356338501,2.831320285797119,1.904827356338501,2.831320285797119
1.2957900762557983,1.8159770965576172,2.8623149394989014,1.8159770965576172,2.8623149394989014
6.620494842529297,2.356661796569824,3.4549384117126465,2.356661796569824,3.4549384117126465
8.22105884552002,2.943113327026367,3.4249088764190674,2.943113327026367,3.4249088764190674
1.629069209098816,2.8178181648254395,2.852876663208008,2.8178181648254395,2.852876663208008
0.8085616827011108,2.6615326404571533,3.067290782928467,2.6615326404571533,3.067290782928467
1.0475777387619019,2.5271263122558594,2.911573648452759,2.5271263122558594,2.911573648452759
1.1435925960540771,2.434694290161133,2.7377495765686035,2.434694290161133,2.7377495765686035
0.620877742767334,2.3028745651245117,2.7279508113861084,2.3028745651245117,2.7279508113861084
0.5290095806121826,2.1895761489868164,1.7342109680175781,2.1895761489868164,1.7342109680175781
0.03790093958377838,0.03790093958377838,2.7149648666381836,0.03790093958377838,2.7149648666381836
0.00468217208981514,0.021792815998196602,4.278754234313965,0.021792815998196602,4.278754234313965
0.0007407305529341102,0.014226536266505718,3.066103458404541,0.014226536266505718,3.066103458404541
0.6964343190193176,0.18509933352470398,3.0933687686920166,0.18509933352470398,3.0933687686920166
0.004241281189024448,0.1664160043001175,3.4695401191711426,0.1664160043001175,3.4695401191711426
4.741683006286621,0.9298434257507324,3.3094184398651123,0.9298434257507324,3.3094184398651123
1.3182282447814941,0.9862953424453735,2.628096580505371,0.9862953424453735,2.628096580505371
6.6319732666015625,1.6899912357330322,3.4404473304748535,1.6899912357330322,3.4404473304748535
1.488037347793579,1.65522301197052,3.1021780967712402,1.65522301197052,3.1021780967712402
0.28184857964515686,1.5383362770080566,2.9995551109313965,1.5383362770080566,2.9995551109313965
1.1705925464630127,1.4902461767196655,2.4559757709503174,1.4902461767196655,2.4559757709503174
0.41329827904701233,1.4046915769577026,1.6111698150634766,1.4046915769577026,1.6111698150634766
0.06493423134088516,0.06493423134088516,3.025329113006592,0.06493423134088516,3.025329113006592
0.003910514991730452,0.03620828688144684,4.443192958831787,0.03620828688144684,4.443192958831787
0.000686767278239131,0.02299915999174118,3.4253153800964355,0.02299915999174118,3.4253153800964355
0.10531539469957352,0.04438366740942001,3.002690315246582,0.04438366740942001,3.002690315246582
0.003606365295127034,0.03291208669543266,3.350821018218994,0.03291208669543266,3.350821018218994
5.153614521026611,0.8870198726654053,3.273393154144287,0.8870198726654053,3.273393154144287
6.183307647705078,1.6380747556686401,2.81497859954834,1.6380747556686401,2.81497859954834
3.2427072525024414,1.8478223085403442,3.8200268745422363,1.8478223085403442,3.8200268745422363
2.592679500579834,1.92793869972229,3.3351635932922363,1.92793869972229,3.3351635932922363
3.6109981536865234,2.09845232963562,2.8863272666931152,2.09845232963562,2.8863272666931152
4.680572032928467,2.326828956604004,3.336155652999878,2.326828956604004,3.336155652999878
2.5170230865478516,2.338829517364502,2.7338714599609375,2.338829517364502,2.7338714599609375
1.0325275659561157,2.2532856464385986,3.332223415374756,2.2532856464385986,3.332223415374756
1.576087474822998,2.197981357574463,2.8663341999053955,2.197981357574463,2.8663341999053955
2.1702919006347656,2.1942708492279053,2.7381672859191895,2.1942708492279053,2.7381672859191895
5.68181848526001,2.4052741527557373,2.7301950454711914,2.4052741527557373,2.7301950454711914
1.2331575155258179,2.3353402614593506,2.7616496086120605,2.3353402614593506,2.7616496086120605
1.3316935300827026,2.2770371437072754,1.783862829208374,2.2770371437072754,1.783862829208374
0.02098698727786541,0.02098698727786541,2.6289288997650146,0.02098698727786541,2.6289288997650146
0.004790139850229025,0.013538521714508533,4.436855792999268,0.013538521714508533,4.436855792999268
0.0004637358069885522,0.009285240434110165,3.069908857345581,0.009285240434110165,3.069908857345581
0.7548867464065552,0.19524888694286346,3.0061898231506348,0.19524888694286346,3.0061898231506348
0.002844575559720397,0.16282472014427185,3.3412716388702393,0.16282472014427185,3.3412716388702393
3.6002368927001953,0.7379752993583679,3.5250935554504395,0.7379752993583679,3.5250935554504395
1.6857914924621582,0.875144898891449,2.893568992614746,0.875144898891449,2.893568992614746
0.1056591048836708,0.7851595878601074,3.072334051132202,0.7851595878601074,3.072334051132202
1.7992901802062988,0.8924903869628906,2.7484936714172363,0.8924903869628906,2.7484936714172363
0.26092442870140076,0.822734534740448,2.6885271072387695,0.822734534740448,2.6885271072387695
0.273449182510376,0.7704393267631531,2.572664499282837,0.7704393267631531,2.572664499282837
0.1148691326379776,0.7196831703186035,1.700683832168579,0.7196831703186035,1.700683832168579
0.04936817288398743,0.04936817288398743,2.8867993354797363,0.04936817288398743,2.8867993354797363
0.0026932416949421167,0.026306698098778725,4.341198921203613,0.026306698098778725,4.341198921203613
0.0008073169738054276,0.018386511132121086,3.2821221351623535,0.018386511132121086,3.2821221351623535
0.11365922540426254,0.04202809929847717,2.9243452548980713,0.04202809929847717,2.9243452548980713
0.002351853996515274,0.030663877725601196,3.3421730995178223,0.030663877725601196,3.3421730995178223
7.458291053771973,1.2676210403442383,3.0079238414764404,1.2676210403442383,3.0079238414764404
0.7532354593276978,1.1907765865325928,2.733529567718506,1.1907765865325928,2.733529567718506
5.626120567321777,1.7476729154586792,3.28204083442688,1.7476729154586792,3.28204083442688
8.502206802368164,2.494079351425171,3.070601463317871,2.494079351425171,3.070601463317871
5.855427265167236,2.835648536682129,2.8184638023376465,2.835648536682129,2.8184638023376465
2.220911979675293,2.7762296199798584,3.2617344856262207,2.7762296199798584,3.2617344856262207
5.025265216827393,2.965521812438965,3.122756242752075,2.965521812438965,3.122756242752075
0.6421045064926147,2.784942626953125,2.842982769012451,2.784942626953125,2.842982769012451
0.7533761262893677,2.643308401107788,2.037635564804077,2.643308401107788,2.037635564804077
6.472886085510254,2.897193431854248,1.8751579523086548,2.897193431854248,1.8751579523086548
0.049346160143613815,0.049346160143613815,2.689521074295044,0.049346160143613815,2.689521074295044
0.004741496406495571,0.02530432492494583,4.494035720825195,0.02530432492494583,4.494035720825195
0.0005054388311691582,0.017003187909722328,3.211388111114502,0.017003187909722328,3.211388111114502
0.7603066563606262,0.20328699052333832,3.1003990173339844,0.20328699052333832,3.1003990173339844
0.003167851595208049,0.15995854139328003,3.1982860565185547,0.15995854139328003,3.1982860565185547
9.994410514831543,1.804510474205017,3.1666653156280518,1.804510474205017,3.1666653156280518
2.0453124046325684,1.846529245376587,3.361008405685425,1.846529245376587,3.361008405685425
8.670672416687012,2.6719017028808594,1.1638767719268799,2.6719017028808594,1.1638767719268799
9.07397747039795,3.375483274459839,2.5672433376312256,3.375483274459839,2.5672433376312256
3.4496970176696777,3.3880505561828613,1.766501784324646,3.3880505561828613,1.766501784324646
4.359440803527832,4.359440803527832,3.0414786338806152,4.359440803527832,3.0414786338806152
0.0074945478700101376,2.1464505195617676,4.359803199768066,2.1464505195617676,4.359803199768066
0.0011154150124639273,1.4515520334243774,3.0994362831115723,1.4515520334243774,3.0994362831115723
0.7392575144767761,1.2848353385925293,3.489442825317383,1.2848353385925293,3.489442825317383
0.0023846779949963093,1.0312646627426147,3.5226120948791504,1.0312646627426147,3.5226120948791504
7.547515869140625,2.083545684814453,3.563652753829956,2.083545684814453,3.563652753829956
6.691434860229492,2.7323288917541504,2.78222918510437,2.7323288917541504,2.78222918510437
4.077905178070068,2.8960657119750977,3.197068452835083,2.8960657119750977,3.197068452835083
2.6791739463806152,2.8657894134521484,3.0306379795074463,2.8657894134521484,3.0306379795074463
1.5757452249526978,2.7518491744995117,2.74135422706604,2.7518491744995117,2.74135422706604
10.082560539245605,3.4054651260375977,3.501279354095459,3.4054651260375977,3.501279354095459
2.320206642150879,3.318842887878418,2.792088508605957,3.318842887878418,2.792088508605957
0.675646960735321,3.104220151901245,3.141051769256592,3.104220151901245,3.141051769256592
9.669532775878906,3.5799763202667236,3.6251018047332764,3.5799763202667236,3.6251018047332764
1.0489939451217651,3.3979508876800537,2.8147919178009033,3.3979508876800537,2.8147919178009033
7.306487083435059,3.6487133502960205,3.4484169483184814,3.6487133502960205,3.4484169483184814
1.205337643623352,3.5046749114990234,3.19097900390625,3.5046749114990234,3.19097900390625
0.2601756155490875,3.3444433212280273,3.0311508178710938,3.3444433212280273,3.0311508178710938
0.7422221302986145,3.201017379760742,2.7725422382354736,3.201017379760742,2.7725422382354736
0.6859917044639587,3.080470561981201,2.460574150085449,3.080470561981201,2.460574150085449
1.3021268844604492,2.987192153930664,2.512516975402832,2.987192153930664,2.512516975402832
1.0394628047943115,2.9017090797424316,2.407212734222412,2.9017090797424316,2.407212734222412
1.0797501802444458,2.82301664352417,2.5310683250427246,2.82301664352417,2.5310683250427246
0.7148439884185791,2.7319748401641846,2.2793216705322266,2.7319748401641846,2.2793216705322266
1.1007232666015625,2.665053606033325,2.5045981407165527,2.665053606033325,2.5045981407165527
0.3212592303752899,2.5705552101135254,1.8521894216537476,2.5705552101135254,1.8521894216537476
0.037001609802246094,0.037001609802246094,2.6915128231048584,0.037001609802246094,2.6915128231048584
0.00399458222091198,0.020930085331201553,4.305586814880371,0.020930085331201553,4.305586814880371
0.000667468411847949,0.01375922653824091,3.0237479209899902,0.01375922653824091,3.0237479209899902
0.4988976716995239,0.13468095660209656,3.047816514968872,0.13468095660209656,3.047816514968872
0.004228223580867052,0.10850727558135986,3.1992812156677246,0.10850727558135986,3.1992812156677246
3.7824363708496094,0.7198384404182434,2.635807991027832,0.7198384404182434,2.635807991027832
1.3591334819793701,0.816959798336029,2.490238666534424,0.816959798336029,2.490238666534424
3.323085308074951,1.1290470361709595,2.823169708251953,1.1290470361709595,2.823169708251953
1.1806124448776245,1.1425827741622925,2.5453381538391113,1.1425827741622925,2.5453381538391113
7.7083210945129395,1.8005931377410889,2.574601411819458,1.8005931377410889,2.574601411819458
3.691512107849121,1.9662021398544312,2.5568032264709473,1.9662021398544312,2.5568032264709473
0.6036160588264465,1.855521559715271,2.581742286682129,1.855521559715271,2.581742286682129
3.981414318084717,2.016742467880249,3.444134473800659,2.016742467880249,3.444134473800659
0.3456977903842926,1.9018162488937378,3.3015334606170654,1.9018162488937378,3.3015334606170654
0.042024578899145126,1.7871919870376587,3.435157060623169,1.7871919870376587,3.435157060623169
0.12000453472137451,1.685097336769104,3.046802043914795,1.685097336769104,3.046802043914795
0.03291656821966171,1.594610571861267,2.789188861846924,1.594610571861267,2.789188861846924
1.589615821838379,1.5907872915267944,2.7238240242004395,1.5907872915267944,2.7238240242004395
0.21218031644821167,1.5133885145187378,1.5647257566452026,1.5133885145187378,1.5647257566452026
0.0467555895447731,0.0467555895447731,2.833322763442993,0.0467555895447731,2.833322763442993
0.0028498058672994375,0.023017117753624916,4.460748672485352,0.023017117753624916,4.460748672485352
0.000649956171400845,0.0180148147046566,3.400470733642578,0.0180148147046566,3.400470733642578
0.399410218000412,0.11221158504486084,3.250342607498169,0.11221158504486084,3.250342607498169
0.002493845531716943,0.08915841579437256,3.286449909210205,0.08915841579437256,3.286449909210205
3.650977849960327,0.6831650733947754,3.523942470550537,0.6831650733947754,3.523942470550537
0.5439780950546265,0.6616219282150269,3.06435489654541,0.6616219282150269,3.06435489654541
0.03542307764291763,0.5809056162834167,3.05192232131958,0.5809056162834167,3.05192232131958
0.09452886134386063,0.5304826498031616,3.103050947189331,0.5304826498031616,3.103050947189331
0.0156805869191885,0.4740890860557556,2.541231393814087,0.4740890860557556,2.541231393814087
0.9558426737785339,0.5114976167678833,2.7718019485473633,0.5114976167678833,2.7718019485473633
0.11026468873023987,0.478325754404068,1.9861557483673096,0.478325754404068,1.9861557483673096
0.01679389551281929,0.01679389551281929,2.9077420234680176,0.01679389551281929,2.9077420234680176
0.0020503229461610317,0.011510483920574188,4.355471134185791,0.011510483920574188,4.355471134185791
0.0005913416389375925,0.0055602178908884525,3.184277296066284,0.0055602178908884525,3.184277296066284
0.36793074011802673,0.09559829533100128,3.254439115524292,0.09559829533100128,3.254439115524292
0.0022107940167188644,0.07908794283866882,3.3064277172088623,0.07908794283866882,3.3064277172088623
1.890176773071289,0.3865918219089508,2.860562562942505,0.3865918219089508,2.860562562942505
0.5785382986068726,0.4096167981624603,2.764650344848633,0.4096167981624603,2.764650344848633
9.769974708557129,1.5798969268798828,3.902433395385742,1.5798969268798828,3.902433395385742
1.0647833347320557,1.5246115922927856,2.941920757293701,1.5246115922927856,2.941920757293701
0.5098581910133362,1.425160527229309,2.697143077850342,1.425160527229309,2.697143077850342
1.161741852760315,1.4048817157745361,1.5869781970977783,1.4048817157745361,1.5869781970977783
0.08032077550888062,0.08032077550888062,3.040524959564209,0.08032077550888062,3.040524959564209
0.002413933165371418,0.039291203022003174,4.439906597137451,0.039291203022003174,4.439906597137451
0.0006660388899035752,0.02722099982202053,3.448745012283325,0.02722099982202053,3.448745012283325
0.35227829217910767,0.1069379448890686,3.386657238006592,0.1069379448890686,3.386657238006592
0.0029331303667277098,0.0859241932630539,3.58868670463562,0.0859241932630539,3.58868670463562
4.2246503829956055,0.7717395424842834,3.1946635246276855,0.7717395424842834,3.1946635246276855
3.679164409637451,1.1895906925201416,2.8757176399230957,1.1895906925201416,2.8757176399230957
3.734910249710083,1.5087318420410156,3.052443504333496,1.5087318420410156,3.052443504333496
1.2054510116577148,1.469254493713379,2.952399969100952,1.469254493713379,2.952399969100952
3.199047565460205,1.6705671548843384,3.793088912963867,1.6705671548843384,3.793088912963867
0.11855733394622803,1.5299973487854004,2.8279802799224854,1.5299973487854004,2.8279802799224854
4.248600006103516,1.7492995262145996,2.771263599395752,1.7492995262145996,2.771263599395752
2.5974769592285156,1.7984133958816528,3.1851882934570312,1.7984133958816528,3.1851882934570312
0.8381954431533813,1.7077029943466187,2.5559868812561035,1.7077029943466187,2.5559868812561035
5.75923490524292,1.9783952236175537,2.7004425525665283,1.9783952236175537,2.7004425525665283
0.436127245426178,1.885030746459961,1.7704235315322876,1.885030746459961,1.7704235315322876
0.03501890227198601,0.03501890227198601,2.7466979026794434,0.03501890227198601,2.7466979026794434
0.0034941115882247686,0.0201334860175848,4.365571022033691,0.0201334860175848,4.365571022033691
0.0006668727728538215,0.013702694326639175,3.374756336212158,0.013702694326639175,3.374756336212158
0.9130986928939819,0.238430917263031,3.2460217475891113,0.238430917263031,3.2460217475891113
0.0033293315209448338,0.19285133481025696,3.899221897125244,0.19285133481025696,3.899221897125244
2.2910516262054443,0.5400273203849792,3.1056151390075684,0.5400273203849792,3.1056151390075684
0.5869520306587219,0.5597856640815735,3.106156826019287,0.5597856640815735,3.106156826019287
0.4354884922504425,0.5371726155281067,1.6136974096298218,0.5371726155281067,1.6136974096298218
0.03288496285676956,0.03288496285676956,3.140676259994507,0.03288496285676956,3.140676259994507
0.003607434220612049,0.018146120011806488,4.455811500549316,0.018146120011806488,4.455811500549316
0.0005383234238252044,0.011543543078005314,3.677518367767334,0.011543543078005314,3.677518367767334
0.02305534854531288,0.015276732854545116,3.3000950813293457,0.015276732854545116,3.3000950813293457
0.0032511495519429445,0.013694969937205315,3.5273120403289795,0.013694969937205315,3.5273120403289795
5.851933479309082,0.9872515797615051,3.3150508403778076,0.9872515797615051,3.3150508403778076
1.6832526922225952,1.0844987630844116,3.1426773071289062,1.0844987630844116,3.1426773071289062
8.132851600646973,1.973159670829773,2.436431646347046,1.973159670829773,2.436431646347046
9.396737098693848,2.803751230239868,2.44881010055542,2.803751230239868,2.44881010055542
6.315311431884766,3.1520133018493652,3.498569965362549,3.1520133018493652,3.498569965362549
3.8286542892456055,3.2177367210388184,3.2379016876220703,3.2177367210388184,3.2379016876220703
5.693160057067871,3.42287278175354,3.2086398601531982,3.42287278175354,3.2086398601531982
4.20164680480957,3.4826836585998535,3.0702548027038574,3.4826836585998535,3.0702548027038574
2.0417709350585938,3.3763787746429443,2.9746510982513428,3.3763787746429443,2.9746510982513428
3.727820873260498,3.3982090950012207,3.1505980491638184,3.3982090950012207,3.1505980491638184
0.7607721090316772,3.229032278060913,2.8654067516326904,3.229032278060913,2.8654067516326904
6.6367692947387695,3.4330668449401855,3.2502808570861816,3.4330668449401855,3.2502808570861816
8.419530868530273,3.7099266052246094,3.4590160846710205,3.7099266052246094,3.4590160846710205
1.2071309089660645,3.582209587097168,2.9526569843292236,3.582209587097168,2.9526569843292236
0.8727316856384277,3.442112684249878,1.5739390850067139,3.442112684249878,1.5739390850067139
0.11435091495513916,0.11435091495513916,2.7328550815582275,0.11435091495513916,2.7328550815582275
0.00545513117685914,0.056417375802993774,4.316730499267578,0.056417375802993774,4.316730499267578
0.0006783091812394559,0.039941709488630295,3.269610643386841,0.039941709488630295,3.269610643386841
0.31400972604751587,0.10621987283229828,3.219221830368042,0.10621987283229828,3.219221830368042
0.003048655577003956,0.08195074647665024,3.3967273235321045,0.08195074647665024,3.3967273235321045
8.031225204467773,1.4083863496780396,3.6192028522491455,1.4083863496780396,3.6192028522491455
0.8645035028457642,1.3317791223526,2.97548246383667,1.3317791223526,2.97548246383667
0.5523862838745117,1.2315666675567627,2.832981586456299,1.2315666675567627,2.832981586456299
0.3845072388648987,1.1410406827926636,1.6499805450439453,1.1410406827926636,1.6499805450439453
0.04526929557323456,0.04526929557323456,3.3363678455352783,0.04526929557323456,3.3363678455352783
0.003222750499844551,0.022355150431394577,4.501678466796875,0.022355150431394577,4.501678466796875
0.0008106521563604474,0.014295041561126709,3.5476880073547363,0.014295041561126709,3.5476880073547363
0.05876704677939415,0.027196969836950302,3.639230251312256,0.027196969836950302,3.639230251312256
0.003945900127291679,0.024132821708917618,3.798182249069214,0.024132821708917618,3.798182249069214
5.63400936126709,0.965202271938324,3.1925299167633057,0.965202271938324,3.1925299167633057
4.438924789428711,1.461645245552063,3.9861416816711426,1.461645245552063,3.9861416816711426
0.19297127425670624,1.3026620149612427,3.314683198928833,1.3026620149612427,3.314683198928833
1.2834982872009277,1.2975525856018066,3.455392837524414,1.2975525856018066,3.455392837524414
0.7375158667564392,1.2388850450515747,3.6170830726623535,1.2388850450515747,3.6170830726623535
4.351811408996582,1.5203791856765747,3.805044174194336,1.5203791856765747,3.805044174194336
0.2949191927909851,1.4180632829666138,3.2532238960266113,1.4180632829666138,3.2532238960266113
0.3143273591995239,1.3335411548614502,3.365119218826294,1.3335411548614502,3.365119218826294
5.930713653564453,1.6597273349761963,2.9517836570739746,1.6597273349761963,2.9517836570739746
1.6705827713012695,1.6585462093353271,3.185276746749878,1.6585462093353271,3.185276746749878
0.6665131449699402,1.6000769138336182,2.8640968799591064,1.6000769138336182,2.8640968799591064
0.0446963906288147,0.0446963906288147,2.696645736694336,0.0446963906288147,2.696645736694336
0.0032823991496115923,0.02420959062874317,4.202200889587402,0.02420959062874317,4.202200889587402
0.0006766413571313024,0.010109669528901577,3.068251848220825,0.010109669528901577,3.068251848220825
5.772435188293457,1.4521591663360596,2.8117692470550537,1.4521591663360596,2.8117692470550537
0.007404147647321224,1.1629865169525146,3.029503345489502,1.1629865169525146,3.029503345489502
4.729763984680176,1.7640024423599243,2.704385995864868,1.7640024423599243,2.704385995864868
3.3326826095581055,1.989843487739563,3.185382127761841,1.989843487739563,3.185382127761841
5.033626079559326,2.367180824279785,2.7981467247009277,2.367180824279785,2.7981467247009277
0.2526884973049164,2.132427215576172,2.8153300285339355,2.132427215576172,2.8153300285339355
0.8154177665710449,1.986686110496521,1.817824125289917,1.986686110496521,1.817824125289917
0.03185271471738815,0.03185271471738815,2.8773956298828125,0.03185271471738815,2.8773956298828125
0.003793188836425543,0.01617279276251793,4.267065048217773,0.01617279276251793,4.267065048217773
0.0008267321973107755,0.012572779320180416,3.4298901557922363,0.012572779320180416,3.4298901557922363
0.6753079891204834,0.17893099784851074,3.3149044513702393,0.17893099784851074,3.3149044513702393
0.002887011505663395,0.13677692413330078,3.724803924560547,0.13677692413330078,3.724803924560547
5.467223167419434,1.0235286951065063,3.77577543258667,1.0235286951065063,3.77577543258667
0.058512527495622635,0.8835960030555725,2.8660030364990234,0.8835960030555725,2.8660030364990234
1.169808030128479,0.9240169525146484,2.9759902954101562,0.9240169525146484,2.9759902954101562
5.385598182678223,1.4190617799758911,3.665552854537964,1.4190617799758911,3.665552854537964
0.9686103463172913,1.3764615058898926,3.497363567352295,1.3764615058898926,3.497363567352295
0.09052236378192902,1.2570048570632935,2.998889923095703,1.2570048570632935,2.998889923095703
0.2844219207763672,1.1737067699432373,3.130164623260498,1.1737067699432373,3.130164623260498
6.990919589996338,1.6209577322006226,3.072524309158325,1.6209577322006226,3.072524309158325
7.57208251953125,2.0422825813293457,3.2298309803009033,2.0422825813293457,3.2298309803009033
11.78587532043457,2.6989924907684326,3.0648114681243896,2.6989924907684326,3.0648114681243896
4.042187690734863,2.7777793407440186,2.8291354179382324,2.7777793407440186,2.8291354179382324
2.5416157245635986,2.7631139755249023,3.1929306983947754,2.7631139755249023,3.1929306983947754
1.1899276971817017,2.674593210220337,2.8804385662078857,2.674593210220337,2.8804385662078857
2.197870969772339,2.6516287326812744,2.9183177947998047,2.6516287326812744,2.9183177947998047
4.304299354553223,2.7395997047424316,3.2626800537109375,2.7395997047424316,3.2626800537109375
3.080761432647705,2.7534430027008057,3.596768617630005,2.7534430027008057,3.596768617630005
5.277156829833984,2.873772144317627,3.7062268257141113,2.873772144317627,3.7062268257141113
8.025407791137695,3.099195718765259,3.017765760421753,3.099195718765259,3.017765760421753
0.6334863901138306,2.9971673488616943,2.8710060119628906,2.9971673488616943,2.8710060119628906
4.071018218994141,3.043125867843628,3.4435036182403564,3.043125867843628,3.4435036182403564
0.111429862678051,2.921593189239502,3.5777881145477295,2.921593189239502,3.5777881145477295
0.29268208146095276,2.831730842590332,2.995229721069336,2.831730842590332,2.995229721069336
0.1399488002061844,2.739719867706299,2.6010468006134033,2.739719867706299,2.6010468006134033
0.3002587854862213,2.6473703384399414,3.156852960586548,2.6473703384399414,3.156852960586548
0.5699878334999084,2.5794425010681152,2.8087570667266846,2.5794425010681152,2.8087570667266846
4.820871829986572,2.656137704849243,3.1998324394226074,2.656137704849243,3.1998324394226074
0.08533820509910583,2.5807619094848633,2.7349233627319336,2.5807619094848633,2.7349233627319336
0.38405200839042664,2.5029046535491943,2.5620369911193848,2.5029046535491943,2.5620369911193848
0.14131727814674377,2.443960189819336,2.9115819931030273,2.443960189819336,2.9115819931030273
1.045528769493103,2.403714418411255,1.7391993999481201,2.403714418411255,1.7391993999481201
0.050960324704647064,0.050960324704647064,2.5428824424743652,0.050960324704647064,2.5428824424743652
0.005461059045046568,0.024516282603144646,4.310820579528809,0.024516282603144646,4.310820579528809
0.0004992430913262069,0.01824791729450226,3.0566840171813965,0.01824791729450226,3.0566840171813965
0.4763917326927185,0.1323000192642212,3.1534194946289062,0.1323000192642212,3.1534194946289062
0.003817296586930752,0.10161328315734863,3.437957763671875,0.10161328315734863,3.437957763671875
3.983997106552124,0.7530918717384338,2.8688313961029053,0.7530918717384338,2.8688313961029053
3.831789016723633,1.1844806671142578,3.236008882522583,1.1844806671142578,3.236008882522583
1.3534338474273682,1.2086234092712402,2.9765102863311768,1.2086234092712402,2.9765102863311768
1.9575356245040894,1.291698694229126,2.6630423069000244,1.291698694229126,2.6630423069000244
0.497329980134964,1.2062671184539795,2.7799806594848633,1.2062671184539795,2.7799806594848633
1.3716566562652588,1.2250059843063354,2.731802225112915,1.2250059843063354,2.731802225112915
0.47916191816329956,1.1651540994644165,1.561744213104248,1.1651540994644165,1.561744213104248
0.05250062793493271,0.05250062793493271,2.918379068374634,0.05250062793493271,2.918379068374634
0.0033050933852791786,0.026178888976573944,4.179811000823975,0.026178888976573944,4.179811000823975
0.0007904027588665485,0.018939748406410217,3.3874411582946777,0.018939748406410217,3.3874411582946777
0.21683017909526825,0.07007838785648346,3.467475414276123,0.07007838785648346,3.467475414276123
0.005889798980206251,0.06346830725669861,3.615339994430542,0.06346830725669861,3.615339994430542
3.9564177989959717,0.7082869410514832,2.9422099590301514,0.7082869410514832,2.9422099590301514
3.7791531085968018,1.148790717124939,3.380323886871338,1.148790717124939,3.380323886871338
4.616877555847168,1.5891462564468384,3.219827175140381,1.5891462564468384,3.219827175140381
7.026369571685791,2.1960670948028564,2.934729814529419,2.1960670948028564,2.934729814529419
0.6823467016220093,2.046905517578125,3.1066091060638428,2.046905517578125,3.1066091060638428
6.030364990234375,2.404927968978882,3.4182002544403076,2.404927968978882,3.4182002544403076
0.07437144219875336,2.204719305038452,2.713486909866333,2.204719305038452,2.713486909866333
1.1066341400146484,2.123903751373291,3.0009939670562744,2.123903751373291,3.0009939670562744
3.907466411590576,2.2486231327056885,3.7765679359436035,2.2486231327056885,3.7765679359436035
0.21048064529895782,2.1105868816375732,3.069304943084717,2.1105868816375732,3.069304943084717
3.6277689933776855,2.202305555343628,2.847745418548584,2.202305555343628,2.847745418548584
3.223808765411377,2.273190498352051,3.235098361968994,2.273190498352051,3.235098361968994
0.3230506181716919,2.155885696411133,3.011012315750122,2.155885696411133,3.011012315750122
6.054944038391113,2.367398500442505,3.028149127960205,2.367398500442505,3.028149127960205
3.9017457962036133,2.447089910507202,3.103699207305908,2.447089910507202,3.103699207305908
0.5283680558204651,2.3454856872558594,3.107553482055664,2.3454856872558594,3.107553482055664
4.342401027679443,2.4382193088531494,3.6933963298797607,2.4382193088531494,3.6933963298797607
1.1152528524398804,2.383819103240967,3.1986262798309326,2.383819103240967,3.1986262798309326
0.401650607585907,2.2956314086914062,2.938601493835449,2.2956314086914062,2.938601493835449
5.0943403244018555,2.4081788063049316,2.6522879600524902,2.4081788063049316,2.6522879600524902
6.93556022644043,2.581354856491089,2.7734081745147705,2.581354856491089,2.7734081745147705
0.1327807605266571,2.4941036701202393,2.843608856201172,2.4941036701202393,2.843608856201172
2.7852134704589844,2.5067925453186035,3.3885178565979004,2.5067925453186035,3.3885178565979004
3.474813461303711,2.5445172786712646,3.0723719596862793,2.5445172786712646,3.0723719596862793
2.269500255584717,2.5332295894622803,2.8769919872283936,2.5332295894622803,2.8769919872283936
1.534226655960083,2.506831407546997,2.7545077800750732,2.506831407546997,2.7545077800750732
0.8737688064575195,2.4550492763519287,1.7693990468978882,2.4550492763519287,1.7693990468978882
0.02952289581298828,0.02952289581298828,2.5025289058685303,0.02952289581298828,2.5025289058685303
0.014239137060940266,0.02223101072013378,4.272885322570801,0.02223101072013378,4.272885322570801
0.0006385194719769061,0.014582031406462193,2.817776918411255,0.014582031406462193,2.817776918411255
0.8760501742362976,0.2300885021686554,3.0439937114715576,0.2300885021686554,3.0439937114715576
0.0031100972555577755,0.18361519277095795,3.160212516784668,0.18361519277095795,3.160212516784668
3.7030060291290283,0.7622504234313965,2.9963316917419434,0.7622504234313965,2.9963316917419434
1.2324203252792358,0.8307522535324097,2.595996141433716,0.8307522535324097,2.595996141433716
1.7341763973236084,0.9362633228302002,3.010559320449829,0.9362633228302002,3.010559320449829
0.789506196975708,0.9295653104782104,2.7065722942352295,0.9295653104782104,2.7065722942352295
5.007441520690918,1.3377673625946045,1.8231710195541382,1.3377673625946045,1.8231710195541382
2.6175622940063477,1.4482979774475098,1.648034691810608,1.4482979774475098,1.648034691810608
4.953897476196289,1.7453981637954712,1.5916283130645752,1.7453981637954712,1.5916283130645752
0.06279529631137848,0.06279529631137848,2.9740352630615234,0.06279529631137848,2.9740352630615234
0.006194913759827614,0.03455007076263428,4.264138698577881,0.03455007076263428,4.264138698577881
0.0005794276366941631,0.02357695810496807,3.333484172821045,0.02357695810496807,3.333484172821045
0.1674957573413849,0.06053118407726288,3.292341709136963,0.06053118407726288,3.292341709136963
0.0033709153067320585,0.05033120512962341,3.47224760055542,0.05033120512962341,3.47224760055542
4.740952014923096,0.8330738544464111,4.35453987121582,0.8330738544464111,4.35453987121582
0.31542059779167175,0.7555484175682068,3.684785842895508,0.7555484175682068,3.684785842895508
0.8954405188560486,0.775111198425293,3.3805320262908936,0.775111198425293,3.3805320262908936
3.950568675994873,1.1304155588150024,3.099883556365967,1.1304155588150024,3.099883556365967
5.431552886962891,1.558205008506775,3.456930160522461,1.558205008506775,3.456930160522461
1.1686686277389526,1.5284600257873535,3.0777783393859863,1.5284600257873535,3.0777783393859863
5.434160232543945,1.8584400415420532,3.4656875133514404,1.8584400415420532,3.4656875133514404
0.30390816926956177,1.7320085763931274,2.6976561546325684,1.7320085763931274,2.6976561546325684
0.14669211208820343,1.6198976039886475,3.0721027851104736,1.6198976039886475,3.0721027851104736
0.12430825084447861,1.5209182500839233,2.3622031211853027,1.5209182500839233,2.3622031211853027
7.216265678405762,1.8799526691436768,2.6762588024139404,1.8799526691436768,2.6762588024139404
4.479828834533691,2.034884452819824,2.705247402191162,2.034884452819824,2.705247402191162
7.6961750984191895,2.344589948654175,2.8752529621124268,2.344589948654175,2.8752529621124268
0.5339406728744507,2.2501392364501953,2.84584379196167,2.2501392364501953,2.84584379196167
5.630125999450684,2.41867995262146,3.402982234954834,2.41867995262146,3.402982234954834
2.683915376663208,2.429142713546753,2.5793468952178955,2.429142713546753,2.5793468952178955
3.154967784881592,2.4627866744995117,3.0846035480499268,2.4627866744995117,3.0846035480499268
0.6838339567184448,2.3857924938201904,2.4268476963043213,2.3857924938201904,2.4268476963043213
0.27350884675979614,2.3034827709198,2.7030563354492188,2.3034827709198,2.7030563354492188
0.46568095684051514,2.234175682067871,2.3446803092956543,2.234175682067871,2.3446803092956543
0.3535040616989136,2.1520533561706543,2.584505558013916,2.1520533561706543,2.584505558013916
0.7565615177154541,2.1043426990509033,2.7035017013549805,2.1043426990509033,2.7035017013549805
0.32472479343414307,2.0426857471466064,1.8944714069366455,2.0426857471466064,1.8944714069366455
13.174015045166016,2.423957586288452,3.3504066467285156,2.423957586288452,3.3504066467285156
0.5298058390617371,2.351902723312378,3.2282912731170654,2.351902723312378,3.2282912731170654
1.2897248268127441,2.320882558822632,2.66888689994812,2.320882558822632,2.66888689994812
2.503385543823242,2.3196933269500732,3.8651058673858643,2.3196933269500732,3.8651058673858643
0.009181066416203976,2.2547597885131836,2.966825485229492,2.2547597885131836,2.966825485229492
6.105812072753906,2.3658041954040527,2.0318779945373535,2.3658041954040527,2.0318779945373535
3.454038619995117,2.396432399749756,1.5790150165557861,2.396432399749756,1.5790150165557861
0.12780199944972992,0.12780199944972992,3.045240879058838,0.12780199944972992,3.045240879058838
0.009838659316301346,0.07100360840559006,4.260084629058838,0.07100360840559006,4.260084629058838
0.0010449193650856614,0.051790013909339905,2.8724071979522705,0.051790013909339905,2.8724071979522705
0.4857242703437805,0.147970512509346,3.5701897144317627,0.147970512509346,3.5701897144317627
0.004194747656583786,0.12277297675609589,3.6718475818634033,0.12277297675609589,3.6718475818634033
5.6966352462768555,1.0677670240402222,1.2326856851577759,1.0677670240402222,1.2326856851577759
3.729490041732788,1.4280550479888916,1.3789087533950806,1.4280550479888916,1.3789087533950806
0.07867445796728134,0.07867445796728134,3.0345911979675293,0.07867445796728134,3.0345911979675293
0.00949273630976677,0.04430045932531357,4.111159324645996,0.04430045932531357,4.111159324645996
0.0010311054065823555,0.031167136505246162,3.31657075881958,0.031167136505246162,3.31657075881958
0.18684330582618713,0.06824084371328354,3.496741533279419,0.06824084371328354,3.496741533279419
0.0017515569925308228,0.054377686232328415,3.4484457969665527,0.054377686232328415,3.4484457969665527
3.777322769165039,0.6785621047019958,4.319211959838867,0.6785621047019958,4.319211959838867
0.057234007865190506,0.5890213251113892,3.308932065963745,0.5890213251113892,3.308932065963745
8.107758522033691,1.5270648002624512,3.5214946269989014,1.5270648002624512,3.5214946269989014
0.9024332761764526,1.4679994583129883,2.89847731590271,1.4679994583129883,2.89847731590271
1.2445546388626099,1.4498540163040161,2.9513940811157227,1.4498540163040161,2.9513940811157227
4.042415618896484,1.6787025928497314,4.096460819244385,1.6787025928497314,4.096460819244385
0.07898129522800446,1.5466227531433105,3.5352299213409424,1.5466227531433105,3.5352299213409424
8.883804321289062,2.1056902408599854,2.9956390857696533,2.1056902408599854,2.9956390857696533
2.4448680877685547,2.135610342025757,2.8339638710021973,2.135610342025757,2.8339638710021973
5.635710716247559,2.36582612991333,2.9529197216033936,2.36582612991333,2.9529197216033936
0.6490483283996582,2.2555391788482666,2.743987560272217,2.2555391788482666,2.743987560272217
5.9731764793396,2.4733972549438477,3.002281427383423,2.4733972549438477,3.002281427383423
2.122224807739258,2.44895076751709,3.2707695960998535,2.44895076751709,3.2707695960998535
3.2828052043914795,2.4910850524902344,3.4717984199523926,2.4910850524902344,3.4717984199523926
3.7516613006591797,2.5535950660705566,2.7477169036865234,2.5535950660705566,2.7477169036865234
0.6561728715896606,2.4619786739349365,2.6445562839508057,2.4619786739349365,2.6445562839508057
5.307629585266113,2.592174768447876,2.5885777473449707,2.592174768447876,2.5885777473449707
3.1583595275878906,2.621408462524414,3.0199246406555176,2.621408462524414,3.0199246406555176
0.47352737188339233,2.5331642627716064,2.4845144748687744,2.5331642627716064,2.4845144748687744
4.238729476928711,2.6033730506896973,2.6816141605377197,2.6033730506896973,2.6816141605377197
0.508479654788971,2.516301393508911,2.512880563735962,2.516301393508911,2.512880563735962
3.387111186981201,2.5499069690704346,3.547884702682495,2.5499069690704346,3.547884702682495
0.056685492396354675,2.4619851112365723,3.100006580352783,2.4619851112365723,3.100006580352783
4.778663635253906,2.5387020111083984,3.2886757850646973,2.5387020111083984,3.2886757850646973
0.609919011592865,2.481426239013672,3.3876712322235107,2.481426239013672,3.3876712322235107
0.044198550283908844,2.4030020236968994,3.1550707817077637,2.4030020236968994,3.1550707817077637
0.20549723505973816,2.3342795372009277,2.496192216873169,2.3342795372009277,2.496192216873169
4.741129398345947,2.41168212890625,3.081303834915161,2.41168212890625,3.081303834915161
5.688783645629883,2.5102577209472656,3.5319817066192627,2.5102577209472656,3.5319817066192627
0.0006736631621606648,2.436978340148926,3.0605878829956055,2.436978340148926,3.0605878829956055
3.683950901031494,2.4728920459747314,2.97965407371521,2.4728920459747314,2.97965407371521
5.827115058898926,2.5652568340301514,3.2025363445281982,2.5652568340301514,3.2025363445281982
1.580033540725708,2.541837692260742,2.6651854515075684,2.541837692260742,2.6651854515075684
0.3447183072566986,2.488208770751953,2.966951370239258,2.488208770751953,2.966951370239258
3.760272264480591,2.52252459526062,3.143224000930786,2.52252459526062,3.143224000930786
5.736779689788818,2.597296953201294,2.874208688735962,2.597296953201294,2.874208688735962
4.1729960441589355,2.6338229179382324,3.0179762840270996,2.6338229179382324,3.0179762840270996
1.4692480564117432,2.609304189682007,3.2824859619140625,2.609304189682007,3.2824859619140625
1.578282117843628,2.5846195220947266,3.0780768394470215,2.5846195220947266,3.0780768394470215
0.2336040586233139,2.5325021743774414,2.491316318511963,2.5325021743774414,2.491316318511963
3.9815781116485596,2.5633654594421387,2.969465732574463,2.5633654594421387,2.969465732574463
0.023727400228381157,2.513044595718384,3.5308284759521484,2.513044595718384,3.5308284759521484
0.013631001114845276,2.4612693786621094,2.835007429122925,2.4612693786621094,2.835007429122925
0.020229801535606384,2.416288137435913,2.3868260383605957,2.416288137435913,2.3868260383605957
0.05102987959980965,2.3655807971954346,2.6744117736816406,2.3655807971954346,2.6744117736816406
0.036913953721523285,2.3193747997283936,2.2136781215667725,2.3193747997283936,2.2136781215667725
0.8418862819671631,2.2890515327453613,3.2516446113586426,2.2890515327453613,3.2516446113586426
0.06318313628435135,2.246882200241089,2.7245850563049316,2.246882200241089,2.7245850563049316
0.20965471863746643,2.2130136489868164,2.4217419624328613,2.2130136489868164,2.4217419624328613
0.05883471295237541,2.1721644401550293,2.640076160430908,2.1721644401550293,2.640076160430908
0.6145524382591248,2.1443614959716797,1.663973093032837,2.1443614959716797,1.663973093032837
0.036790210753679276,0.036790210753679276,2.4333884716033936,0.036790210753679276,2.4333884716033936
0.009842555038630962,0.026235008612275124,4.172009468078613,0.026235008612275124,4.172009468078613
0.0005810956354252994,0.016415998339653015,2.841757297515869,0.016415998339653015,2.841757297515869
0.4110663831233978,0.11389777809381485,2.9865598678588867,0.11389777809381485,2.9865598678588867
0.0031953013967722654,0.09722677618265152,3.129260778427124,0.09722677618265152,3.129260778427124
6.821175575256348,1.2191298007965088,2.3627429008483887,1.2191298007965088,2.3627429008483887
0.19275324046611786,1.0574932098388672,2.314629554748535,1.0574932098388672,2.314629554748535
4.425525665283203,1.4856791496276855,2.9405276775360107,1.4856791496276855,2.9405276775360107
8.044014930725098,2.2254152297973633,2.823042392730713,2.2254152297973633,2.823042392730713
0.7551803588867188,2.082101345062256,2.2853360176086426,2.082101345062256,2.2853360176086426
0.7736743092536926,1.969475507736206,1.6667280197143555,1.969475507736206,1.6667280197143555
0.07487915456295013,0.07487915456295013,2.8195252418518066,0.07487915456295013,2.8195252418518066
0.0048966724425554276,0.03803204745054245,4.110037803649902,0.03803204745054245,4.110037803649902
0.0007907600956968963,0.02590436302125454,3.089083671569824,0.02590436302125454,3.089083671569824
0.10419924557209015,0.04591759294271469,3.12713885307312,0.04591759294271469,3.12713885307312
0.002532015787437558,0.03831962123513222,3.1456449031829834,0.03831962123513222,3.1456449031829834
4.28275728225708,0.7462272644042969,3.3539681434631348,0.7462272644042969,3.3539681434631348
0.0492229238152504,0.6430860757827759,3.073554277420044,0.6430860757827759,3.073554277420044
1.1125457286834717,0.7040780782699585,3.2863292694091797,0.7040780782699585,3.2863292694091797
0.8878436088562012,0.733609676361084,2.755802869796753,0.733609676361084,2.755802869796753
3.8289337158203125,1.0453362464904785,2.460026741027832,1.0453362464904785,2.460026741027832
3.9309468269348145,1.3026694059371948,2.5721607208251953,1.3026694059371948,2.5721607208251953
0.5122025012969971,1.2304450273513794,2.491607427597046,1.2304450273513794,2.491607427597046
4.511638641357422,1.4858832359313965,2.89921236038208,1.4858832359313965,2.89921236038208
0.08610761910676956,1.3858153820037842,3.4928958415985107,1.3858153820037842,3.4928958415985107
0.0058911023661494255,1.2947354316711426,2.9775309562683105,1.2947354316711426,2.9775309562683105
0.01502236258238554,1.2140125036239624,2.8475770950317383,1.2140125036239624,2.8475770950317383
0.017833834514021873,1.1455576419830322,3.0956060886383057,1.1455576419830322,3.0956060886383057
5.966161251068115,1.4150910377502441,2.5855207443237305,1.4150910377502441,2.5855207443237305
0.29155397415161133,1.3588396310806274,1.7285979986190796,1.3588396310806274,1.7285979986190796
0.2639056146144867,0.2639056146144867,2.565673351287842,0.2639056146144867,2.565673351287842
0.003090488724410534,0.12345467507839203,4.177690029144287,0.12345467507839203,4.177690029144287
0.00042524831951595843,0.0826500803232193,2.885112762451172,0.0826500803232193,2.885112762451172
1.4740595817565918,0.41308146715164185,2.9132120609283447,0.41308146715164185,2.9132120609283447
0.0021075436379760504,0.3321131467819214,2.9416441917419434,0.3321131467819214,2.9416441917419434
6.985656261444092,1.438881754875183,1.3756862878799438,1.438881754875183,1.3756862878799438
1.430128574371338,1.445059895515442,1.5436537265777588,1.445059895515442,1.5436537265777588
0.07386656850576401,0.07386656850576401,3.0111422538757324,0.07386656850576401,3.0111422538757324
0.005329092964529991,0.03933269530534744,4.224513053894043,0.03933269530534744,4.224513053894043
0.0006668727728538215,0.02621762454509735,3.201852321624756,0.02621762454509735,3.201852321624756
0.049909718334674835,0.03233279287815094,2.938816785812378,0.03233279287815094,2.938816785812378
0.0029010374564677477,0.027314310893416405,2.8932337760925293,0.027314310893416405,2.8932337760925293
5.295942306518555,0.9053475260734558,2.8797733783721924,0.9053475260734558,2.8797733783721924
0.49702441692352295,0.8564923405647278,2.908301591873169,0.8564923405647278,2.908301591873169
0.016477223485708237,0.7477813959121704,2.421825408935547,0.7477813959121704,2.421825408935547
0.3049267530441284,0.7117331027984619,2.5442538261413574,0.7117331027984619,2.5442538261413574
0.04497895389795303,0.6511820554733276,2.499535322189331,0.6511820554733276,2.499535322189331
1.3536417484283447,0.7033204436302185,2.567349910736084,0.7033204436302185,2.567349910736084
6.725271701812744,1.2046574354171753,2.461775064468384,1.2046574354171753,2.461775064468384
0.273337721824646,1.123508334159851,2.293004035949707,1.123508334159851,2.293004035949707
0.12091835588216782,1.0316026210784912,2.2547295093536377,1.0316026210784912,2.2547295093536377
0.15380308032035828,0.9724096655845642,2.2233669757843018,0.9724096655845642,2.2233669757843018
0.16380834579467773,0.9058181047439575,2.0390114784240723,0.9058181047439575,2.0390114784240723
0.5119439959526062,0.8852725625038147,2.4325969219207764,0.8852725625038147,2.4325969219207764
3.9854397773742676,1.051269292831421,1.6491813659667969,1.051269292831421,1.6491813659667969
0.9920372366905212,1.0419193506240845,1.6910192966461182,1.0419193506240845,1.6910192966461182
0.1288081854581833,0.1288081854581833,2.832764148712158,0.1288081854581833,2.832764148712158
0.0023179587442427874,0.05385969951748848,4.280516624450684,0.05385969951748848,4.280516624450684
0.0006119524477981031,0.0415349155664444,3.082868814468384,0.0415349155664444,3.082868814468384
0.2523877024650574,0.08748567849397659,3.197739362716675,0.08748567849397659,3.197739362716675
0.003453958546742797,0.07918286323547363,3.079425573348999,0.07918286323547363,3.079425573348999
3.4305179119110107,0.6357273459434509,1.8606981039047241,0.6357273459434509,1.8606981039047241
1.277711272239685,0.7339200973510742,1.6648333072662354,0.7339200973510742,1.6648333072662354
9.385244369506836,1.813388466835022,2.8602426052093506,1.813388466835022,2.8602426052093506
1.6368684768676758,1.7836205959320068,3.272296190261841,1.7836205959320068,3.272296190261841
4.859392166137695,2.099442958831787,2.749706268310547,2.099442958831787,2.749706268310547
1.9401166439056396,2.089218854904175,2.7775397300720215,2.089218854904175,2.7775397300720215
0.6804303526878357,1.9804062843322754,1.7005903720855713,1.9804062843322754,1.7005903720855713
0.13924504816532135,0.13924504816532135,3.1085450649261475,0.13924504816532135,3.1085450649261475
0.0019594295881688595,0.07832001894712448,4.319000244140625,0.07832001894712448,4.319000244140625
0.0009183242218568921,0.05262474715709686,3.4351603984832764,0.05262474715709686,3.4351603984832764
0.35188233852386475,0.12669385969638824,3.14322829246521,0.12669385969638824,3.14322829246521
0.0042852009646594524,0.09098067879676819,3.132794141769409,0.09098067879676819,3.132794141769409
3.879317283630371,0.7183741927146912,3.31980562210083,0.7183741927146912,3.31980562210083
3.1007933616638184,1.054498314857483,3.3429298400878906,1.054498314857483,3.3429298400878906
2.0643527507781982,1.1774523258209229,2.655306100845337,1.1774523258209229,2.655306100845337
2.989917755126953,1.3884563446044922,2.7482872009277344,1.3884563446044922,2.7482872009277344
0.8792846202850342,1.334549069404602,1.6243298053741455,1.334549069404602,1.6243298053741455
0.05336759611964226,0.05336759611964226,2.7942776679992676,0.05336759611964226,2.7942776679992676
0.002820087829604745,0.02589580789208412,4.298871994018555,0.02589580789208412,4.298871994018555
0.0011335145682096481,0.01680786721408367,3.175973653793335,0.01680786721408367,3.175973653793335
0.9768728017807007,0.25574740767478943,3.3226802349090576,0.25574740767478943,3.3226802349090576
0.006606167647987604,0.2236335724592209,3.6790671348571777,0.2236335724592209,3.6790671348571777
2.1301169395446777,0.5614075064659119,2.808413028717041,0.5614075064659119,2.808413028717041
0.47421008348464966,0.5318596363067627,2.586820363998413,0.5318596363067627,2.586820363998413
0.6155557036399841,0.5556294918060303,1.7866971492767334,0.5556294918060303,1.7866971492767334
0.03402446210384369,0.03402446210384369,3.228189468383789,0.03402446210384369,3.228189468383789
0.0028262692503631115,0.016589343547821045,4.241448402404785,0.016589343547821045,4.241448402404785
0.0008100565755739808,0.011225608177483082,3.4931087493896484,0.011225608177483082,3.4931087493896484
0.02766815759241581,0.014071499928832054,3.11273455619812,0.014071499928832054,3.11273455619812
0.005323519930243492,0.012901206500828266,3.3994698524475098,0.012901206500828266,3.3994698524475098
3.075517416000366,0.5230012536048889,3.0585458278656006,0.5230012536048889,3.0585458278656006
0.5230634808540344,0.5270596146583557,2.829685926437378,0.5270596146583557,2.829685926437378
8.429261207580566,1.5109314918518066,3.2028305530548096,1.5109314918518066,3.2028305530548096
0.22011515498161316,1.3687824010849,2.5496459007263184,1.3687824010849,2.5496459007263184
2.1472041606903076,1.4429293870925903,1.8032089471817017,1.4429293870925903,1.8032089471817017
0.10667409002780914,0.10667409002780914,2.8360702991485596,0.10667409002780914,2.8360702991485596
0.0017387047410011292,0.01836165226995945,4.341765403747559,0.01836165226995945,4.341765403747559
0.0005688241217285395,0.014747577719390392,3.1492462158203125,0.014747577719390392,3.1492462158203125
0.6200515627861023,0.1731279343366623,3.1291165351867676,0.1731279343366623,3.1291165351867676
0.004223712719976902,0.1548902541399002,3.136718511581421,0.1548902541399002,3.136718511581421
5.815343379974365,1.0932574272155762,1.1733382940292358,1.0932574272155762,1.1733382940292358
3.7315287590026855,1.4900234937667847,1.5795880556106567,1.4900234937667847,1.5795880556106567
0.08496039360761642,0.08496039360761642,2.6730589866638184,0.08496039360761642,2.6730589866638184
0.00767106469720602,0.04841011390089989,4.202915668487549,0.04841011390089989,4.202915668487549
0.0006821212591603398,0.029063718393445015,3.069216728210449,0.029063718393445015,3.069216728210449
0.27598342299461365,0.0914015918970108,3.013521909713745,0.0914015918970108,3.013521909713745
0.0030232220888137817,0.07119424641132355,2.9774937629699707,0.07119424641132355,2.9774937629699707
3.2346384525299072,0.5976167321205139,2.868313789367676,0.5976167321205139,2.868313789367676
3.822957992553711,1.0515010356903076,3.536198854446411,1.0515010356903076,3.536198854446411
4.329885959625244,1.4454309940338135,3.090756416320801,1.4454309940338135,3.090756416320801
2.977482795715332,1.6259645223617554,3.1497342586517334,1.6259645223617554,3.1497342586517334
3.0888242721557617,1.7724125385284424,3.2157886028289795,1.7724125385284424,3.2157886028289795
3.324483871459961,1.903922200202942,2.8988585472106934,1.903922200202942,2.8988585472106934
1.7961300611495972,1.8940792083740234,3.1170449256896973,1.8940792083740234,3.1170449256896973
1.4635891914367676,1.8586370944976807,3.3555350303649902,1.8586370944976807,3.3555350303649902
0.3465309143066406,1.7608425617218018,2.9869134426116943,1.7608425617218018,2.9869134426116943
0.20189224183559418,1.6545175313949585,2.9682719707489014,1.6545175313949585,2.9682719707489014
4.838651657104492,1.8653550148010254,3.9338181018829346,1.8653550148010254,3.9338181018829346
0.0605008602142334,1.7574111223220825,3.320039749145508,1.7574111223220825,3.320039749145508
2.3290963172912598,1.7898133993148804,3.0139505863189697,1.7898133993148804,3.0139505863189697
0.7718152403831482,1.734058141708374,2.9148969650268555,1.734058141708374,2.9148969650268555
1.049963355064392,1.7020397186279297,1.933248519897461,1.7020397186279297,1.933248519897461
0.03412596508860588,0.03412596508860588,2.6324214935302734,0.03412596508860588,2.6324214935302734
0.0039552804082632065,0.02011391520500183,4.3357343673706055,0.02011391520500183,4.3357343673706055
0.0007057083421386778,0.014402017928659916,3.2047550678253174,0.014402017928659916,3.2047550678253174
0.5075182318687439,0.1389150172472,3.0956718921661377,0.1389150172472,3.0956718921661377
0.0026226192712783813,0.12060008943080902,3.101510524749756,0.12060008943080902,3.101510524749756
2.093682050704956,0.45337164402008057,3.1452789306640625,0.45337164402008057,3.1452789306640625
0.2547810673713684,0.41560450196266174,2.7207417488098145,0.41560450196266174,2.7207417488098145
7.92899751663208,1.3578126430511475,3.4172110557556152,1.3578126430511475,3.4172110557556152
0.3067336678504944,1.2284687757492065,3.1973743438720703,1.2284687757492065,3.1973743438720703
0.1921597719192505,1.124355673789978,2.647843837738037,1.124355673789978,2.647843837738037
0.41373902559280396,1.0634527206420898,1.6113464832305908,1.0634527206420898,1.6113464832305908
0.05127079412341118,0.05127079412341118,3.230339527130127,0.05127079412341118,3.230339527130127
0.0023960948456078768,0.0249804500490427,4.42396354675293,0.0249804500490427,4.42396354675293
0.0008082698914222419,0.017575019970536232,3.428133010864258,0.017575019970536232,3.428133010864258
0.16558904945850372,0.05493539944291115,3.4488320350646973,0.05493539944291115,3.4488320350646973
0.0035221464931964874,0.04327049478888512,3.2871487140655518,0.04327049478888512,3.2871487140655518
3.9620232582092285,0.6917214393615723,3.9599671363830566,0.6917214393615723,3.9599671363830566
0.2499316781759262,0.6100448966026306,3.137638568878174,0.6100448966026306,3.137638568878174
0.2746470868587494,0.5811623334884644,2.6559526920318604,0.5811623334884644,2.6559526920318604
3.9590868949890137,0.9498871564865112,3.2160019874572754,0.9498871564865112,3.2160019874572754
0.1582050770521164,0.8677414655685425,2.803096294403076,0.8677414655685425,2.803096294403076
1.1390810012817383,0.8929986357688904,2.0735867023468018,0.8929986357688904,2.0735867023468018
0.04562254250049591,0.04562254250049591,2.749380350112915,0.04562254250049591,2.749380350112915
0.002731641987338662,0.023039262741804123,4.192938804626465,0.023039262741804123,4.192938804626465
0.0006740205571986735,0.014578607864677906,2.850774049758911,0.014578607864677906,2.850774049758911
2.2574563026428223,0.5757467746734619,2.6762115955352783,0.5757467746734619,2.6762115955352783
0.007184030022472143,0.4759024977684021,2.8982930183410645,0.4759024977684021,2.8982930183410645
3.359947919845581,0.9515624046325684,2.8858258724212646,0.9515624046325684,2.8858258724212646
1.4759204387664795,1.041154146194458,3.1497063636779785,1.041154146194458,3.1497063636779785
3.022599697113037,1.2804155349731445,2.64546799659729,1.2804155349731445,2.64546799659729
3.166494369506836,1.4825881719589233,3.1721436977386475,1.4825881719589233,3.1721436977386475
0.4653785228729248,1.376841425895691,2.7349348068237305,1.376841425895691,2.7349348068237305
0.27904295921325684,1.2819890975952148,2.819634437561035,1.2819890975952148,2.819634437561035
0.4677618741989136,1.1992037296295166,1.613216757774353,1.1992037296295166,1.613216757774353
0.07794231176376343,0.07794231176376343,2.8936123847961426,0.07794231176376343,2.8936123847961426
0.0024592415429651737,0.04117247462272644,4.092854976654053,0.04117247462272644,4.092854976654053
0.000974656839389354,0.025579027831554413,3.217989444732666,0.025579027831554413,3.217989444732666
0.3390049338340759,0.10518573969602585,3.203387498855591,0.10518573969602585,3.203387498855591
0.0031789029017090797,0.08258669823408127,3.397747755050659,0.08258669823408127,3.397747755050659
3.065542459487915,0.5811114311218262,3.525717258453369,0.5811114311218262,3.525717258453369
3.0160694122314453,0.9285753965377808,3.0038530826568604,0.9285753965377808,3.0038530826568604
4.286416530609131,1.3466476202011108,3.3399271965026855,1.3466476202011108,3.3399271965026855
8.794800758361816,2.176316261291504,4.444697856903076,2.176316261291504,4.444697856903076
0.0013496108585968614,1.9594494104385376,4.539514541625977,1.9594494104385376,4.539514541625977
0.0009951406391337514,1.7867547273635864,3.114156723022461,1.7867547273635864,3.114156723022461
0.07027075439691544,1.6454240083694458,2.9924683570861816,1.6454240083694458,2.9924683570861816
0.40227213501930237,1.5564988851547241,1.9749876260757446,1.5564988851547241,1.9749876260757446
0.04492698237299919,0.04492698237299919,2.686218500137329,0.04492698237299919,2.686218500137329
0.0031175841577351093,0.023148151114583015,4.090888023376465,0.023148151114583015,4.090888023376465
0.0009420248097740114,0.016153467819094658,3.1671812534332275,0.016153467819094658,3.1671812534332275
1.7278422117233276,0.4435853064060211,3.180356502532959,0.4435853064060211,3.180356502532959
0.0028808305505663157,0.3630730211734772,3.67497181892395,0.3630730211734772,3.67497181892395
1.9039260149002075,0.6271980404853821,3.4601597785949707,0.6271980404853821,3.4601597785949707
0.46808433532714844,0.6029635667800903,2.9077019691467285,0.6029635667800903,2.9077019691467285
0.49220550060272217,0.6084398627281189,2.0502867698669434,0.6084398627281189,2.0502867698669434
0.01607927680015564,0.01607927680015564,3.168632984161377,0.01607927680015564,3.168632984161377
0.002473511267453432,0.009569519199430943,4.2349324226379395,0.009569519199430943,4.2349324226379395
0.0008124388405121863,0.007107844576239586,3.3373494148254395,0.007107844576239586,3.3373494148254395
0.15637241303920746,0.04457968845963478,3.212949752807617,0.04457968845963478,3.212949752807617
0.0035227404441684484,0.03620321676135063,3.594912052154541,0.03620321676135063,3.594912052154541
5.146950721740723,0.887732744216919,3.4043612480163574,0.887732744216919,3.4043612480163574
7.933180332183838,1.8942495584487915,3.6212310791015625,1.8942495584487915,3.6212310791015625
7.237757682800293,2.5570054054260254,3.1527469158172607,2.5570054054260254,3.1527469158172607
9.232029914855957,3.299638509750366,3.456986904144287,3.299638509750366,3.456986904144287
0.9624375104904175,3.069920301437378,3.187775135040283,3.069920301437378,3.187775135040283
8.594568252563477,3.5780861377716064,3.015171766281128,3.5780861377716064,3.015171766281128
3.8010315895080566,3.6034858226776123,2.8257434368133545,3.6034858226776123,2.8257434368133545
3.045963764190674,3.559525966644287,3.2966110706329346,3.559525966644287,3.2966110706329346
1.312240719795227,3.397373676300049,3.294102191925049,3.397373676300049,3.294102191925049
0.4755803942680359,3.209439277648926,2.8881711959838867,3.209439277648926,2.8881711959838867
2.3669188022613525,3.157076358795166,3.450404644012451,3.157076358795166,3.450404644012451
0.5007637739181519,2.9967856407165527,3.0873053073883057,2.9967856407165527,3.0873053073883057
7.056179523468018,3.220583915710449,3.7055134773254395,3.220583915710449,3.7055134773254395
0.0021115881390869617,3.0468804836273193,3.4269299507141113,3.0468804836273193,3.4269299507141113
0.011359774507582188,2.898043394088745,3.421635150909424,2.898043394088745,3.421635150909424
0.00881565548479557,2.7588984966278076,2.673313617706299,2.7588984966278076,2.673313617706299
0.0295421089977026,2.6276087760925293,3.1798787117004395,2.6276087760925293,3.1798787117004395
0.1555877923965454,2.5192558765411377,2.371320962905884,2.5192558765411377,2.371320962905884
0.5594964027404785,2.440290689468384,2.9306106567382812,2.440290689468384,2.9306106567382812
0.1438104659318924,2.342682361602783,2.878577470779419,2.342682361602783,2.878577470779419
0.34247922897338867,2.2707464694976807,2.652780771255493,2.2707464694976807,2.652780771255493
0.07372217625379562,2.191735029220581,2.681281566619873,2.191735029220581,2.681281566619873
0.19266054034233093,2.1197967529296875,1.5976840257644653,2.1197967529296875,1.5976840257644653
0.0437561459839344,0.0437561459839344,2.8057103157043457,0.0437561459839344,2.8057103157043457
0.0020801827777177095,0.02647533267736435,4.219043731689453,0.02647533267736435,4.219043731689453
0.0006846229662187397,0.01759965345263481,3.1080939769744873,0.01759965345263481,3.1080939769744873
0.19190673530101776,0.05803855508565903,3.234835386276245,0.05803855508565903,3.234835386276245
0.005958294961601496,0.047000907361507416,3.444892406463623,0.047000907361507416,3.444892406463623
9.496612548828125,1.6230212450027466,3.4209988117218018,1.6230212450027466,3.4209988117218018
2.8659110069274902,1.785765290260315,3.3940513134002686,1.785765290260315,3.3940513134002686
5.481518745422363,2.251523971557617,2.9098551273345947,2.251523971557617,2.9098551273345947
2.4399476051330566,2.2809388637542725,2.3056530952453613,2.2809388637542725,2.3056530952453613
3.1559667587280273,2.3440444469451904,2.6012377738952637,2.3440444469451904,2.6012377738952637
1.1650598049163818,2.227454662322998,2.405005693435669,2.227454662322998,2.405005693435669
0.47294700145721436,2.097705602645874,1.5428872108459473,2.097705602645874,1.5428872108459473
0.03956013545393944,0.03956013545393944,2.956275463104248,0.03956013545393944,2.956275463104248
0.003097737906500697,0.023240230977535248,4.276882648468018,0.023240230977535248,4.276882648468018
0.0007560970261693001,0.016559800133109093,3.330772876739502,0.016559800133109093,3.330772876739502
0.13290132582187653,0.04432243853807449,3.182860851287842,0.04432243853807449,3.182860851287842
0.005927839782088995,0.04282502830028534,3.2342135906219482,0.04282502830028534,3.2342135906219482
4.822454452514648,0.8538434505462646,3.589653730392456,0.8538434505462646,3.589653730392456
0.07000425457954407,0.7364018559455872,2.813347578048706,0.7364018559455872,2.813347578048706
0.6023687720298767,0.7229003310203552,2.916391372680664,0.7229003310203552,2.916391372680664
4.961297988891602,1.192932367324829,3.2420971393585205,1.192932367324829,3.2420971393585205
1.2927005290985107,1.195508599281311,2.56970477104187,1.195508599281311,2.56970477104187
0.5805402994155884,1.1373109817504883,2.9074361324310303,1.1373109817504883,2.9074361324310303
10.209637641906738,1.8932825326919556,3.1675920486450195,1.8932825326919556,3.1675920486450195
0.9787611365318298,1.8267699480056763,2.996363401412964,1.8267699480056763,2.996363401412964
0.4567824602127075,1.72529137134552,2.195251226425171,1.72529137134552,2.195251226425171
0.019720561802387238,0.019720561802387238,2.592402458190918,0.019720561802387238,2.592402458190918
0.005872022360563278,0.01396181806921959,4.2510857582092285,0.01396181806921959,4.2510857582092285
0.0007385863573290408,0.009179589338600636,2.9889156818389893,0.009179589338600636,2.9889156818389893
1.7347179651260376,0.44089293479919434,3.0773119926452637,0.44089293479919434,3.0773119926452637
0.006881821434944868,0.3446866273880005,3.0336523056030273,0.3446866273880005,3.0336523056030273
6.31205940246582,1.3587371110916138,3.8674960136413574,1.3587371110916138,3.8674960136413574
0.7076802253723145,1.2622231245040894,2.9413697719573975,1.2622231245040894,2.9413697719573975
8.58260726928711,2.1876115798950195,3.383833408355713,2.1876115798950195,3.383833408355713
1.992811918258667,2.1709177494049072,3.234401226043701,2.1709177494049072,3.234401226043701
1.4436641931533813,2.104396343231201,3.2610621452331543,2.104396343231201,3.2610621452331543
7.523443222045898,2.597134590148926,3.6343181133270264,2.597134590148926,3.6343181133270264
2.0730576515197754,2.5544004440307617,3.3369534015655518,2.5544004440307617,3.3369534015655518
3.7652225494384766,2.6509549617767334,2.994865655899048,2.6509549617767334,2.994865655899048
0.8276143670082092,2.5130677223205566,3.06382417678833,2.5130677223205566,3.06382417678833
3.896920680999756,2.6181957721710205,3.4368419647216797,2.6181957721710205,3.4368419647216797
0.43649527430534363,2.4700162410736084,2.658169984817505,2.4700162410736084,2.658169984817505
0.1340298056602478,2.3310840129852295,1.3688362836837769,2.3310840129852295,1.3688362836837769
0.040772173553705215,0.040772173553705215,2.78615140914917,0.040772173553705215,2.78615140914917
0.003541984362527728,0.021561602130532265,4.180931568145752,0.021561602130532265,4.180931568145752
0.0009617946925573051,0.01460770983248949,3.385037660598755,0.01460770983248949,3.385037660598755
0.5502742528915405,0.1483287662267685,3.3249683380126953,0.1483287662267685,3.3249683380126953
0.0033077073749154806,0.11416859924793243,3.220841884613037,0.11416859924793243,3.220841884613037
4.20118522644043,0.7993567585945129,3.1444804668426514,0.7993567585945129,3.1444804668426514
2.6208436489105225,1.0633021593093872,2.823376178741455,1.0633021593093872,2.823376178741455
6.270820617675781,1.715132236480713,2.5944037437438965,1.715132236480713,2.5944037437438965
0.3199191391468048,1.5548405647277832,2.906625509262085,1.5548405647277832,2.906625509262085
3.4778621196746826,1.7580360174179077,3.2015483379364014,1.7580360174179077,3.2015483379364014
1.9872177839279175,1.7671427726745605,3.082045793533325,1.7671427726745605,3.082045793533325
4.877126216888428,2.0357680320739746,2.8922924995422363,2.0357680320739746,2.8922924995422363
2.921804666519165,2.1219286918640137,3.2726454734802246,2.1219286918640137,3.2726454734802246
1.8976885080337524,2.126908540725708,3.1825740337371826,2.126908540725708,3.1825740337371826
2.698720932006836,2.1671056747436523,3.1102917194366455,2.1671056747436523,3.1102917194366455
0.6897292733192444,2.099560499191284,2.794780731201172,2.099560499191284,2.794780731201172
4.649368762969971,2.2414886951446533,3.0080208778381348,2.2414886951446533,3.0080208778381348
6.03233528137207,2.459627866744995,3.0934081077575684,2.459627866744995,3.0934081077575684
2.2035961151123047,2.454216480255127,3.0815815925598145,2.454216480255127,3.0815815925598145
6.471098899841309,2.6848554611206055,3.0950605869293213,2.6848554611206055,3.0950605869293213
0.6632474064826965,2.5777199268341064,2.3303534984588623,2.5777199268341064,2.3303534984588623
3.4905009269714355,2.6314375400543213,2.9173905849456787,2.6314375400543213,2.9173905849456787
8.141357421875,2.877755880355835,3.567169666290283,2.877755880355835,3.567169666290283
0.08192001283168793,2.7761576175689697,2.953153133392334,2.7761576175689697,2.953153133392334
4.586998462677002,2.866466760635376,2.821573495864868,2.866466760635376,2.821573495864868
4.3245954513549805,2.919951915740967,2.7818973064422607,2.919951915740967,2.7818973064422607
2.771538496017456,2.9182050228118896,2.506448268890381,2.9182050228118896,2.506448268890381
4.014631748199463,2.9464855194091797,2.8858227729797363,2.9464855194091797,2.8858227729797363
1.4067964553833008,2.886093854904175,3.2206950187683105,2.886093854904175,3.2206950187683105
6.642346382141113,3.013357639312744,1.9338191747665405,3.013357639312744,1.9338191747665405
1.6324050426483154,2.9658210277557373,1.6151199340820312,2.9658210277557373,1.6151199340820312
0.046543508768081665,0.046543508768081665,2.5031352043151855,0.046543508768081665,2.5031352043151855
0.004922532942146063,0.023193547502160072,4.085968494415283,0.023193547502160072,4.085968494415283
0.0007273888913914561,0.020127343013882637,2.77939772605896,0.020127343013882637,2.77939772605896
0.8682858347892761,0.23386508226394653,3.032782554626465,0.23386508226394653,3.032782554626465
0.003942694049328566,0.18791323900222778,2.9562759399414062,0.18791323900222778,2.9562759399414062
6.263235569000244,1.1902974843978882,3.034355401992798,1.1902974843978882,3.034355401992798
5.369848251342773,1.7844219207763672,2.7580201625823975,1.7844219207763672,2.7580201625823975
0.6845385432243347,1.6533541679382324,2.457689046859741,1.6533541679382324,2.457689046859741
0.453857421875,1.5188781023025513,1.398073673248291,1.5188781023025513,1.398073673248291
0.04987240582704544,0.04987240582704544,2.782686471939087,0.04987240582704544,2.782686471939087
0.004020822234451771,0.024607688188552856,4.102301597595215,0.024607688188552856,4.102301597595215
0.0008899780223146081,0.015943773090839386,3.241013765335083,0.015943773090839386,3.241013765335083
0.3041166365146637,0.08794137835502625,3.2857117652893066,0.08794137835502625,3.2857117652893066
0.002263010013848543,0.06984567642211914,3.3434078693389893,0.06984567642211914,3.3434078693389893
2.4124598503112793,0.45873358845710754,3.4147095680236816,0.45873358845710754,3.4147095680236816
0.36971208453178406,0.4473502039909363,2.9674205780029297,0.4473502039909363,2.9674205780029297
2.2062480449676514,0.6715524196624756,2.6219418048858643,0.6715524196624756,2.6219418048858643
5.176009178161621,1.1684460639953613,2.737070083618164,1.1684460639953613,2.737070083618164
1.1135754585266113,1.1691675186157227,2.6855342388153076,1.1691675186157227,2.6855342388153076
2.18318247795105,1.2611689567565918,3.147432804107666,1.2611689567565918,3.147432804107666
1.505158543586731,1.2726191282272339,2.6480977535247803,1.2726191282272339,2.6480977535247803
4.935848236083984,1.5564117431640625,2.8916754722595215,1.5564117431640625,2.8916754722595215
3.6273353099823,1.7081773281097412,2.7221033573150635,1.7081773281097412,2.7221033573150635
0.7117209434509277,1.641132116317749,2.891012668609619,1.641132116317749,2.891012668609619
1.1825380325317383,1.6040267944335938,1.8293828964233398,1.6040267944335938,1.8293828964233398
0.021778594702482224,0.021778594702482224,2.6272356510162354,0.021778594702482224,2.6272356510162354
0.006105936598032713,0.01307428628206253,4.160294532775879,0.01307428628206253,4.160294532775879
0.0007023728103376925,0.011460513807833195,2.8600194454193115,0.011460513807833195,2.8600194454193115
1.5956363677978516,0.41207119822502136,3.0993504524230957,0.41207119822502136,3.0993504524230957
0.0034730848856270313,0.3415328562259674,3.1510813236236572,0.3415328562259674,3.1510813236236572
3.6454825401306152,0.8927298188209534,2.8514037132263184,0.8927298188209534,2.8514037132263184
0.4441795349121094,0.8558893799781799,2.538433313369751,0.8558893799781799,2.538433313369751
5.983767509460449,1.517622470855713,3.0864267349243164,1.517622470855713,3.0864267349243164
1.0432568788528442,1.474256992340088,2.531647205352783,1.474256992340088,2.531647205352783
0.056379854679107666,1.3238385915756226,2.614471197128296,1.3238385915756226,2.614471197128296
1.8406627178192139,1.3661071062088013,2.253866672515869,1.3661071062088013,2.253866672515869
0.36884158849716187,1.2800171375274658,1.8455712795257568,1.2800171375274658,1.8455712795257568
0.021264074370265007,0.021264074370265007,3.0616190433502197,0.021264074370265007,3.0616190433502197
0.003426872193813324,0.01245241891592741,4.199643611907959,0.01245241891592741,4.199643611907959
0.0006375664379447699,0.00855601392686367,2.9638216495513916,0.00855601392686367,2.9638216495513916
0.4519275426864624,0.11953726410865784,3.1255693435668945,0.11953726410865784,3.1255693435668945
0.00167753582354635,0.09042161703109741,3.0545003414154053,0.09042161703109741,3.0545003414154053
3.633573055267334,0.6810594201087952,3.5879547595977783,0.6810594201087952,3.5879547595977783
5.4342875480651855,1.3639545440673828,3.0455164909362793,1.3639545440673828,3.0455164909362793
0.4985077381134033,1.2484745979309082,3.235245943069458,1.2484745979309082,3.235245943069458
4.995390892028809,1.6676594018936157,3.1979286670684814,1.6676594018936157,3.1979286670684814
2.0452847480773926,1.7007570266723633,3.3665854930877686,1.7007570266723633,3.3665854930877686
0.6039125919342041,1.6029841899871826,2.908912420272827,1.6029841899871826,2.908912420272827
5.12555456161499,1.8956431150436401,3.4187095165252686,1.8956431150436401,3.4187095165252686
0.2837364971637726,1.7768789529800415,3.1609396934509277,1.7768789529800415,3.1609396934509277
0.01490316167473793,1.6517571210861206,3.0441572666168213,1.6517571210861206,3.0441572666168213
0.3129808008670807,1.5644488334655762,2.4930644035339355,1.5644488334655762,2.4930644035339355
0.7430042624473572,1.5127332210540771,2.4803059101104736,1.5127332210540771,2.4803059101104736
1.1017239093780518,1.4892891645431519,2.423849582672119,1.4892891645431519,2.423849582672119
0.29133617877960205,1.41745126247406,2.312734603881836,1.41745126247406,2.312734603881836
1.321472406387329,1.4200290441513062,2.3734889030456543,1.4200290441513062,2.3734889030456543
0.29173484444618225,1.3653055429458618,2.2509076595306396,1.3653055429458618,2.2509076595306396
0.9760571122169495,1.3403668403625488,2.4752745628356934,1.3403668403625488,2.4752745628356934
6.374069690704346,1.5709770917892456,2.9309120178222656,1.5709770917892456,2.9309120178222656
1.4695489406585693,1.5728352069854736,3.3574185371398926,1.5728352069854736,3.3574185371398926
0.016048895195126534,1.500326156616211,3.1315104961395264,1.500326156616211,3.1315104961395264
1.0005457401275635,1.4767080545425415,3.1520819664001465,1.4767080545425415,3.1520819664001465
0.6995601654052734,1.4475172758102417,2.8360657691955566,1.4475172758102417,2.8360657691955566
0.18726864457130432,1.3987282514572144,2.793393135070801,1.3987282514572144,2.793393135070801
0.5230392217636108,1.3694860935211182,1.6884419918060303,1.3694860935211182,1.6884419918060303
0.036533139646053314,0.036533139646053314,2.666865587234497,0.036533139646053314,2.666865587234497
0.0030790797900408506,0.015754448249936104,4.182080268859863,0.015754448249936104,4.182080268859863
0.0006192197324708104,0.012408040463924408,2.90864634513855,0.012408040463924408,2.90864634513855
0.43297484517097473,0.1175839751958847,3.034492015838623,0.1175839751958847,3.034492015838623
0.0033936072140932083,0.10687573999166489,3.0840682983398438,0.10687573999166489,3.0840682983398438
4.6199493408203125,0.857796847820282,1.3934500217437744,0.857796847820282,1.3934500217437744
3.5589776039123535,1.2362329959869385,1.626333236694336,1.2362329959869385,1.626333236694336
1.4086148738861084,1.2546769380569458,1.687356948852539,1.2546769380569458,1.687356948852539
0.08062193542718887,0.08062193542718887,2.8412866592407227,0.08062193542718887,2.8412866592407227
0.004944003652781248,0.039537303149700165,4.142775535583496,0.039537303149700165,4.142775535583496
0.0006898645660839975,0.02672651968896389,3.194206714630127,0.02672651968896389,3.194206714630127
0.24004428088665009,0.08267505466938019,3.0469613075256348,0.08267505466938019,3.0469613075256348
0.003479262348264456,0.06793466955423355,2.9821486473083496,0.06793466955423355,2.9821486473083496
7.0077362060546875,1.2142003774642944,2.6539697647094727,1.2142003774642944,2.6539697647094727
0.5268317461013794,1.1147834062576294,2.6707828044891357,1.1147834062576294,2.6707828044891357
3.3310599327087402,1.3914393186569214,3.2779324054718018,1.3914393186569214,3.2779324054718018
0.2918555736541748,1.2706397771835327,2.7608675956726074,1.2706397771835327,2.7608675956726074
9.247364044189453,2.065441608428955,3.352118730545044,2.065441608428955,3.352118730545044
0.9576516151428223,1.9680644273757935,3.431992292404175,1.9680644273757935,3.431992292404175
3.475123405456543,2.105778932571411,3.18933367729187,2.105778932571411,3.18933367729187
0.2649218440055847,1.9728608131408691,2.727900505065918,1.9728608131408691,2.727900505065918
3.443408250808716,2.0647037029266357,3.4493560791015625,2.0647037029266357,3.4493560791015625
0.049664732068777084,1.92690110206604,2.9460458755493164,1.92690110206604,2.9460458755493164
6.326413631439209,2.218794822692871,2.8368730545043945,2.218794822692871,2.8368730545043945
1.1530860662460327,2.15712571144104,2.9619381427764893,2.15712571144104,2.9619381427764893
5.528059959411621,2.34609317779541,3.3608105182647705,2.34609317779541,3.3608105182647705
0.5504929423332214,2.2438535690307617,2.904797077178955,2.2438535690307617,2.904797077178955
0.38339996337890625,2.1503028869628906,2.64898419380188,2.1503028869628906,2.64898419380188
6.9503631591796875,2.3807568550109863,2.9389405250549316,2.3807568550109863,2.9389405250549316
0.5235282182693481,2.2937357425689697,2.861294984817505,2.2937357425689697,2.861294984817505
2.984745502471924,2.319809675216675,3.0945889949798584,2.319809675216675,3.0945889949798584
5.375503063201904,2.4489922523498535,2.743344306945801,2.4489922523498535,2.743344306945801
4.378489017486572,2.5243940353393555,2.750730276107788,2.5243940353393555,2.750730276107788
0.7500631213188171,2.453994035720825,2.9462361335754395,2.453994035720825,2.9462361335754395
1.4221339225769043,2.414154529571533,3.232603073120117,2.414154529571533,3.232603073120117
0.4239078760147095,2.3400485515594482,2.256035089492798,2.3400485515594482,2.256035089492798
5.755219459533691,2.461744546890259,2.8460421562194824,2.461744546890259,2.8460421562194824
6.823395252227783,2.6049866676330566,2.5471346378326416,2.6049866676330566,2.5471346378326416
6.711903095245361,2.7391326427459717,3.054068088531494,2.7391326427459717,3.054068088531494
0.8643336296081543,2.6886842250823975,2.7064085006713867,2.6886842250823975,2.7064085006713867
9.982755661010742,2.9124794006347656,2.796210289001465,2.9124794006347656,2.796210289001465
3.449570894241333,2.933962106704712,2.89028263092041,2.933962106704712,2.89028263092041
9.066557884216309,3.102588176727295,3.403784990310669,3.102588176727295,3.403784990310669
2.004349708557129,3.0755183696746826,2.9135854244232178,3.0755183696746826,2.9135854244232178
7.742481708526611,3.2024402618408203,1.8135467767715454,3.2024402618408203,1.8135467767715454
1.3305542469024658,3.1510074138641357,1.4544508457183838,3.1510074138641357,1.4544508457183838
0.0544368140399456,0.0544368140399456,2.5665645599365234,0.0544368140399456,2.5665645599365234
0.007895687595009804,0.030711986124515533,3.889390230178833,0.030711986124515533,3.889390230178833
0.0011754278093576431,0.02258686162531376,2.6867005825042725,0.02258686162531376,2.6867005825042725
0.7744216918945312,0.20970311760902405,2.805795192718506,0.20970311760902405,2.805795192718506
0.0021226510871201754,0.17393901944160461,2.9137935638427734,0.17393901944160461,2.9137935638427734
4.765860557556152,0.9343413710594177,1.170794129371643,0.9343413710594177,1.170794129371643
5.7617950439453125,1.6354713439941406,2.546694278717041,1.6354713439941406,2.546694278717041
4.021181106567383,1.9215331077575684,2.7927086353302,1.9215331077575684,2.7927086353302
4.619416236877441,2.2238717079162598,2.5531928539276123,2.2238717079162598,2.5531928539276123
1.3805030584335327,2.1320278644561768,2.58184814453125,2.1320278644561768,2.58184814453125
0.5891817212104797,1.971299648284912,1.7058357000350952,1.971299648284912,1.7058357000350952
0.019814295694231987,0.019814295694231987,2.877410888671875,0.019814295694231987,2.877410888671875
0.0032602986320853233,0.012641672044992447,3.918644428253174,0.012641672044992447,3.918644428253174
0.0011011258466169238,0.008688721805810928,3.0167946815490723,0.008688721805810928,3.0167946815490723
0.09511012583971024,0.030359238386154175,3.045651912689209,0.030359238386154175,3.045651912689209
0.0028427925426512957,0.027421489357948303,3.2372055053710938,0.027421489357948303,3.2372055053710938
4.751959800720215,0.8166250586509705,1.4873634576797485,0.8166250586509705,1.4873634576797485
6.067065238952637,1.5701276063919067,2.6489932537078857,1.5701276063919067,2.6489932537078857
0.07532314956188202,1.3852709531784058,3.0427634716033936,1.3852709531784058,3.0427634716033936
0.012922708876430988,1.231029987335205,2.59648060798645,1.231029987335205,2.59648060798645
0.03540777415037155,1.112816572189331,2.4915308952331543,1.112816572189331,2.4915308952331543
0.040571872144937515,1.0147547721862793,2.499645948410034,1.0147547721862793,2.499645948410034
0.25598788261413574,0.9569801688194275,2.18721342086792,0.9569801688194275,2.18721342086792
4.561784744262695,1.2340539693832397,1.783544898033142,1.2340539693832397,1.783544898033142
1.0571355819702148,1.2180324792861938,1.8981921672821045,1.2180324792861938,1.8981921672821045
0.03152287006378174,0.03152287006378174,2.6892871856689453,0.03152287006378174,2.6892871856689453
0.002837443258613348,0.017713528126478195,4.045539855957031,0.017713528126478195,4.045539855957031
0.0007024919614195824,0.013036160729825497,2.807872772216797,0.013036160729825497,2.807872772216797
1.0707066059112549,0.27744948863983154,2.725081205368042,0.27744948863983154,2.725081205368042
0.0032660020515322685,0.21401512622833252,2.6313765048980713,0.21401512622833252,2.6313765048980713
6.885171413421631,1.3329163789749146,2.3204379081726074,1.3329163789749146,2.3204379081726074
1.213142991065979,1.303803563117981,2.8151121139526367,1.303803563117981,2.8151121139526367
0.6688364744186401,1.234619379043579,2.594674587249756,1.234619379043579,2.594674587249756
3.1702451705932617,1.448222041130066,2.290966749191284,1.448222041130066,2.290966749191284
0.3335922360420227,1.3401002883911133,1.828805685043335,1.3401002883911133,1.828805685043335
0.010808378458023071,0.010808378458023071,2.9600534439086914,0.010808378458023071,2.9600534439086914
0.002764572389423847,0.007289832457900047,4.187065601348877,0.007289832457900047,4.187065601348877
0.0009022455778904259,0.007321142125874758,3.300151824951172,0.007321142125874758,3.300151824951172
0.09853081405162811,0.03082534670829773,3.1538214683532715,0.03082534670829773,3.1538214683532715
0.003999568987637758,0.024903204292058945,3.102412223815918,0.024903204292058945,3.102412223815918
6.077652931213379,1.034900426864624,4.121435165405273,1.034900426864624,4.121435165405273
0.30458274483680725,0.9333440661430359,2.7019572257995605,0.9333440661430359,2.7019572257995605
2.2534339427948,1.0998375415802002,3.4668891429901123,1.0998375415802002,3.4668891429901123
3.814446449279785,1.402400016784668,3.0346951484680176,1.402400016784668,3.0346951484680176
1.2633414268493652,1.3826872110366821,3.2287139892578125,1.3826872110366821,3.2287139892578125
3.510545015335083,1.572641372680664,2.6059646606445312,1.572641372680664,2.6059646606445312
3.1498122215270996,1.6975575685501099,4.009198188781738,1.6975575685501099,4.009198188781738
0.02965240180492401,1.5795376300811768,3.0605993270874023,1.5795376300811768,3.0605993270874023
3.047455310821533,1.675299882888794,2.7272822856903076,1.675299882888794,2.7272822856903076
4.144586563110352,1.8357189893722534,3.0310070514678955,1.8357189893722534,3.0310070514678955
0.2680406868457794,1.7387787103652954,2.929403305053711,1.7387787103652954,2.929403305053711
0.6319383382797241,1.6805336475372314,1.747796654701233,1.6805336475372314,1.747796654701233
0.027077650651335716,0.027077650651335716,2.5932908058166504,0.027077650651335716,2.5932908058166504
0.004521503578871489,0.013144450262188911,4.158729553222656,0.013144450262188911,4.158729553222656
0.0005808573332615197,0.009731609374284744,3.009854793548584,0.009731609374284744,3.009854793548584
0.8021655082702637,0.20784904062747955,3.067317008972168,0.20784904062747955,3.067317008972168
0.0023795643355697393,0.15877722203731537,2.9687023162841797,0.15877722203731537,2.9687023162841797
3.732433795928955,0.756229817867279,2.878756284713745,0.756229817867279,2.878756284713745
1.180774211883545,0.8162367939949036,2.704342842102051,0.8162367939949036,2.704342842102051
1.842980980873108,0.9416911005973816,2.86905837059021,0.9416911005973816,2.86905837059021
9.353414535522461,1.875832438468933,2.619978427886963,1.875832438468933,2.619978427886963
0.7272815704345703,1.759420394897461,2.624739170074463,1.759420394897461,2.624739170074463
0.31437331438064575,1.6267234086990356,1.815691351890564,1.6267234086990356,1.815691351890564
0.015379291027784348,0.015379291027784348,2.8462328910827637,0.015379291027784348,2.8462328910827637
0.004707444459199905,0.010017013177275658,4.145113468170166,0.010017013177275658,4.145113468170166
0.001065520802512765,0.007153820246458054,3.22759747505188,0.007153820246458054,3.22759747505188
0.1342647671699524,0.03902122750878334,3.3391144275665283,0.03902122750878334,3.3391144275665283
0.0021497728303074837,0.02877665124833584,3.263685703277588,0.02877665124833584,3.263685703277588
3.873234272003174,0.6692068576812744,3.1010489463806152,0.6692068576812744,3.1010489463806152
4.049498558044434,1.1531115770339966,2.887691020965576,1.1531115770339966,2.887691020965576
1.8556848764419556,1.2417253255844116,2.923410654067993,1.2417253255844116,2.923410654067993
1.2236089706420898,1.2412991523742676,3.008288860321045,1.2412991523742676,3.008288860321045
1.2905610799789429,1.2468830347061157,2.9206089973449707,1.2468830347061157,2.9206089973449707
2.6008670330047607,1.3716645240783691,2.9313244819641113,1.3716645240783691,2.9313244819641113
5.507403373718262,1.7177705764770508,3.364558696746826,1.7177705764770508,3.364558696746826
0.10352682322263718,1.5875282287597656,2.6298067569732666,1.5875282287597656,2.6298067569732666
1.100240707397461,1.5529680252075195,2.778489828109741,1.5529680252075195,2.778489828109741
2.7501742839813232,1.6292375326156616,3.5459201335906982,1.6292375326156616,3.5459201335906982
0.03539534658193588,1.531563401222229,2.9495091438293457,1.531563401222229,2.9495091438293457
1.437812328338623,1.52895987033844,2.935769557952881,1.52895987033844,2.935769557952881
0.9440668821334839,1.494994878768921,3.016036033630371,1.494994878768921,3.016036033630371
0.1064097210764885,1.421604871749878,2.5672333240509033,1.421604871749878,2.5672333240509033
8.378800392150879,1.773638129234314,3.502732038497925,1.773638129234314,3.502732038497925
0.824357807636261,1.7249648571014404,3.1229827404022217,1.7249648571014404,3.1229827404022217
4.085134983062744,1.829715609550476,2.031550407409668,1.829715609550476,2.031550407409668
5.390355587005615,1.9902026653289795,2.6201398372650146,1.9902026653289795,2.6201398372650146
0.7206383943557739,1.9338935613632202,3.030294418334961,1.9338935613632202,3.030294418334961
3.4718210697174072,1.9969186782836914,2.8252358436584473,1.9969186782836914,2.8252358436584473
6.088502407073975,2.154651641845703,2.995619297027588,2.154651641845703,2.995619297027588
0.399161696434021,2.101274013519287,2.8511505126953125,2.101274013519287,2.8511505126953125
5.462560653686523,2.224924325942993,2.756497859954834,2.224924325942993,2.756497859954834
6.0196356773376465,2.358339309692383,2.702125310897827,2.358339309692383,2.702125310897827
0.17852234840393066,2.283677577972412,2.5832648277282715,2.283677577972412,2.5832648277282715
6.731582164764404,2.4291341304779053,3.123491048812866,2.4291341304779053,3.123491048812866
0.40922844409942627,2.3687527179718018,3.1956400871276855,2.3687527179718018,3.1956400871276855
5.336855888366699,2.461747169494629,2.901064395904541,2.461747169494629,2.901064395904541
3.8756847381591797,2.501871347427368,2.85793137550354,2.501871347427368,2.85793137550354
1.4800913333892822,2.4748353958129883,2.4327664375305176,2.4748353958129883,2.4327664375305176
0.7068662643432617,2.4310731887817383,1.7582950592041016,2.4310731887817383,1.7582950592041016
0.016554847359657288,0.016554847359657288,2.515493631362915,0.016554847359657288,2.515493631362915
0.010306823067367077,0.01330711878836155,4.134980201721191,0.01330711878836155,4.134980201721191
0.0006525770877487957,0.009200860746204853,2.8840556144714355,0.009200860746204853,2.8840556144714355
0.5068807005882263,0.13382452726364136,3.1454734802246094,0.13382452726364136,3.1454734802246094
0.002474581589922309,0.11351164430379868,3.0085325241088867,0.11351164430379868,3.0085325241088867
4.62485933303833,0.8501634001731873,1.83213210105896,0.8501634001731873,1.83213210105896
1.8095922470092773,0.9847210049629211,1.5639938116073608,0.9847210049629211,1.5639938116073608
0.06658601760864258,0.06658601760864258,3.0875821113586426,0.06658601760864258,3.0875821113586426
0.004006455652415752,0.043309252709150314,4.205838203430176,0.043309252709150314,4.205838203430176
0.0008151783840730786,0.03142605349421501,3.269622802734375,0.03142605349421501,3.269622802734375
0.04087196663022041,0.02977483719587326,3.3504691123962402,0.02977483719587326,3.3504691123962402
0.003083239309489727,0.03706846386194229,3.327758312225342,0.03706846386194229,3.327758312225342
3.261221408843994,0.5855682492256165,3.0110859870910645,0.5855682492256165,3.0110859870910645
3.378296375274658,0.9840334057807922,2.656266689300537,0.9840334057807922,2.656266689300537
0.519673228263855,0.9221299886703491,3.1774706840515137,0.9221299886703491,3.1774706840515137
0.22097961604595184,0.8527669906616211,3.2538371086120605,0.8527669906616211,3.2538371086120605
2.375432252883911,0.9976307153701782,2.9377989768981934,0.9976307153701782,2.9377989768981934
9.271522521972656,1.752996563911438,3.256882905960083,1.752996563911438,3.256882905960083
1.183030605316162,1.710934042930603,3.0397849082946777,1.710934042930603,3.0397849082946777
1.644763469696045,1.7088942527770996,3.0894341468811035,1.7088942527770996,3.0894341468811035
0.46573716402053833,1.618596076965332,1.6890932321548462,1.618596076965332,1.6890932321548462
0.00918248388916254,0.00918248388916254,2.826305866241455,0.00918248388916254,2.826305866241455
0.0026167933829128742,0.00567102525383234,4.190814971923828,0.00567102525383234,4.190814971923828
0.0008374521275982261,0.0036896204110234976,3.2472567558288574,0.0036896204110234976,3.2472567558288574
1.199424386024475,0.30236202478408813,3.246584415435791,0.30236202478408813,3.246584415435791
0.003583796788007021,0.2443709671497345,3.340024948120117,0.2443709671497345,3.340024948120117
2.4423153400421143,0.617218017578125,2.8996334075927734,0.617218017578125,2.8996334075927734
0.7364431619644165,0.6367886662483215,2.9568164348602295,0.6367886662483215,2.9568164348602295
10.498040199279785,1.8721381425857544,2.8394882678985596,1.8721381425857544,2.8394882678985596
1.6145681142807007,1.8392505645751953,2.8482909202575684,1.8392505645751953,2.8482909202575684
0.3861376941204071,1.6935863494873047,1.7894996404647827,1.6935863494873047,1.7894996404647827
0.02154890075325966,0.02154890075325966,3.2889461517333984,0.02154890075325966,3.2889461517333984
0.0025291619822382927,0.011729590594768524,4.428176403045654,0.011729590594768524,4.428176403045654
0.0008855711785145104,0.008090638555586338,3.545994520187378,0.008090638555586338,3.545994520187378
0.06780407577753067,0.022571062669157982,3.4869704246520996,0.022571062669157982,3.4869704246520996
0.004913161508738995,0.018001897260546684,3.5167431831359863,0.018001897260546684,3.5167431831359863
4.099870681762695,0.6983618140220642,3.6178174018859863,0.6983618140220642,3.6178174018859863
3.6283211708068848,1.1300532817840576,3.1078457832336426,1.1300532817840576,3.1078457832336426
3.720132350921631,1.4552332162857056,3.378803253173828,1.4552332162857056,3.378803253173828
3.0055410861968994,1.6358397006988525,2.990755081176758,1.6358397006988525,2.990755081176758
1.8205653429031372,1.6510498523712158,2.189802885055542,1.6510498523712158,2.189802885055542
0.01939312182366848,0.01939312182366848,2.7095465660095215,0.01939312182366848,2.7095465660095215
0.003638910362496972,0.010586166754364967,4.20798921585083,0.010586166754364967,4.20798921585083
0.000876638398040086,0.007842027582228184,3.1301043033599854,0.007842027582228184,3.1301043033599854
4.164236545562744,1.0472538471221924,2.808917760848999,1.0472538471221924,2.808917760848999
0.00502774678170681,0.8090862035751343,3.38288950920105,0.8090862035751343,3.38288950920105
6.655595779418945,1.7779134511947632,2.8503382205963135,1.7779134511947632,2.8503382205963135
1.3990554809570312,1.7148903608322144,2.816462278366089,1.7148903608322144,2.816462278366089
1.7340383529663086,1.720633625984192,2.8785223960876465,1.720633625984192,2.8785223960876465
2.465156078338623,1.801928997039795,3.4939427375793457,1.801928997039795,3.4939427375793457
0.0007346553611569107,1.6423768997192383,2.7575502395629883,1.6423768997192383,2.7575502395629883
1.440048336982727,1.6072993278503418,2.9565536975860596,1.6072993278503418,2.9565536975860596
1.315562129020691,1.5951251983642578,2.958686351776123,1.5951251983642578,2.958686351776123
0.3318082094192505,1.5029972791671753,1.8103787899017334,1.5029972791671753,1.8103787899017334
0.026641186326742172,0.026641186326742172,2.929386615753174,0.026641186326742172,2.929386615753174
0.0025016937870532274,0.014634987339377403,4.2877631187438965,0.014634987339377403,4.2877631187438965
0.0008924792055040598,0.010425903834402561,3.342991590499878,0.010425903834402561,3.342991590499878
0.4625275135040283,0.12302658706903458,3.4545414447784424,0.12302658706903458,3.4545414447784424
0.002427728148177266,0.09844402223825455,3.6835827827453613,0.09844402223825455,3.6835827827453613
4.113741397857666,0.7653716206550598,3.5977413654327393,0.7653716206550598,3.5977413654327393
0.06732485443353653,0.6644994020462036,2.9656331539154053,0.6644994020462036,2.9656331539154053
1.3831048011779785,0.752587616443634,3.216017961502075,0.752587616443634,3.216017961502075
4.879561424255371,1.201084852218628,4.009047985076904,1.201084852218628,4.009047985076904
0.23960384726524353,1.1096889972686768,3.862205982208252,1.1096889972686768,3.862205982208252
0.04762118309736252,1.0130525827407837,3.3323123455047607,1.0130525827407837,3.3323123455047607
0.24878892302513123,0.9474844932556152,2.9905855655670166,0.9474844932556152,2.9905855655670166
1.0258270502090454,0.9496626257896423,2.056936025619507,0.9496626257896423,2.056936025619507
0.031154096126556396,0.031154096126556396,2.555288076400757,0.031154096126556396,2.555288076400757
0.005182167049497366,0.01845681294798851,4.255529403686523,0.01845681294798851,4.255529403686523
0.0006942722829990089,0.013497642241418362,3.0799975395202637,0.013497642241418362,3.0799975395202637
0.995543897151947,0.2588754892349243,3.0890960693359375,0.2588754892349243,3.0890960693359375
0.003856009803712368,0.2060791552066803,3.19465970993042,0.2060791552066803,3.19465970993042
2.7008776664733887,0.6188228130340576,3.037675380706787,0.6188228130340576,3.037675380706787
0.6777185201644897,0.6329010725021362,3.050351858139038,0.6329010725021362,3.050351858139038
6.62861967086792,1.381203055381775,3.2827346324920654,1.381203055381775,3.2827346324920654
0.9105425477027893,1.3396185636520386,2.8352468013763428,1.3396185636520386,2.8352468013763428
0.49357467889785767,1.2699153423309326,3.107187271118164,1.2699153423309326,3.107187271118164
0.18732044100761414,1.169988989830017,1.6252222061157227,1.169988989830017,1.6252222061157227
0.02291974239051342,0.02291974239051342,2.921621322631836,0.02291974239051342,2.921621322631836
0.00397605961188674,0.009999630972743034,4.33672571182251,0.009999630972743034,4.33672571182251
0.0007637205999344587,0.007256416603922844,3.614938259124756,0.007256416603922844,3.614938259124756
0.04560523107647896,0.019962772727012634,3.5482983589172363,0.019962772727012634,3.5482983589172363
0.0036448491737246513,0.014427201822400093,3.6700844764709473,0.014427201822400093,3.6700844764709473
3.5353317260742188,0.6058966517448425,3.997763156890869,0.6058966517448425,3.997763156890869
0.10654497146606445,0.5291101336479187,3.3521080017089844,0.5291101336479187,3.3521080017089844
4.483765602111816,1.0315686464309692,3.301130771636963,1.0315686464309692,3.301130771636963
4.284050464630127,1.4005995988845825,2.945730209350586,1.4005995988845825,2.945730209350586
1.2845137119293213,1.3880913257598877,2.973210573196411,1.3880913257598877,2.973210573196411
0.32948562502861023,1.2863396406173706,3.5091795921325684,1.2863396406173706,3.5091795921325684
1.7858988046646118,1.329529047012329,3.0293490886688232,1.329529047012329,3.0293490886688232
5.681107997894287,1.6639548540115356,2.8671672344207764,1.6639548540115356,2.8671672344207764
2.004671335220337,1.691046118736267,2.847238302230835,1.691046118736267,2.847238302230835
3.8681628704071045,1.840009093284607,3.3555290699005127,1.840009093284607,3.3555290699005127
0.04410536214709282,1.7276471853256226,2.703991651535034,1.7276471853256226,2.703991651535034
0.7059640884399414,1.6734991073608398,3.3045718669891357,1.6734991073608398,3.3045718669891357
1.8783310651779175,1.6825065612792969,1.8289285898208618,1.6825065612792969,1.8289285898208618
0.024556390941143036,0.024556390941143036,2.6606080532073975,0.024556390941143036,2.6606080532073975
0.006125723011791706,0.015826912596821785,4.384458541870117,0.015826912596821785,4.384458541870117
0.0005901502445340157,0.01048604492098093,3.1123874187469482,0.01048604492098093,3.1123874187469482
0.7436652779579163,0.1942240297794342,3.3023979663848877,0.1942240297794342,3.3023979663848877
0.003178665181621909,0.16126151382923126,3.4379894733428955,0.16126151382923126,3.4379894733428955
5.769096374511719,1.0838607549667358,3.2368271350860596,1.0838607549667358,3.2368271350860596
5.739001274108887,1.7569535970687866,2.77864408493042,1.7569535970687866,2.77864408493042
0.903160572052002,1.662294626235962,2.753861665725708,1.662294626235962,2.753861665725708
0.2756442427635193,1.5055060386657715,1.9397464990615845,1.5055060386657715,1.9397464990615845
0.01342342421412468,0.01342342421412468,2.749432325363159,0.01342342421412468,2.749432325363159
0.005206478293985128,0.009352176450192928,4.488569736480713,0.009352176450192928,4.488569736480713
0.0006490031373687088,0.00784670002758503,3.3380160331726074,0.00784670002758503,3.3380160331726074
0.39757099747657776,0.10436166077852249,3.3232169151306152,0.10436166077852249,3.3232169151306152
0.002439976902678609,0.0732426568865776,3.3047268390655518,0.0732426568865776,3.3047268390655518
4.862915992736816,0.872277557849884,3.5942959785461426,0.872277557849884,3.5942959785461426
0.5126190781593323,0.8218874335289001,3.2356350421905518,0.8218874335289001,3.2356350421905518
5.320638656616211,1.3824565410614014,2.882692813873291,1.3824565410614014,2.882692813873291
7.081324577331543,2.0086352825164795,3.235607862472534,2.0086352825164795,3.235607862472534
1.0804404020309448,1.9160385131835938,3.4999566078186035,1.9160385131835938,3.4999566078186035
0.2365325540304184,1.76060152053833,3.3571949005126953,1.76060152053833,3.3571949005126953
2.111924648284912,1.7903448343276978,2.9313137531280518,1.7903448343276978,2.9313137531280518
1.1258955001831055,1.7374308109283447,3.029390811920166,1.7374308109283447,3.029390811920166
3.1804888248443604,1.8439685106277466,3.311626434326172,1.8439685106277466,3.311626434326172
6.510064601898193,2.153839588165283,2.5453438758850098,2.153839588165283,2.5453438758850098
0.3256240487098694,2.1587414741516113,2.811983585357666,2.1587414741516113,2.811983585357666
6.397954940795898,2.487509250640869,3.1203644275665283,2.487509250640869,3.1203644275665283
0.6356046199798584,2.402914047241211,2.776280641555786,2.402914047241211,2.776280641555786
0.13180992007255554,2.27925181388855,3.098032236099243,2.27925181388855,3.098032236099243
1.6970077753067017,2.249476432800293,2.5720791816711426,2.249476432800293,2.5720791816711426
5.235943794250488,2.3983311653137207,2.941797971725464,2.3983311653137207,2.941797971725464
0.39563223719596863,2.3075437545776367,2.7987351417541504,2.3075437545776367,2.7987351417541504
0.11485053598880768,2.2082860469818115,2.715867519378662,2.2082860469818115,2.715867519378662
6.47567892074585,2.3819668292999268,2.5999858379364014,2.3819668292999268,2.5999858379364014
0.6173445582389832,2.3135716915130615,2.5744004249572754,2.3135716915130615,2.5744004249572754
5.326901435852051,2.4382879734039307,2.885272741317749,2.4382879734039307,2.885272741317749
0.30203312635421753,2.354789972305298,2.9606499671936035,2.354789972305298,2.9606499671936035
0.06290757656097412,2.2734737396240234,2.6966464519500732,2.2734737396240234,2.6966464519500732
0.9621555805206299,2.22298002243042,2.863274097442627,2.22298002243042,2.863274097442627
0.19071871042251587,2.1594350337982178,2.7875566482543945,2.1594350337982178,2.7875566482543945
2.0969245433807373,2.164207935333252,2.5770211219787598,2.164207935333252,2.5770211219787598
3.918611764907837,2.214970827102661,1.8570349216461182,2.214970827102661,1.8570349216461182
4.516456604003906,2.2846109867095947,2.6969141960144043,2.2846109867095947,2.6969141960144043
1.1513832807540894,2.251570701599121,2.952328681945801,2.251570701599121,2.952328681945801
0.3153517246246338,2.202039957046509,3.0031650066375732,2.202039957046509,3.0031650066375732
3.2305989265441895,2.222806215286255,2.7387595176696777,2.222806215286255,2.7387595176696777
3.567026376724243,2.2630796432495117,2.4598917961120605,2.2630796432495117,2.4598917961120605
3.058427095413208,2.2843637466430664,3.0831849575042725,2.2843637466430664,3.0831849575042725
8.585858345031738,2.4494147300720215,2.602689027786255,2.4494147300720215,2.602689027786255
1.6523429155349731,2.4199767112731934,2.876250982284546,2.4199767112731934,2.876250982284546
5.433712482452393,2.4907915592193604,3.2628676891326904,2.4907915592193604,3.2628676891326904
1.024918794631958,2.461937189102173,2.4492270946502686,2.461937189102173,2.4492270946502686
2.2916669845581055,2.4521377086639404,3.263481855392456,2.4521377086639404,3.263481855392456
0.054059792309999466,2.3981096744537354,2.4334604740142822,2.3981096744537354,2.4334604740142822
4.247133255004883,2.4405879974365234,3.6205132007598877,2.4405879974365234,3.6205132007598877
0.023095306009054184,2.3945541381835938,2.942417621612549,2.3945541381835938,2.942417621612549
6.189201354980469,2.4829001426696777,3.4131436347961426,2.4829001426696777,3.4131436347961426
2.2811813354492188,2.4730894565582275,3.273937225341797,2.4730894565582275,3.273937225341797
1.157482624053955,2.446709394454956,3.048159122467041,2.446709394454956,3.048159122467041
0.6631906032562256,2.4165444374084473,2.678009033203125,2.4165444374084473,2.678009033203125
5.568974494934082,2.470130681991577,2.7882332801818848,2.470130681991577,2.7882332801818848
5.921196937561035,2.538008451461792,3.0450806617736816,2.538008451461792,3.0450806617736816
0.8238730430603027,2.5058798789978027,2.7995057106018066,2.5058798789978027,2.7995057106018066
2.0229735374450684,2.4950673580169678,3.2659993171691895,2.4950673580169678,3.2659993171691895
0.03374351188540459,2.45042085647583,2.221327304840088,2.45042085647583,2.221327304840088
1.8692883253097534,2.4405453205108643,2.5735785961151123,2.4405453205108643,2.5735785961151123
4.323553085327148,2.471973419189453,3.032362937927246,2.471973419189453,3.032362937927246
0.40792542695999146,2.4434516429901123,3.3987128734588623,2.4434516429901123,3.3987128734588623
0.028719674795866013,2.4016451835632324,2.8340203762054443,2.4016451835632324,2.8340203762054443
0.34325677156448364,2.361680030822754,2.7494747638702393,2.361680030822754,2.7494747638702393
1.2536704540252686,2.3498237133026123,1.4692409038543701,2.3498237133026123,1.4692409038543701
0.11806284636259079,0.11806284636259079,2.5339717864990234,0.11806284636259079,2.5339717864990234
0.012167515233159065,0.04954788088798523,4.262979984283447,0.04954788088798523,4.262979984283447
0.0006310140597634017,0.03541126847267151,2.9213781356811523,0.03541126847267151,2.9213781356811523
0.5672817230224609,0.16686619818210602,3.0221190452575684,0.16686619818210602,3.0221190452575684
0.002668155822902918,0.11329607665538788,2.863588809967041,0.11329607665538788,2.863588809967041
4.600079536437988,0.8635653853416443,3.4296531677246094,0.8635653853416443,3.4296531677246094
0.10798321664333344,0.7542251348495483,3.079514980316162,0.7542251348495483,3.079514980316162
1.641048789024353,0.8609676361083984,2.6796278953552246,0.8609676361083984,2.6796278953552246
3.3369336128234863,1.1396870613098145,1.803757667541504,1.1396870613098145,1.803757667541504
2.2644941806793213,1.2438597679138184,1.399556279182434,1.2438597679138184,1.399556279182434
0.03776055946946144,0.03776055946946144,2.8822264671325684,0.03776055946946144,2.8822264671325684
0.009449280798435211,0.022947188466787338,4.2861647605896,0.022947188466787338,4.2861647605896
0.0008200620068237185,0.01584075763821602,3.2185187339782715,0.01584075763821602,3.2185187339782715
0.179682195186615,0.05751048028469086,2.9851508140563965,0.05751048028469086,2.9851508140563965
0.002159646013751626,0.04585420340299606,3.382658004760742,0.04585420340299606,3.382658004760742
4.92545747756958,0.8663775324821472,2.9723610877990723,0.8663775324821472,2.9723610877990723
1.6276021003723145,0.9928913712501526,3.205528736114502,0.9928913712501526,3.205528736114502
2.1496925354003906,1.1315300464630127,2.924449920654297,1.1315300464630127,2.924449920654297
2.7889773845672607,1.317134141921997,3.144796848297119,1.317134141921997,3.144796848297119
5.874096870422363,1.7777645587921143,2.7455904483795166,1.7777645587921143,2.7455904483795166
5.931346893310547,2.1534786224365234,3.5623488426208496,2.1534786224365234,3.5623488426208496
4.771740913391113,2.38493275642395,2.740732431411743,2.38493275642395,2.740732431411743
8.860698699951172,2.8640642166137695,4.310336112976074,2.8640642166137695,4.310336112976074
3.845118999481201,2.9381866455078125,3.0882582664489746,2.9381866455078125,3.0882582664489746
4.362938404083252,3.0491273403167725,2.0170140266418457,3.0491273403167725,2.0170140266418457
0.4254762828350067,2.8858718872070312,1.5335619449615479,2.8858718872070312,1.5335619449615479
0.03514436259865761,0.03514436259865761,2.5021708011627197,0.03514436259865761,2.5021708011627197
0.004928345326334238,0.020103564485907555,4.000117778778076,0.020103564485907555,4.000117778778076
0.0008571050129830837,0.012805349193513393,2.9862160682678223,0.012805349193513393,2.9862160682678223
0.6044504642486572,0.16096797585487366,3.185446262359619,0.16096797585487366,3.185446262359619
0.002764929085969925,0.13199134171009064,3.1143269538879395,0.13199134171009064,3.1143269538879395
3.020676374435425,0.6085575222969055,1.6795793771743774,0.6085575222969055,1.6795793771743774
0.4548150897026062,0.5857675671577454,1.580031394958496,0.5857675671577454,1.580031394958496
0.03410407528281212,0.03410407528281212,3.0850460529327393,0.03410407528281212,3.0850460529327393
0.0023218835704028606,0.018520675599575043,4.157064437866211,0.018520675599575043,4.157064437866211
0.0006572232232429087,0.01274776365607977,3.4911887645721436,0.01274776365607977,3.4911887645721436
0.03342893347144127,0.018091484904289246,3.3559489250183105,0.018091484904289246,3.3559489250183105
0.003405606606975198,0.014404989778995514,3.338613510131836,0.014404989778995514,3.338613510131836
4.0525383949279785,0.6878266334533691,3.3838114738464355,0.6878266334533691,3.3838114738464355
0.12285682559013367,0.7002882957458496,3.161257028579712,0.7002882957458496,3.161257028579712
0.08943644911050797,0.6182968020439148,2.688732624053955,0.6182968020439148,2.688732624053955
0.0876513347029686,0.5625070929527283,2.547325849533081,0.5625070929527283,2.547325849533081
0.2941854000091553,0.5338153839111328,2.6737918853759766,0.5338153839111328,2.6737918853759766
0.10929138213396072,0.49854227900505066,2.270059108734131,0.49854227900505066,2.270059108734131
10.240899085998535,1.3072559833526611,2.634939193725586,1.3072559833526611,2.634939193725586
2.5806660652160645,1.413091778755188,3.0154590606689453,1.413091778755188,3.0154590606689453
2.731069564819336,1.5067288875579834,2.451792001724243,1.5067288875579834,2.451792001724243
0.9648027420043945,1.4813603162765503,2.894710063934326,1.4813603162765503,2.894710063934326
7.416836738586426,1.8487787246704102,3.335844039916992,1.8487787246704102,3.335844039916992
2.1100683212280273,1.8596817255020142,3.517151355743408,1.8596817255020142,3.517151355743408
0.31793227791786194,1.7776309251785278,2.7142481803894043,1.7776309251785278,2.7142481803894043
0.5096980929374695,1.7163153886795044,2.716108798980713,1.7163153886795044,2.716108798980713
5.6804704666137695,1.9091005325317383,3.167506456375122,1.9091005325317383,3.167506456375122
0.212330624461174,1.8228018283843994,2.748969316482544,1.8228018283843994,2.748969316482544
0.09312661737203598,1.745254635810852,2.4425208568573,1.745254635810852,2.4425208568573
0.31506478786468506,1.6797730922698975,2.4695534706115723,1.6797730922698975,2.4695534706115723
0.896084725856781,1.6433563232421875,2.824497699737549,1.6433563232421875,2.824497699737549
2.267392635345459,1.6753828525543213,2.3117518424987793,1.6753828525543213,2.3117518424987793
2.8475539684295654,1.7236647605895996,3.160109043121338,1.7236647605895996,3.160109043121338
6.417750358581543,1.8969062566757202,2.4021058082580566,1.8969062566757202,2.4021058082580566
4.111645698547363,1.9750545024871826,2.9962077140808105,1.9750545024871826,2.9962077140808105
2.386542797088623,1.9926981925964355,2.3426625728607178,1.9926981925964355,2.3426625728607178
1.441447138786316,1.9775201082229614,2.6903631687164307,1.9775201082229614,2.6903631687164307
1.4460890293121338,1.9603731632232666,2.2601332664489746,1.9603731632232666,2.2601332664489746
2.0940585136413574,1.962906837463379,1.5103845596313477,1.962906837463379,1.5103845596313477
0.029596272855997086,0.029596272855997086,2.636556625366211,0.029596272855997086,2.636556625366211
0.004911026451736689,0.016365015879273415,4.1670026779174805,0.016365015879273415,4.1670026779174805
0.000763363263104111,0.010768312029540539,2.7881672382354736,0.010768312029540539,2.7881672382354736
0.3410147428512573,0.09292195737361908,2.974754810333252,0.09292195737361908,2.974754810333252
0.0031497888267040253,0.07720457017421722,3.1171560287475586,0.07720457017421722,3.1171560287475586
5.000693321228027,0.8983461260795593,3.492496967315674,0.8983461260795593,3.492496967315674
0.09224964678287506,0.7821888327598572,2.611572742462158,0.7821888327598572,2.611572742462158
0.5977349877357483,0.7671707272529602,2.3351974487304688,0.7671707272529602,2.3351974487304688
4.451597213745117,1.1810250282287598,1.5467356443405151,1.1810250282287598,1.5467356443405151
0.5210045576095581,1.1274676322937012,1.6492290496826172,1.1274676322937012,1.6492290496826172
0.02816409431397915,0.02816409431397915,2.913423538208008,0.02816409431397915,2.913423538208008
0.002721655648201704,0.014230904169380665,4.299786567687988,0.014230904169380665,4.299786567687988
0.0005446380819194019,0.00986341293901205,3.58256459236145,0.00986341293901205,3.58256459236145
0.07758000493049622,0.02689260244369507,3.2337870597839355,0.02689260244369507,3.2337870597839355
0.004595314618200064,0.02027103491127491,3.6330223083496094,0.02027103491127491,3.6330223083496094
3.6235289573669434,0.6231834292411804,3.0038766860961914,0.6231834292411804,3.0038766860961914
0.5217908024787903,0.6077360510826111,3.552401065826416,0.6077360510826111,3.552401065826416
6.89834451675415,1.3919882774353027,3.060965061187744,1.3919882774353027,3.060965061187744
1.847246766090393,1.4423712491989136,2.7996325492858887,1.4423712491989136,2.7996325492858887
6.395144462585449,1.9385921955108643,2.904224395751953,1.9385921955108643,2.904224395751953
1.4491380453109741,1.895875096321106,2.8649537563323975,1.895875096321106,2.8649537563323975
4.559589862823486,2.116056203842163,2.796326160430908,2.116056203842163,2.796326160430908
3.3454880714416504,2.204756021499634,2.5568056106567383,2.204756021499634,2.5568056106567383
0.8301169872283936,2.1083734035491943,1.86333429813385,2.1083734035491943,1.86333429813385
0.018174076452851295,0.018174076452851295,2.6270995140075684,0.018174076452851295,2.6270995140075684
0.0042130290530622005,0.010102923959493637,4.1947922706604,0.010102923959493637,4.1947922706604
0.0007793250260874629,0.0065918671898543835,3.247213840484619,0.0065918671898543835,3.247213840484619
1.009706974029541,0.25785258412361145,3.022021770477295,0.25785258412361145,3.022021770477295
0.004149517975747585,0.22907419502735138,3.4471797943115234,0.22907419502735138,3.4471797943115234
1.3185620307922363,0.426764577627182,2.81108021736145,0.426764577627182,2.81108021736145
1.5210975408554077,0.6036246418952942,2.541022777557373,0.6036246418952942,2.541022777557373
6.464781284332275,1.3173117637634277,3.785747528076172,1.3173117637634277,3.785747528076172
0.05507705360651016,1.1662073135375977,2.919538736343384,1.1662073135375977,2.919538736343384
0.3168889880180359,1.0839545726776123,2.417222499847412,1.0839545726776123,2.417222499847412
0.7365554571151733,1.049521565437317,1.9238284826278687,1.049521565437317,1.9238284826278687
0.01719038560986519,0.01719038560986519,2.974813222885132,0.01719038560986519,2.974813222885132
0.002438192954286933,0.006734773982316256,4.323366641998291,0.006734773982316256,4.323366641998291
0.0006370898918248713,0.0054413084872066975,3.5125744342803955,0.0054413084872066975,3.5125744342803955
0.0614425390958786,0.020525136962532997,3.420912265777588,0.020525136962532997,3.420912265777588
0.003922626841813326,0.020773911848664284,3.6513304710388184,0.020773911848664284,3.6513304710388184
8.0848970413208,1.364251971244812,4.068539619445801,1.364251971244812,4.068539619445801
0.04741770401597023,1.1750917434692383,2.9677672386169434,1.1750917434692383,2.9677672386169434
4.42837381362915,1.5824756622314453,2.743595600128174,1.5824756622314453,2.743595600128174
3.1402485370635986,1.7466397285461426,3.602311611175537,1.7466397285461426,3.602311611175537
0.02693086862564087,1.5823428630828857,2.524874210357666,1.5823428630828857,2.524874210357666
0.7350925207138062,1.5051738023757935,2.9108481407165527,1.5051738023757935,2.9108481407165527
6.833388805389404,1.948677659034729,4.4698309898376465,1.948677659034729,4.4698309898376465
0.015948118641972542,1.78378427028656,3.4960415363311768,1.78378427028656,3.4960415363311768
1.9829254150390625,1.802847146987915,3.009596109390259,1.802847146987915,3.009596109390259
5.221445560455322,2.035635232925415,3.1059978008270264,2.035635232925415,3.1059978008270264
9.630009651184082,2.510345935821533,2.5515494346618652,2.510345935821533,2.5515494346618652
3.199096918106079,2.5556883811950684,2.9428176879882812,2.5556883811950684,2.9428176879882812
0.886996865272522,2.4618465900421143,2.579038619995117,2.4618465900421143,2.579038619995117
5.204785346984863,2.6036581993103027,3.944035291671753,2.6036581993103027,3.944035291671753
0.06275812536478043,2.4762682914733887,3.3075625896453857,2.4762682914733887,3.3075625896453857
4.181478023529053,2.5615673065185547,2.5995404720306396,2.5615673065185547,2.5995404720306396
0.8378180265426636,2.489227533340454,3.4507946968078613,2.489227533340454,3.4507946968078613
2.776148796081543,2.504065752029419,3.1676201820373535,2.504065752029419,3.1676201820373535
3.632084369659424,2.557493209838867,2.8102238178253174,2.557493209838867,2.8102238178253174
9.335206031799316,2.823895215988159,0.9409825205802917,2.823895215988159,0.9409825205802917
10.105260848999023,3.102837085723877,3.272881031036377,3.102837085723877,3.272881031036377
1.8009189367294312,3.05759859085083,2.4688122272491455,3.05759859085083,2.4688122272491455
0.38329434394836426,2.964937686920166,2.5775840282440186,2.964937686920166,2.5775840282440186
1.6227424144744873,2.90448260307312,1.6370429992675781,2.90448260307312,1.6370429992675781
0.02952706255018711,0.02952706255018711,2.611630916595459,0.02952706255018711,2.611630916595459
0.00875420868396759,0.018350832164287567,4.169210433959961,0.018350832164287567,4.169210433959961
0.0007846852531656623,0.012360408902168274,3.030717134475708,0.012360408902168274,3.030717134475708
0.1899740844964981,0.05717030540108681,2.9737331867218018,0.05717030540108681,2.9737331867218018
0.0027388939633965492,0.04632711037993431,3.266179323196411,0.04632711037993431,3.266179323196411
2.5987939834594727,0.46943244338035583,1.9824615716934204,0.46943244338035583,1.9824615716934204
0.4366222620010376,0.4681590497493744,1.5935492515563965,0.4681590497493744,1.5935492515563965
0.046354491263628006,0.046354491263628006,3.308640956878662,0.046354491263628006,3.308640956878662
0.0025484247598797083,0.02576582320034504,4.22689962387085,0.02576582320034504,4.22689962387085
0.000604565953835845,0.017795665189623833,3.7380599975585938,0.017795665189623833,3.7380599975585938
0.0049236007034778595,0.014238960109651089,3.2108161449432373,0.014238960109651089,3.2108161449432373
0.002881662454456091,0.012222236022353172,3.3097681999206543,0.012222236022353172,3.3097681999206543
6.953708648681641,1.1687703132629395,2.9903745651245117,1.1687703132629395,2.9903745651245117
8.046292304992676,2.152039051055908,2.6712422370910645,2.152039051055908,2.6712422370910645
4.4829301834106445,2.443016529083252,1.8644120693206787,2.443016529083252,1.8644120693206787
5.016976356506348,2.736957550048828,3.5349013805389404,2.736957550048828,3.5349013805389404
0.04250773787498474,2.460193634033203,3.3908913135528564,2.460193634033203,3.3908913135528564
0.7489449977874756,2.2934906482696533,3.0736303329467773,2.2934906482696533,3.0736303329467773
2.0782175064086914,2.281903028488159,3.218776226043701,2.281903028488159,3.218776226043701
1.8566102981567383,2.255513906478882,2.8088059425354004,2.255513906478882,2.8088059425354004
2.1482486724853516,2.23834490776062,2.651904582977295,2.23834490776062,2.651904582977295
6.457047462463379,2.524571180343628,2.8815202713012695,2.524571180343628,2.8815202713012695
1.2395271062850952,2.4488189220428467,2.8602988719940186,2.4488189220428467,2.8602988719940186
4.0710320472717285,2.539531946182251,2.64622163772583,2.539531946182251,2.64622163772583
0.2655772566795349,2.407423257827759,2.5090579986572266,2.407423257827759,2.5090579986572266
1.2731914520263672,2.3475341796875,1.644158124923706,2.3475341796875,1.644158124923706
0.026351653039455414,0.026351653039455414,2.6186177730560303,0.026351653039455414,2.6186177730560303
0.006382438819855452,0.016932349652051926,4.264749050140381,0.016932349652051926,4.264749050140381
0.0006084974738769233,0.010245458222925663,3.1735634803771973,0.010245458222925663,3.1735634803771973
0.20780444145202637,0.06007947027683258,3.1643741130828857,0.06007947027683258,3.1643741130828857
0.002305827336385846,0.04979429394006729,2.777388572692871,0.04979429394006729,2.777388572692871
4.907622337341309,0.8608552813529968,1.431846261024475,0.8608552813529968,1.431846261024475
3.080484628677368,1.178348183631897,1.5221292972564697,1.178348183631897,1.5221292972564697
0.0346451960504055,0.0346451960504055,2.689246892929077,0.0346451960504055,2.689246892929077
0.008695121854543686,0.02136353589594364,4.105481147766113,0.02136353589594364,4.105481147766113
0.0006870055221952498,0.01399876456707716,3.245950698852539,0.01399876456707716,3.245950698852539
0.06052139401435852,0.026387818157672882,2.955416679382324,0.026387818157672882,2.955416679382324
0.0021644041407853365,0.02220490388572216,2.906397581100464,0.02220490388572216,2.906397581100464
5.307090759277344,0.9022042751312256,3.1643970012664795,0.9022042751312256,3.1643970012664795
6.92000150680542,1.762910008430481,2.833702802658081,1.762910008430481,2.833702802658081
1.1365571022033691,1.686070203781128,2.639400005340576,1.686070203781128,2.639400005340576
1.0154180526733398,1.612926959991455,1.8774597644805908,1.612926959991455,1.8774597644805908
11.662470817565918,2.622126817703247,3.180973529815674,2.622126817703247,3.180973529815674
0.026684017851948738,2.386267900466919,3.1371312141418457,2.386267900466919,3.1371312141418457
3.8234143257141113,2.5003502368927,3.229374408721924,2.5003502368927,3.229374408721924
0.4208160638809204,2.343258857727051,3.5669608116149902,2.343258857727051,3.5669608116149902
0.03356208652257919,2.165555715560913,2.867323398590088,2.165555715560913,2.867323398590088
0.2492067515850067,2.0392563343048096,2.4503233432769775,2.0392563343048096,2.4503233432769775
6.918632507324219,2.335859775543213,2.778804063796997,2.335859775543213,2.778804063796997
1.7166565656661987,2.3004262447357178,3.509338855743408,2.3004262447357178,3.509338855743408
0.2850377857685089,2.1831512451171875,2.9838099479675293,2.1831512451171875,2.9838099479675293
0.6281352043151855,2.099094867706299,2.6410441398620605,2.099094867706299,2.6410441398620605
0.6398811340332031,2.021817684173584,2.3951058387756348,2.021817684173584,2.3951058387756348
3.6710777282714844,2.100830078125,3.1465370655059814,2.100830078125,3.1465370655059814
0.03281540423631668,2.0064635276794434,3.078962802886963,2.0064635276794434,3.078962802886963
9.601202011108398,2.340803623199463,2.6889233589172363,2.340803623199463,2.6889233589172363
5.038145542144775,2.4462695121765137,2.9195809364318848,2.4462695121765137,2.9195809364318848
7.03412389755249,2.6394922733306885,1.7484705448150635,2.6394922733306885,1.7484705448150635
0.9517890214920044,2.5829873085021973,1.377097487449646,2.5829873085021973,1.377097487449646
0.4421485960483551,0.4421485960483551,2.7458369731903076,0.4421485960483551,2.7458369731903076
0.006590772420167923,0.1606915444135666,4.23480224609375,0.1606915444135666,4.23480224609375
0.0006405447493307292,0.1280660331249237,2.992198944091797,0.1280660331249237,2.992198944091797
0.22687260806560516,0.14343683421611786,3.1211636066436768,0.14343683421611786,3.1211636066436768
0.002996837254613638,0.11914044618606567,3.329102039337158,0.11914044618606567,3.329102039337158
3.383211612701416,0.675115168094635,1.7850654125213623,0.675115168094635,1.7850654125213623
4.1838483810424805,1.1787078380584717,1.8250634670257568,1.1787078380584717,1.8250634670257568
0.5049917101860046,1.1197161674499512,1.7375246286392212,1.1197161674499512,1.7375246286392212
0.10405637323856354,0.10405637323856354,3.0855183601379395,0.10405637323856354,3.0855183601379395
0.002989943837746978,0.04152899608016014,4.325381278991699,0.04152899608016014,4.325381278991699
0.0005200940649956465,0.02874981425702572,3.668808698654175,0.02874981425702572,3.668808698654175
0.006048707291483879,0.02384275384247303,3.311948299407959,0.02384275384247303,3.311948299407959
0.00304615986533463,0.019867269322276115,3.253147840499878,0.019867269322276115,3.253147840499878
5.489940643310547,0.9337144494056702,3.392470121383667,0.9337144494056702,3.392470121383667
1.2497535943984985,0.977175235748291,3.485196590423584,0.977175235748291,3.485196590423584
2.3906867504119873,1.1580016613006592,3.106584072113037,1.1580016613006592,3.106584072113037
6.621795654296875,1.7622406482696533,2.8812038898468018,1.7622406482696533,2.8812038898468018
8.665853500366211,2.4489312171936035,2.9984498023986816,2.4489312171936035,2.9984498023986816
0.8809932470321655,2.3002166748046875,2.9108023643493652,2.3002166748046875,2.9108023643493652
3.9001903533935547,2.431948184967041,3.3676884174346924,2.431948184967041,3.3676884174346924
3.5857133865356445,2.519350528717041,3.3309357166290283,2.519350528717041,3.3309357166290283
0.7704182863235474,2.39361834526062,2.882870674133301,2.39361834526062,2.882870674133301
2.3780393600463867,2.3942513465881348,3.4126293659210205,2.3942513465881348,3.4126293659210205
1.6859815120697021,2.3531479835510254,3.7167060375213623,2.3531479835510254,3.7167060375213623
2.0645649433135986,2.3314168453216553,3.284045696258545,2.3314168453216553,3.284045696258545
1.0434377193450928,2.257072925567627,3.134371757507324,2.257072925567627,3.134371757507324
0.16972452402114868,2.149439811706543,2.669857978820801,2.149439811706543,2.669857978820801
1.0423259735107422,2.0922739505767822,2.496837615966797,2.0922739505767822,2.496837615966797
0.026821551844477654,0.026821551844477654,2.723450183868408,0.026821551844477654,2.723450183868408
0.0038734660483896732,0.015183844603598118,4.163392543792725,0.015183844603598118,4.163392543792725
0.0007842087652534246,0.010449367575347424,3.261971950531006,0.010449367575347424,3.261971950531006
6.017993927001953,1.5122504234313965,2.9594669342041016,1.5122504234313965,2.9594669342041016
0.0050996229983866215,1.2157753705978394,2.9366772174835205,1.2157753705978394,2.9366772174835205
5.915998458862305,2.0111145973205566,3.703303098678589,2.0111145973205566,3.703303098678589
0.19913078844547272,1.7502539157867432,2.8445262908935547,1.7502539157867432,2.8445262908935547
1.941493272781372,1.7873270511627197,3.2696118354797363,1.7873270511627197,3.2696118354797363
6.581371307373047,2.3111608028411865,3.354771137237549,2.3111608028411865,3.354771137237549
2.061518669128418,2.2898056507110596,3.123997211456299,2.2898056507110596,3.123997211456299
6.217063903808594,2.6436476707458496,3.173825979232788,2.6436476707458496,3.173825979232788
2.461153984069824,2.652831792831421,3.4876136779785156,2.652831792831421,3.4876136779785156
0.6766172647476196,2.4897093772888184,2.9603633880615234,2.4897093772888184,2.9603633880615234
3.457829236984253,2.568711042404175,2.755721092224121,2.568711042404175,2.755721092224121
5.284423828125,2.7482964992523193,2.876835823059082,2.7482964992523193,2.876835823059082
2.12788462638855,2.7087318897247314,2.943986415863037,2.7087318897247314,2.943986415863037
1.8358895778656006,2.6675779819488525,2.793205738067627,2.6675779819488525,2.793205738067627
0.5709227323532104,2.551995038986206,2.0356576442718506,2.551995038986206,2.0356576442718506
0.021748734638094902,0.021748734638094902,2.6369547843933105,0.021748734638094902,2.6369547843933105
0.0028596720658242702,0.013203365728259087,4.172032356262207,0.013203365728259087,4.172032356262207
0.0007706294418312609,0.010363169945776463,3.1122703552246094,0.010363169945776463,3.1122703552246094
1.3388948440551758,0.342080682516098,3.0152697563171387,0.342080682516098,3.0152697563171387
0.00381860276684165,0.2810788154602051,3.2785136699676514,0.2810788154602051,3.2785136699676514
3.352243185043335,0.7928392887115479,2.1750998497009277,0.7928392887115479,2.1750998497009277
0.23203827440738678,0.7149271368980408,1.696340560913086,0.7149271368980408,1.696340560913086
0.05591045320034027,0.05591045320034027,3.069521188735962,0.05591045320034027,3.069521188735962
0.002286083996295929,0.02667684108018875,4.212471008300781,0.02667684108018875,4.212471008300781
0.000776347063947469,0.017470570281147957,3.6402575969696045,0.017470570281147957,3.6402575969696045
0.037645988166332245,0.023935873061418533,3.166242837905884,0.023935873061418533,3.166242837905884
0.005720909219235182,0.02015101909637451,3.264479160308838,0.02015101909637451,3.264479160308838
3.9270153045654297,0.6711346507072449,4.3197855949401855,0.6711346507072449,4.3197855949401855
7.832996845245361,1.697880744934082,2.7554659843444824,1.697880744934082,2.7554659843444824
1.104297161102295,1.6285426616668701,3.1949946880340576,1.6285426616668701,3.1949946880340576
4.5097832679748535,1.952706217765808,3.3696517944335938,1.952706217765808,3.3696517944335938
0.9382149577140808,1.848282814025879,3.5727715492248535,1.848282814025879,3.5727715492248535
19.295427322387695,3.4394683837890625,2.087052822113037,3.4394683837890625,2.087052822113037
0.6292433142662048,3.2023942470550537,2.6731152534484863,3.2023942470550537,2.6731152534484863
0.39620527625083923,2.981501340866089,1.8655059337615967,2.981501340866089,1.8655059337615967
0.03129066899418831,0.03129066899418831,2.7891201972961426,0.03129066899418831,2.7891201972961426
0.002605617046356201,0.015285637229681015,4.209840297698975,0.015285637229681015,4.209840297698975
0.0009613183210603893,0.006359704304486513,3.1050362586975098,0.006359704304486513,3.1050362586975098
0.8743116855621338,0.22189198434352875,3.223129987716675,0.22189198434352875,3.223129987716675
0.00340323057025671,0.20283904671669006,3.4076225757598877,0.20283904671669006,3.4076225757598877
4.954488754272461,0.9783404469490051,2.9669177532196045,0.9783404469490051,2.9669177532196045
1.2115278244018555,1.0155665874481201,3.0224950313568115,1.0155665874481201,3.0224950313568115
0.7507143616676331,0.9873206615447998,1.6650660037994385,0.9873206615447998,1.6650660037994385
0.05666476488113403,0.05666476488113403,2.9382433891296387,0.05666476488113403,2.9382433891296387
0.003758867271244526,0.03186121582984924,4.2357611656188965,0.03186121582984924,4.2357611656188965
0.0009070096421055496,0.02056093141436577,3.1344480514526367,0.02056093141436577,3.1344480514526367
0.32875993847846985,0.09786255657672882,3.1815102100372314,0.09786255657672882,3.1815102100372314
0.004235583357512951,0.08050195127725601,3.454245090484619,0.08050195127725601,3.454245090484619
4.029557228088379,0.7397839426994324,3.378046751022339,0.7397839426994324,3.378046751022339
3.716724395751953,1.165149450302124,3.4847469329833984,1.165149450302124,3.4847469329833984
1.0730912685394287,1.1493526697158813,2.8355002403259277,1.1493526697158813,2.8355002403259277
4.34145975112915,1.5016945600509644,3.508388042449951,1.5016945600509644,3.508388042449951
0.20981082320213318,1.3712471723556519,2.8323214054107666,1.3712471723556519,2.8323214054107666
0.3559894859790802,1.2772374153137207,3.0404481887817383,1.2772374153137207,3.0404481887817383
0.6220216751098633,1.2191890478134155,1.9220056533813477,1.2191890478134155,1.9220056533813477
9.310647010803223,1.8444633483886719,2.677143096923828,1.8444633483886719,2.677143096923828
5.460572242736816,2.1035706996917725,3.2287192344665527,2.1035706996917725,3.2287192344665527
1.2052425146102905,2.0417258739471436,2.9456303119659424,2.0417258739471436,2.9456303119659424
9.294134140014648,2.5041465759277344,2.715444803237915,2.5041465759277344,2.715444803237915
2.4363527297973633,2.496044158935547,2.9445278644561768,2.496044158935547,2.9445278644561768
8.769922256469727,2.8485870361328125,2.356329917907715,2.8485870361328125,2.356329917907715
1.1046854257583618,2.7640514373779297,1.5234763622283936,2.7640514373779297,1.5234763622283936
8.033526420593262,3.0336928367614746,3.18404483795166,3.0336928367614746,3.18404483795166
0.26026466488838196,2.8969147205352783,3.1739654541015625,2.8969147205352783,3.1739654541015625
6.089315891265869,3.047112464904785,3.156903028488159,3.047112464904785,3.156903028488159
1.081064224243164,2.9621427059173584,2.7135865688323975,2.9621427059173584,2.7135865688323975
0.2875039875507355,2.8522329330444336,2.962381601333618,2.8522329330444336,2.962381601333618
1.0398318767547607,2.7737293243408203,1.4989169836044312,2.7737293243408203,1.4989169836044312
0.6971585154533386,0.6971585154533386,2.6613569259643555,0.6971585154533386,2.6613569259643555
0.0048250192776322365,0.3671524226665497,4.150146961212158,0.3671524226665497,4.150146961212158
0.0007809926173649728,0.22449977695941925,2.7323577404022217,0.22449977695941925,2.7323577404022217
0.38261938095092773,0.26754480600357056,3.032195568084717,0.26754480600357056,3.032195568084717
0.0036839256063103676,0.22137096524238586,2.9040277004241943,0.22137096524238586,2.9040277004241943
7.090007781982422,1.3641242980957031,3.635380506515503,1.3641242980957031,3.635380506515503
2.55525541305542,1.5272401571273804,2.8705248832702637,1.5272401571273804,2.8705248832702637
0.8660656809806824,1.4469568729400635,2.5674965381622314,1.4469568729400635,2.5674965381622314
3.611060857772827,1.6883959770202637,3.7791144847869873,1.6883959770202637,3.7791144847869873
0.3222138285636902,1.5544612407684326,2.967881679534912,1.5544612407684326,2.967881679534912
0.23847316205501556,1.4394690990447998,2.651672601699829,1.4394690990447998,2.651672601699829
1.1612353324890137,1.406964898109436,1.475753903388977,1.406964898109436,1.475753903388977
0.12875473499298096,0.12875473499298096,2.9765870571136475,0.12875473499298096,2.9765870571136475
0.0029906569980084896,0.07310695946216583,4.207037448883057,0.07310695946216583,4.207037448883057
0.0010112178279086947,0.048909302800893784,3.223745346069336,0.048909302800893784,3.223745346069336
0.09975677728652954,0.06666422635316849,3.210239887237549,0.06666422635316849,3.210239887237549
0.0034789058845490217,0.051083166152238846,3.5576064586639404,0.051083166152238846,3.5576064586639404
3.070319175720215,0.5521020889282227,4.030623435974121,0.5521020889282227,4.030623435974121
0.2029455304145813,0.5035372376441956,2.814868927001953,0.5035372376441956,2.814868927001953
3.919222831726074,0.929375410079956,3.2611660957336426,0.929375410079956,3.2611660957336426
4.741230487823486,1.3540676832199097,3.0194528102874756,1.3540676832199097,3.0194528102874756
5.298262596130371,1.75151789188385,2.4592432975769043,1.75151789188385,2.4592432975769043
0.4328429400920868,1.632051944732666,1.8192005157470703,1.632051944732666,1.8192005157470703
0.028385553508996964,0.028385553508996964,2.817675828933716,0.028385553508996964,2.817675828933716
0.002468754770234227,0.015753693878650665,4.036746978759766,0.015753693878650665,4.036746978759766
0.0008727079257369041,0.010672717355191708,2.7547190189361572,0.010672717355191708,2.7547190189361572
0.7152224779129028,0.18674719333648682,3.054821729660034,0.18674719333648682,3.054821729660034
0.002689318498596549,0.144779771566391,3.138463258743286,0.144779771566391,3.138463258743286
3.131249189376831,0.6468551158905029,2.881608009338379,0.6468551158905029,2.881608009338379
0.7505629062652588,0.6603401899337769,2.639932632446289,0.6603401899337769,2.639932632446289
0.4512598514556885,0.6402285099029541,1.5908775329589844,0.6402285099029541,1.5908775329589844
0.11697801947593689,0.11697801947593689,3.145786762237549,0.11697801947593689,3.145786762237549
0.00255769956856966,0.06348266452550888,4.145388603210449,0.06348266452550888,4.145388603210449
0.0008896207436919212,0.04075263813138008,3.297921657562256,0.04075263813138008,3.297921657562256
0.028180204331874847,0.039810262620449066,3.0876073837280273,0.039810262620449066,3.0876073837280273
0.003968341741710901,0.032290682196617126,3.3964595794677734,0.032290682196617126,3.3964595794677734
4.554803848266602,0.7834222912788391,3.4363837242126465,0.7834222912788391,3.4363837242126465
2.9502551555633545,1.0910452604293823,3.369342803955078,1.0910452604293823,3.369342803955078
1.8039761781692505,1.1747795343399048,3.9716439247131348,1.1747795343399048,3.9716439247131348
0.06040951609611511,1.0526803731918335,2.8454105854034424,1.0526803731918335,2.8454105854034424
10.527104377746582,1.9970085620880127,4.512103080749512,1.9970085620880127,4.512103080749512
0.005894776433706284,1.8197274208068848,3.8182215690612793,1.8197274208068848,3.8182215690612793
0.012781602330505848,1.6655744314193726,2.5781607627868652,1.6655744314193726,2.5781607627868652
0.22389943897724152,1.5494234561920166,2.7157716751098633,1.5494234561920166,2.7157716751098633
4.715706825256348,1.7762495279312134,2.3180880546569824,1.7762495279312134,2.3180880546569824
0.7101351618766785,1.711134433746338,1.7734870910644531,1.711134433746338,1.7734870910644531
2.9621267318725586,1.7890679836273193,1.5559217929840088,1.7890679836273193,1.5559217929840088
0.5978243350982666,0.5978243350982666,2.6037111282348633,0.5978243350982666,2.6037111282348633
0.009271424263715744,0.3024824559688568,4.068562984466553,0.3024824559688568,4.068562984466553
0.0006996329175308347,0.20697151124477386,2.658306837081909,0.20697151124477386,2.658306837081909
1.3665962219238281,0.5121561884880066,2.980794668197632,0.5121561884880066,2.980794668197632
0.0027122637256979942,0.39680513739585876,3.1733477115631104,0.39680513739585876,3.1733477115631104
3.5076658725738525,0.9235760569572449,2.2730612754821777,0.9235760569572449,2.2730612754821777
0.48984402418136597,0.8746962547302246,1.5225764513015747,0.8746962547302246,1.5225764513015747
0.14710132777690887,0.14710132777690887,3.0661330223083496,0.14710132777690887,3.0661330223083496
0.0033939636778086424,0.08188057690858841,4.223028182983398,0.08188057690858841,4.223028182983398
0.0008438840159215033,0.05385051667690277,3.6138412952423096,0.05385051667690277,3.6138412952423096
0.007655449211597443,0.04512561857700348,3.298199415206909,0.04512561857700348,3.298199415206909
0.0033721032086759806,0.03828410059213638,3.3997764587402344,0.03828410059213638,3.3997764587402344
5.666570663452148,0.9742624163627625,2.8896074295043945,0.9742624163627625,2.8896074295043945
6.457053184509277,1.754081130027771,3.0541915893554688,1.754081130027771,3.0541915893554688
0.9656709432601929,1.6551135778427124,2.6103415489196777,1.6551135778427124,2.6103415489196777
3.9970486164093018,1.8880895376205444,2.743471622467041,1.8880895376205444,2.743471622467041
0.5127246379852295,1.7479298114776611,2.998709201812744,1.7479298114776611,2.998709201812744
2.388726234436035,1.8104459047317505,2.6832516193389893,1.8104459047317505,2.6832516193389893
2.899620532989502,1.9042739868164062,2.8211586475372314,1.9042739868164062,2.8211586475372314
0.2347099930047989,1.7777056694030762,2.83958101272583,1.7777056694030762,2.83958101272583
3.3269450664520264,1.891210913658142,2.0696208477020264,1.891210913658142,2.0696208477020264
3.8753819465637207,2.0210840702056885,3.2757155895233154,2.0210840702056885,3.2757155895233154
0.08033419400453568,1.9048928022384644,2.4284558296203613,1.9048928022384644,2.4284558296203613
1.2089710235595703,1.8583165407180786,2.7134642601013184,1.8583165407180786,2.7134642601013184
2.6016759872436523,1.9051445722579956,3.5350899696350098,1.9051445722579956,3.5350899696350098
0.037247881293296814,1.8072348833084106,3.047049045562744,1.8072348833084106,3.047049045562744
2.1526541709899902,1.8267669677734375,2.7798426151275635,1.8267669677734375,2.7798426151275635
9.03550910949707,2.1719329357147217,2.938823938369751,2.1719329357147217,2.938823938369751
4.538338661193848,2.2731430530548096,2.99448299407959,2.2731430530548096,2.99448299407959
2.4740724563598633,2.2805516719818115,3.478360414505005,2.2805516719818115,3.478360414505005
2.9078445434570312,2.307948112487793,2.9078404903411865,2.307948112487793,2.9078404903411865
0.3367084860801697,2.2296619415283203,2.924867630004883,2.2296619415283203,2.924867630004883
2.625418186187744,2.2451632022857666,3.4571731090545654,2.2451632022857666,3.4571731090545654
0.012726048938930035,2.160162925720215,3.068915605545044,2.160162925720215,3.068915605545044
2.5582756996154785,2.180591106414795,3.2669034004211426,2.180591106414795,3.2669034004211426
3.4890403747558594,2.219583511352539,3.274519681930542,2.219583511352539,3.274519681930542
1.567739486694336,2.195876121520996,2.88189697265625,2.195876121520996,2.88189697265625
6.307607650756836,2.329946994781494,3.078474998474121,2.329946994781494,3.078474998474121
3.461947202682495,2.3667306900024414,3.1075093746185303,2.3667306900024414,3.1075093746185303
0.3304094672203064,2.30672550201416,2.928302049636841,2.30672550201416,2.928302049636841
1.3914810419082642,2.278057336807251,1.4786593914031982,2.278057336807251,1.4786593914031982
0.04473024979233742,0.04473024979233742,2.3848469257354736,0.04473024979233742,2.3848469257354736
0.012092611752450466,0.029955720528960228,4.177159309387207,0.029955720528960228,4.177159309387207
0.0007892115972936153,0.019183868542313576,2.83573579788208,0.019183868542313576,2.83573579788208
0.33358848094940186,0.09755609184503555,3.05830717086792,0.09755609184503555,3.05830717086792
0.0024984830524772406,0.07846853137016296,2.818056583404541,0.07846853137016296,2.818056583404541
4.385889053344727,0.7960968017578125,1.56117582321167,0.7960968017578125,1.56117582321167
0.42693766951560974,0.747333824634552,1.6425660848617554,0.747333824634552,1.6425660848617554
0.03586124628782272,0.03586124628782272,2.9742159843444824,0.03586124628782272,2.9742159843444824
0.002449490362778306,0.019032983109354973,4.169395923614502,0.019032983109354973,4.169395923614502
0.0007133323233574629,0.011732508428394794,3.5456900596618652,0.011732508428394794,3.5456900596618652
0.05528879538178444,0.022491607815027237,3.143832206726074,0.022491607815027237,3.143832206726074
0.003642592579126358,0.019470030441880226,3.2675929069519043,0.019470030441880226,3.2675929069519043
4.596696376800537,0.779276430606842,3.010812759399414,0.779276430606842,3.010812759399414
1.3955641984939575,0.8674659729003906,2.983778715133667,0.8674659729003906,2.983778715133667
4.570644378662109,1.3313974142074585,3.1651759147644043,1.3313974142074585,3.1651759147644043
0.8358951210975647,1.2699419260025024,3.1784863471984863,1.2699419260025024,3.1784863471984863
8.535013198852539,1.9960334300994873,2.9344584941864014,1.9960334300994873,2.9344584941864014
0.7829245328903198,1.8839459419250488,2.701677083969116,1.8839459419250488,2.701677083969116
2.835836410522461,1.9600681066513062,2.798523426055908,1.9600681066513062,2.798523426055908
2.326758861541748,1.984833836555481,3.345315456390381,1.984833836555481,3.345315456390381
0.043414000421762466,1.8517791032791138,2.799701452255249,1.8517791032791138,2.799701452255249
0.8127418160438538,1.783036470413208,2.894657611846924,1.783036470413208,2.894657611846924
3.6240367889404297,1.8960684537887573,3.745802640914917,1.8960684537887573,3.745802640914917
0.017404329031705856,1.7843637466430664,3.1532986164093018,1.7843637466430664,3.1532986164093018
1.323548436164856,1.7689107656478882,3.3606600761413574,1.7689107656478882,3.3606600761413574
1.082797884941101,1.7297730445861816,3.410081148147583,1.7297730445861816,3.410081148147583
0.9963142275810242,1.6857492923736572,3.5069594383239746,1.6857492923736572,3.5069594383239746
0.17430351674556732,1.6165406703948975,3.0846760272979736,1.6165406703948975,3.0846760272979736
0.2826380133628845,1.556309461593628,2.8402910232543945,1.556309461593628,2.8402910232543945
6.585094451904297,1.7780663967132568,3.700148820877075,1.7780663967132568,3.700148820877075
0.935763418674469,1.7402434349060059,3.218381404876709,1.7402434349060059,3.218381404876709
5.014035224914551,1.870386004447937,3.066842555999756,1.870386004447937,3.066842555999756
0.431755930185318,1.8223814964294434,2.8851318359375,1.8223814964294434,2.8851318359375
2.835261821746826,1.8548691272735596,3.6470019817352295,1.8548691272735596,3.6470019817352295
0.012915530242025852,1.7863938808441162,2.516418933868408,1.7863938808441162,2.516418933868408
1.2062807083129883,1.7756431102752686,3.094578266143799,1.7756431102752686,3.094578266143799
2.5617892742156982,1.7969250679016113,3.1832401752471924,1.7969250679016113,3.1832401752471924
0.34456098079681396,1.7411034107208252,3.575838804244995,1.7411034107208252,3.575838804244995
0.013864400796592236,1.6880840063095093,2.8933005332946777,1.6880840063095093,2.8933005332946777
0.11774944514036179,1.637159824371338,2.685335636138916,1.637159824371338,2.685335636138916
5.0189313888549805,1.7395570278167725,2.9745900630950928,1.7395570278167725,2.9745900630950928
0.4381047487258911,1.700698971748352,3.2102134227752686,1.700698971748352,3.2102134227752686
3.8039464950561523,1.7585272789001465,3.084329128265381,1.7585272789001465,3.084329128265381
6.607867240905762,1.8887662887573242,2.901750326156616,1.8887662887573242,2.901750326156616
6.465030670166016,2.010188102722168,2.927002429962158,2.010188102722168,2.927002429962158
0.4719911813735962,1.968638300895691,2.744414806365967,1.968638300895691,2.744414806365967
7.724789619445801,2.115194082260132,2.811739683151245,2.115194082260132,2.811739683151245
4.568195343017578,2.1767778396606445,2.985201597213745,2.1767778396606445,2.985201597213745
13.532878875732422,2.4500319957733154,2.9399077892303467,2.4500319957733154,2.9399077892303467
10.299520492553711,2.638021469116211,3.8122761249542236,2.638021469116211,3.8122761249542236
4.896289825439453,2.689424753189087,3.1568410396575928,2.689424753189087,3.1568410396575928
0.6945875287055969,2.6433701515197754,3.158498525619507,2.6433701515197754,3.158498525619507
8.26982593536377,2.7572526931762695,3.4108612537384033,2.7572526931762695,3.4108612537384033
1.6680879592895508,2.74116849899292,3.29419207572937,2.74116849899292,3.29419207572937
3.39990496635437,2.7490122318267822,2.8525748252868652,2.7490122318267822,2.8525748252868652
3.1191017627716064,2.7560176849365234,2.965860605239868,2.7560176849365234,2.965860605239868
6.309165000915527,2.8303844928741455,3.023967742919922,2.8303844928741455,3.023967742919922
4.253338813781738,2.8557281494140625,3.169083595275879,2.8557281494140625,3.169083595275879
1.6099824905395508,2.831387996673584,3.105663537979126,2.831387996673584,3.105663537979126
2.991617202758789,2.823502540588379,3.0581631660461426,2.823502540588379,3.0581631660461426
0.5020980834960938,2.7865686416625977,2.281959056854248,2.7865686416625977,2.281959056854248
4.681089401245117,2.8192787170410156,3.615504741668701,2.8192787170410156,3.615504741668701
2.5041775703430176,2.816378116607666,3.452399730682373,2.816378116607666,3.452399730682373
1.088303804397583,2.7820827960968018,3.5560269355773926,2.7820827960968018,3.5560269355773926
0.08330075442790985,2.7365171909332275,3.2146079540252686,2.7365171909332275,3.2146079540252686
0.265333354473114,2.6952593326568604,2.4368319511413574,2.6952593326568604,2.4368319511413574
1.7612786293029785,2.6721370220184326,1.432964563369751,2.6721370220184326,1.432964563369751
0.052212148904800415,0.052212148904800415,2.872774600982666,0.052212148904800415,2.872774600982666
0.01098938100039959,0.032058000564575195,3.9617347717285156,0.032058000564575195,3.9617347717285156
0.001191859133541584,0.021098868921399117,2.6772234439849854,0.021098868921399117,2.6772234439849854
0.347383052110672,0.10311935096979141,2.9248766899108887,0.10311935096979141,2.9248766899108887
0.001893633627332747,0.08027691394090652,2.933626890182495,0.08027691394090652,2.933626890182495
3.816091537475586,0.7022894024848938,2.835742950439453,0.7022894024848938,2.835742950439453
0.961703896522522,0.7377477288246155,2.5674326419830322,0.7377477288246155,2.5674326419830322
1.1062464714050293,0.7863593697547913,1.5981335639953613,0.7863593697547913,1.5981335639953613
0.04994260519742966,0.04994260519742966,3.3733716011047363,0.04994260519742966,3.3733716011047363
0.002285965019837022,0.024600690230727196,4.05186128616333,0.024600690230727196,4.05186128616333
0.0007537146448157728,0.017368746921420097,3.4338393211364746,0.017368746921420097,3.4338393211364746
0.007586004212498665,0.014461463317275047,3.0303311347961426,0.014461463317275047,3.0303311347961426
0.002726529957726598,0.011916880495846272,3.5217788219451904,0.011916880495846272,3.5217788219451904
5.956371784210205,1.0027681589126587,3.8160464763641357,1.0027681589126587,3.8160464763641357
0.31499189138412476,0.9055551290512085,3.045335292816162,0.9055551290512085,3.045335292816162
2.0989651679992676,1.0548350811004639,3.263761520385742,1.0548350811004639,3.263761520385742
2.468413829803467,1.213775873184204,3.23063588142395,1.213775873184204,3.23063588142395
1.0952943563461304,1.2058029174804688,2.933772325515747,1.2058029174804688,2.933772325515747
0.565549373626709,1.1490471363067627,2.5637362003326416,1.1490471363067627,2.5637362003326416
0.6223330497741699,1.102784514427185,1.715367078781128,1.102784514427185,1.715367078781128
0.05757753923535347,0.05757753923535347,2.729360818862915,0.05757753923535347,2.729360818862915
0.0019984529353678226,0.029045190662145615,4.026900291442871,0.029045190662145615,4.026900291442871
0.000863894063513726,0.02009340189397335,2.817974328994751,0.02009340189397335,2.817974328994751
0.23747865855693817,0.07456011325120926,3.1073925495147705,0.07456011325120926,3.1073925495147705
0.002834114944562316,0.0632137656211853,3.4797425270080566,0.0632137656211853,3.4797425270080566
5.1732177734375,0.915769100189209,2.6370692253112793,0.915769100189209,2.6370692253112793
2.7181334495544434,1.1734139919281006,2.8388898372650146,1.1734139919281006,2.8388898372650146
0.5644375085830688,1.0924922227859497,2.5419580936431885,1.0924922227859497,2.5419580936431885
0.6984558701515198,1.0517163276672363,1.5456478595733643,1.0517163276672363,1.5456478595733643
0.10220765322446823,0.10220765322446823,3.2518057823181152,0.10220765322446823,3.2518057823181152
0.0019289711490273476,0.06004214659333229,4.158751487731934,0.06004214659333229,4.158751487731934
0.000742398202419281,0.0354018472135067,3.3120734691619873,0.0354018472135067,3.3120734691619873
0.02625899389386177,0.03506689518690109,3.0893349647521973,0.03506689518690109,3.0893349647521973
0.003941031638532877,0.02951512299478054,3.5959575176239014,0.02951512299478054,3.5959575176239014
3.6828835010528564,0.6370832324028015,3.1408910751342773,0.6370832324028015,3.1408910751342773
0.32460615038871765,0.5957128405570984,3.6560778617858887,0.5957128405570984,3.6560778617858887
2.229414939880371,0.7990179061889648,3.5418238639831543,0.7990179061889648,3.5418238639831543
0.07562249898910522,0.7206902503967285,2.704709768295288,0.7206902503967285,2.704709768295288
0.40020617842674255,0.6870185136795044,2.8242075443267822,0.6870185136795044,2.8242075443267822
4.385680675506592,1.027814269065857,3.475358247756958,1.027814269065857,3.475358247756958
5.470541954040527,1.392363429069519,3.4579174518585205,1.392363429069519,3.4579174518585205
1.186150312423706,1.3792612552642822,3.5873470306396484,1.3792612552642822,3.5873470306396484
1.9156086444854736,1.4136581420898438,3.660437822341919,1.4136581420898438,3.660437822341919
0.019844798371195793,1.3207974433898926,3.434197187423706,1.3207974433898926,3.434197187423706
0.12759940326213837,1.2452000379562378,2.510143756866455,1.2452000379562378,2.510143756866455
0.23947343230247498,1.1921871900558472,1.7058255672454834,1.1921871900558472,1.7058255672454834
0.01824946142733097,0.01824946142733097,2.7237579822540283,0.01824946142733097,2.7237579822540283
0.0034294859506189823,0.010597582906484604,4.165709495544434,0.010597582906484604,4.165709495544434
0.0007340597221627831,0.007661215495318174,3.240816831588745,0.007661215495318174,3.240816831588745
0.09265024960041046,0.028885379433631897,3.205437183380127,0.028885379433631897,3.205437183380127
0.0032059960067272186,0.023969266563653946,3.5420525074005127,0.023969266563653946,3.5420525074005127
3.9002323150634766,0.6698837876319885,3.1686363220214844,0.6698837876319885,3.1686363220214844
0.3703326880931854,0.6299237012863159,2.529447078704834,0.6299237012863159,2.529447078704834
0.35983434319496155,0.5943471789360046,1.5743824243545532,0.5943471789360046,1.5743824243545532
0.052124571055173874,0.052124571055173874,3.358633041381836,0.052124571055173874,3.358633041381836
0.0029948167502880096,0.026417620480060577,4.435240745544434,0.026417620480060577,4.435240745544434
0.0008390005677938461,0.018246864899992943,3.6595025062561035,0.018246864899992943,3.6595025062561035
0.13640828430652618,0.04741128906607628,3.3722901344299316,0.04741128906607628,3.3722901344299316
0.004571937955915928,0.03722299635410309,4.025050163269043,0.03722299635410309,4.025050163269043
5.024717330932617,0.8721176981925964,3.5086357593536377,0.8721176981925964,3.5086357593536377
0.6024911999702454,0.8452967405319214,3.055530548095703,0.8452967405319214,3.055530548095703
3.752305269241333,1.2069499492645264,3.513596296310425,1.2069499492645264,3.513596296310425
3.895138740539551,1.5018941164016724,3.6931090354919434,1.5018941164016724,3.6931090354919434
1.2594901323318481,1.4768593311309814,3.6145732402801514,1.4768593311309814,3.6145732402801514
2.956261157989502,1.6064544916152954,3.865093946456909,1.6064544916152954,3.865093946456909
0.12771901488304138,1.4876890182495117,3.2761855125427246,1.4876890182495117,3.2761855125427246
0.39263105392456055,1.4071649312973022,3.2658309936523438,1.4071649312973022,3.2658309936523438
9.478793144226074,1.9752432107925415,3.2869601249694824,1.9752432107925415,3.2869601249694824
0.19897691905498505,1.8625482320785522,3.4734115600585938,1.8625482320785522,3.4734115600585938
0.4548567533493042,1.775222897529602,3.119055986404419,1.775222897529602,3.119055986404419
0.41918954253196716,1.6974899768829346,2.829575538635254,1.6974899768829346,2.829575538635254
0.38358697295188904,1.6211466789245605,3.230579376220703,1.6211466789245605,3.230579376220703
0.46885231137275696,1.561146855354309,2.98193097114563,1.561146855354309,2.98193097114563
1.6654267311096191,1.564782738685608,3.0278382301330566,1.564782738685608,3.0278382301330566
0.14007772505283356,1.4970548152923584,3.431673049926758,1.4970548152923584,3.431673049926758
0.2982454299926758,1.4410868883132935,3.17191481590271,1.4410868883132935,3.17191481590271
0.10460250079631805,1.3853977918624878,3.4341788291931152,1.3853977918624878,3.4341788291931152
7.645183086395264,1.6441017389297485,3.983877658843994,1.6441017389297485,3.983877658843994
0.8656920790672302,1.6219295263290405,3.42905855178833,1.6219295263290405,3.42905855178833
6.144410133361816,1.796324372291565,4.0315446853637695,1.796324372291565,4.0315446853637695
1.2685785293579102,1.7830675840377808,3.890425443649292,1.7830675840377808,3.890425443649292
0.053663309663534164,1.7142058610916138,3.9249439239501953,1.7142058610916138,3.9249439239501953
0.4788908064365387,1.6750898361206055,3.1034929752349854,1.6750898361206055,3.1034929752349854
0.6112353205680847,1.634751558303833,2.5295863151550293,1.634751558303833,2.5295863151550293
0.019716937094926834,0.019716937094926834,2.6619882583618164,0.019716937094926834,2.6619882583618164
0.0077801295556128025,0.01441799383610487,4.048525810241699,0.01441799383610487,4.048525810241699
0.0007982643437571824,0.009371002204716206,2.9155640602111816,0.009371002204716206,2.9155640602111816
5.827342987060547,1.4644099473953247,2.6705822944641113,1.4644099473953247,2.6705822944641113
0.004828103817999363,1.1580902338027954,2.8543813228607178,1.1580902338027954,2.8543813228607178
11.203868865966797,2.8184540271759033,2.41558575630188,2.8184540271759033,2.41558575630188
5.26453971862793,3.1477596759796143,2.9193387031555176,3.1477596759796143,2.9193387031555176
4.190818786621094,3.2813315391540527,3.0896353721618652,3.2813315391540527,3.0896353721618652
7.843297004699707,3.796077251434326,3.3841469287872314,3.796077251434326,3.3841469287872314
3.643571376800537,3.756147861480713,3.1105268001556396,3.756147861480713,3.1105268001556396
6.06724739074707,4.000516891479492,3.0216124057769775,4.000516891479492,3.0216124057769775
10.280597686767578,4.529214859008789,3.1379761695861816,4.529214859008789,3.1379761695861816
0.8335112929344177,4.247032165527344,3.6401565074920654,4.247032165527344,3.6401565074920654
0.013598074205219746,3.9458327293395996,3.181933879852295,3.9458327293395996,3.181933879852295
1.675142765045166,3.7919085025787354,2.5009257793426514,3.7919085025787354,2.5009257793426514
0.26682060956954956,3.5546889305114746,1.8433383703231812,3.5546889305114746,1.8433383703231812
0.020885540172457695,0.020885540172457695,2.6858067512512207,0.020885540172457695,2.6858067512512207
0.003109978511929512,0.012826664373278618,4.084417819976807,0.012826664373278618,4.084417819976807
0.0009408338228240609,0.0085271205753088,2.9959800243377686,0.0085271205753088,2.9959800243377686
2.1095783710479736,0.5336278080940247,3.1631052494049072,0.5336278080940247,3.1631052494049072
0.002457814523950219,0.42579174041748047,3.3038411140441895,0.42579174041748047,3.3038411140441895
7.448420524597168,1.5949639081954956,2.878868341445923,1.5949639081954956,2.878868341445923
7.354532718658447,2.4341018199920654,3.378330707550049,2.4341018199920654,3.378330707550049
4.536412715911865,2.702423572540283,2.7745938301086426,2.702423572540283,2.7745938301086426
0.8979803919792175,2.532395124435425,2.95487380027771,2.532395124435425,2.95487380027771
1.4755935668945312,2.425232410430908,2.6779873371124268,2.425232410430908,2.6779873371124268
1.085188627243042,2.2838118076324463,3.1318442821502686,2.2838118076324463,3.1318442821502686
0.17303742468357086,2.1097757816314697,3.9060237407684326,2.1097757816314697,3.9060237407684326
0.01177974883466959,1.943835735321045,2.527848958969116,1.943835735321045,2.527848958969116
1.127307653427124,1.8732889890670776,2.6135263442993164,1.8732889890670776,2.6135263442993164
0.3349021077156067,1.7721408605575562,1.9298982620239258,1.7721408605575562,1.9298982620239258
0.03463287651538849,0.03463287651538849,2.6233179569244385,0.03463287651538849,2.6233179569244385
0.0034002603497356176,0.01767573319375515,4.213191032409668,0.01767573319375515,4.213191032409668
0.0009703694959171116,0.011874479241669178,3.0873968601226807,0.011874479241669178,3.0873968601226807
1.0851545333862305,0.2808985412120819,3.027358293533325,0.2808985412120819,3.027358293533325
0.003992563579231501,0.2250455915927887,3.2061924934387207,0.2250455915927887,3.2061924934387207
3.5959243774414062,0.7995738387107849,2.959933042526245,0.7995738387107849,2.959933042526245
0.44432756304740906,0.7362074255943298,2.8210620880126953,0.7362074255943298,2.8210620880126953
3.8043622970581055,1.113443374633789,2.813960075378418,1.113443374633789,2.813960075378418
3.420917510986328,1.365433692932129,2.7990429401397705,1.365433692932129,2.7990429401397705
3.0153675079345703,1.527528166770935,3.074960470199585,1.527528166770935,3.074960470199585
0.4220488667488098,1.405432105064392,2.660787343978882,1.405432105064392,2.660787343978882
5.41758918762207,1.746199607849121,2.6548829078674316,1.746199607849121,2.6548829078674316
2.6535675525665283,1.8077213764190674,3.12088680267334,1.8077213764190674,3.12088680267334
0.4259866774082184,1.7090274095535278,2.841517210006714,1.7090274095535278,2.841517210006714
5.6974663734436035,1.9891600608825684,3.2264342308044434,1.9891600608825684,3.2264342308044434
2.4853720664978027,2.0231568813323975,2.966771125793457,2.0231568813323975,2.966771125793457
4.82988166809082,2.1902291774749756,2.9710488319396973,2.1902291774749756,2.9710488319396973
1.348759651184082,2.1498000621795654,2.995344638824463,2.1498000621795654,2.995344638824463
2.9749889373779297,2.1990528106689453,2.9146840572357178,2.1990528106689453,2.9146840572357178
4.8539605140686035,2.3444974422454834,3.144538164138794,2.3444974422454834,3.144538164138794
0.866527259349823,2.27352237701416,2.8709921836853027,2.27352237701416,2.8709921836853027
1.2801498174667358,2.2228219509124756,1.7711400985717773,2.2228219509124756,1.7711400985717773
0.04952168092131615,0.04952168092131615,2.572213649749756,0.04952168092131615,2.572213649749756
0.008747355081140995,0.027418145909905434,4.159698486328125,0.027418145909905434,4.159698486328125
0.000732868502382189,0.01769537478685379,2.992746353149414,0.01769537478685379,2.992746353149414
1.883637547492981,0.4844943583011627,3.170492172241211,0.4844943583011627,3.170492172241211
0.0023284247145056725,0.39843371510505676,3.3137404918670654,0.39843371510505676,3.3137404918670654
5.830524444580078,1.2898163795471191,1.996790885925293,1.2898163795471191,1.996790885925293
4.602421760559082,1.7640771865844727,3.109706401824951,1.7640771865844727,3.109706401824951
10.118010520935059,2.793041229248047,3.625764846801758,2.793041229248047,3.625764846801758
13.023906707763672,3.9399685859680176,3.764050006866455,3.9399685859680176,3.764050006866455
2.1447765827178955,3.7735354900360107,3.4737701416015625,3.7735354900360107,3.4737701416015625
0.10844891518354416,3.4261398315429688,3.170072317123413,3.4261398315429688,3.170072317123413
1.8946036100387573,3.2990007400512695,2.791651487350464,3.2990007400512695,2.791651487350464
9.210830688476562,3.7717158794403076,2.014188766479492,3.7717158794403076,2.014188766479492
4.922772407531738,3.839123010635376,2.676199436187744,3.839123010635376,2.676199436187744
4.051145553588867,3.8376333713531494,3.244152545928955,3.8376333713531494,3.244152545928955
3.441922903060913,3.8183369636535645,2.9360227584838867,3.8183369636535645,2.9360227584838867
0.04080845043063164,3.5987138748168945,3.0635228157043457,3.5987138748168945,3.0635228157043457
4.3936920166015625,3.6425700187683105,2.7606008052825928,3.6425700187683105,2.7606008052825928
1.7247605323791504,3.5400590896606445,2.8342862129211426,3.5400590896606445,2.8342862129211426
5.923192977905273,3.6598117351531982,2.6351306438446045,3.6598117351531982,2.6351306438446045
8.978550910949707,3.920010805130005,2.882023334503174,3.920010805130005,2.882023334503174
1.5922797918319702,3.809513807296753,2.982349395751953,3.809513807296753,2.982349395751953
0.2288406640291214,3.658385992050171,2.726381778717041,3.658385992050171,2.726381778717041
0.3862842619419098,3.5210459232330322,2.585810422897339,3.5210459232330322,2.585810422897339
1.1551198959350586,3.4235358238220215,3.161395311355591,3.4235358238220215,3.161395311355591
0.30061212182044983,3.301732063293457,2.576786756515503,3.301732063293457,2.576786756515503
1.2299988269805908,3.225874185562134,2.8216419219970703,3.225874185562134,2.8216419219970703
0.17156220972537994,3.115225076675415,3.0586013793945312,3.115225076675415,3.0586013793945312
0.3461175262928009,3.0136122703552246,2.797389268875122,3.0136122703552246,2.797389268875122
0.5682941675186157,2.945329189300537,2.8574559688568115,2.945329189300537,2.8574559688568115
0.9104650020599365,2.8738930225372314,1.851243019104004,2.8738930225372314,1.851243019104004
0.03929300233721733,0.03929300233721733,2.615602970123291,0.03929300233721733,2.615602970123291
0.004834035411477089,0.02313631772994995,4.171216011047363,0.02313631772994995,4.171216011047363
0.0006889115320518613,0.016172640025615692,2.858532428741455,0.016172640025615692,2.858532428741455
0.6099048256874084,0.16428174078464508,2.923170804977417,0.16428174078464508,2.923170804977417
0.0030831205658614635,0.12970837950706482,3.133524179458618,0.12970837950706482,3.133524179458618
3.701028347015381,0.7243043780326843,1.6998679637908936,0.7243043780326843,1.6998679637908936
0.4128585755825043,0.6823774576187134,1.5958318710327148,0.6823774576187134,1.5958318710327148
0.07501265406608582,0.07501265406608582,3.5100293159484863,0.07501265406608582,3.5100293159484863
0.0028080816846340895,0.03981658071279526,4.2681121826171875,0.03981658071279526,4.2681121826171875
0.00058466981863603,0.02603965438902378,3.6761951446533203,0.02603965438902378,3.6761951446533203
0.0034051313996315002,0.020601218566298485,3.0642361640930176,0.020601218566298485,3.0642361640930176
0.00343542592599988,0.017869312316179276,3.2806949615478516,0.017869312316179276,3.2806949615478516
13.26683235168457,2.2277326583862305,3.9652915000915527,2.2277326583862305,3.9652915000915527
0.40418046712875366,1.969064474105835,3.4596924781799316,1.969064474105835,3.4596924781799316
2.842172145843506,2.0914580821990967,2.616640329360962,2.0914580821990967,2.616640329360962
6.544875144958496,2.569322347640991,3.19480562210083,2.569322347640991,3.19480562210083
0.5309320092201233,2.3598527908325195,2.9947052001953125,2.3598527908325195,2.9947052001953125
4.0082292556762695,2.515979766845703,2.94033145904541,2.515979766845703,2.94033145904541
2.18945050239563,2.4888384342193604,3.082850694656372,2.4888384342193604,3.082850694656372
2.8255081176757812,2.5145275592803955,3.5649285316467285,2.5145275592803955,3.5649285316467285
6.234912395477295,2.783541440963745,3.7253429889678955,2.783541440963745,3.7253429889678955
2.261873245239258,2.7549424171447754,3.456484317779541,2.7549424171447754,3.456484317779541
4.669314384460449,2.866314172744751,3.391047954559326,2.866314172744751,3.391047954559326
3.288376808166504,2.8975484371185303,2.905181407928467,2.8975484371185303,2.905181407928467
4.397934913635254,2.98305082321167,3.2064127922058105,2.98305082321167,3.2064127922058105
3.624316692352295,3.031287431716919,2.438990592956543,3.031287431716919,2.438990592956543
6.199379920959473,3.1808128356933594,3.6574578285217285,3.1808128356933594,3.6574578285217285
4.691332817077637,3.2559189796447754,3.0523316860198975,3.2559189796447754,3.0523316860198975
0.2671666145324707,3.1163430213928223,2.7055869102478027,3.1163430213928223,2.7055869102478027
0.9874615669250488,3.01533842086792,1.8713500499725342,3.01533842086792,1.8713500499725342
0.05302996560931206,0.05302996560931206,2.6059937477111816,0.05302996560931206,2.6059937477111816
0.008015726692974567,0.030285434797406197,4.200486183166504,0.030285434797406197,4.200486183166504
0.0006107610533945262,0.0204633679240942,2.7894434928894043,0.0204633679240942,2.7894434928894043
0.6927937865257263,0.18674591183662415,3.038088321685791,0.18674591183662415,3.038088321685791
0.002938716672360897,0.16174794733524323,3.161557674407959,0.16174794733524323,3.161557674407959
5.206701278686523,1.0004006624221802,3.4323043823242188,1.0004006624221802,3.4323043823242188
1.7222192287445068,1.103644609451294,2.4191622734069824,1.103644609451294,2.4191622734069824
0.2956961691379547,1.0089595317840576,2.581033706665039,1.0089595317840576,2.581033706665039
0.4168395698070526,0.9397704601287842,2.3506991863250732,0.9397704601287842,2.3506991863250732
0.8052347898483276,0.9256720542907715,2.2953248023986816,0.9256720542907715,2.2953248023986816
1.1653952598571777,0.9453501105308533,2.3987228870391846,0.9453501105308533,2.3987228870391846
0.4295327663421631,0.9058244824409485,1.5763112306594849,0.9058244824409485,1.5763112306594849
0.03617620840668678,0.03617620840668678,3.0448660850524902,0.03617620840668678,3.0448660850524902
0.0037203875835984945,0.019856369122862816,4.139616012573242,0.019856369122862816,4.139616012573242
0.0008899780223146081,0.01287797186523676,2.929274082183838,0.01287797186523676,2.929274082183838
0.10313937813043594,0.03438439592719078,3.068723201751709,0.03438439592719078,3.068723201751709
0.003214194905012846,0.03639547526836395,3.231052875518799,0.03639547526836395,3.231052875518799
2.456608772277832,0.46158552169799805,3.3379180431365967,0.46158552169799805,3.3379180431365967
0.4388549327850342,0.45528775453567505,2.6950061321258545,0.45528775453567505,2.6950061321258545
0.07390465587377548,0.41132301092147827,2.7044925689697266,0.41132301092147827,2.7044925689697266
0.24760092794895172,0.3855902850627899,2.6949355602264404,0.3855902850627899,2.6949355602264404
0.10122884064912796,0.35353514552116394,2.3962488174438477,0.35353514552116394,2.3962488174438477
0.7960623502731323,0.39324942231178284,2.472533941268921,0.39324942231178284,2.472533941268921
8.579296112060547,1.06415593624115,2.8889706134796143,1.06415593624115,2.8889706134796143
1.5038652420043945,1.098644733428955,3.143272876739502,1.098644733428955,3.143272876739502
0.7955170273780823,1.074560284614563,2.987287759780884,1.074560284614563,2.987287759780884
1.5022706985473633,1.0966838598251343,2.4409422874450684,1.0966838598251343,2.4409422874450684
0.7243173122406006,1.0731781721115112,1.8033186197280884,1.0731781721115112,1.8033186197280884
0.04118889942765236,0.04118889942765236,2.731147289276123,0.04118889942765236,2.731147289276123
0.0026590011548250914,0.019950397312641144,4.203396320343018,0.019950397312641144,4.203396320343018
0.0008407871937379241,0.012540643103420734,2.9580109119415283,0.012540643103420734,2.9580109119415283
0.37393903732299805,0.10280580073595047,2.975670099258423,0.10280580073595047,2.975670099258423
0.004255288280546665,0.08599404245615005,2.933497905731201,0.08599404245615005,2.933497905731201
1.4407145977020264,0.31458306312561035,3.104273557662964,0.31458306312561035,3.104273557662964
0.38453319668769836,0.32064762711524963,2.787330150604248,0.32064762711524963,2.787330150604248
0.05975426733493805,0.288960337638855,2.6582207679748535,0.288960337638855,2.6582207679748535
2.690260410308838,0.5501469969749451,2.3844010829925537,0.5501469969749451,2.3844010829925537
0.4484277367591858,0.5394257307052612,1.5897221565246582,0.5394257307052612,1.5897221565246582
0.03540996089577675,0.03540996089577675,3.143435001373291,0.03540996089577675,3.143435001373291
0.002734614070504904,0.01912498287856579,4.294487953186035,0.01912498287856579,4.294487953186035
0.0006926044588908553,0.01315430086106062,3.4114811420440674,0.01315430086106062,3.4114811420440674
0.015507590025663376,0.013587790541350842,3.052952766418457,0.013587790541350842,3.052952766418457
0.0032056395430117846,0.011900493875145912,3.365609645843506,0.011900493875145912,3.365609645843506
0.4879872798919678,0.09141817688941956,3.4453518390655518,0.09141817688941956,3.4453518390655518
0.11438664048910141,0.09634017199277878,3.307685375213623,0.09634017199277878,3.307685375213623
0.02377873845398426,0.08776500821113586,2.7841646671295166,0.08776500821113586,2.7841646671295166
0.37972211837768555,0.11858513951301575,3.0584795475006104,0.11858513951301575,3.0584795475006104
0.026443839073181152,0.11180007457733154,2.5419931411743164,0.11180007457733154,2.5419931411743164
2.754897117614746,0.3536350131034851,2.097123146057129,0.3536350131034851,2.097123146057129
3.6811001300811768,0.6340710520744324,3.3974967002868652,0.6340710520744324,3.3974967002868652
0.070510633289814,0.593445897102356,2.7561826705932617,0.593445897102356,2.7561826705932617
8.489211082458496,1.1569299697875977,3.870474338531494,1.1569299697875977,3.870474338531494
0.030159732326865196,1.0810563564300537,3.36051607131958,1.0810563564300537,3.36051607131958
1.3938074111938477,1.102487564086914,3.2978122234344482,1.102487564086914,3.2978122234344482
1.0088516473770142,1.0937455892562866,3.6549553871154785,1.0937455892562866,3.6549553871154785
0.4908849596977234,1.0603939294815063,3.309300661087036,1.0603939294815063,3.309300661087036
0.18009497225284576,1.013189673423767,2.716951370239258,1.013189673423767,2.716951370239258
0.1342003494501114,0.967808723449707,3.1373350620269775,0.967808723449707,3.1373350620269775
5.391007900238037,1.1772099733352661,3.5025978088378906,1.1772099733352661,3.5025978088378906
0.22181744873523712,1.1296730041503906,3.6308817863464355,1.1296730041503906,3.6308817863464355
0.020252114161849022,1.0798022747039795,2.925459146499634,1.0798022747039795,2.925459146499634
0.30472612380981445,1.050790786743164,2.800642490386963,1.050790786743164,2.800642490386963
9.29129409790039,1.380041480064392,3.0939202308654785,1.380041480064392,3.0939202308654785
8.73538589477539,1.6630306243896484,3.2621846199035645,1.6630306243896484,3.2621846199035645
9.745567321777344,1.9615669250488281,2.987264394760132,1.9615669250488281,2.987264394760132
4.918157577514648,2.0700416564941406,3.1359212398529053,2.0700416564941406,3.1359212398529053
3.6880130767822266,2.1254384517669678,2.972568988800049,2.1254384517669678,2.972568988800049
4.207281589508057,2.1963539123535156,3.3774406909942627,2.1963539123535156,3.3774406909942627
8.809279441833496,2.405961036682129,3.193770170211792,2.405961036682129,3.193770170211792
2.0437426567077637,2.3942484855651855,3.0206174850463867,2.3942484855651855,3.0206174850463867
5.729294300079346,2.4953794479370117,3.451630115509033,2.4953794479370117,3.451630115509033
10.184073448181152,2.7147305011749268,4.229979515075684,2.7147305011749268,4.229979515075684
4.576027870178223,2.7670280933380127,3.3593032360076904,2.7670280933380127,3.3593032360076904
5.20954704284668,2.836646556854248,2.6014838218688965,2.836646556854248,2.6014838218688965
6.210149765014648,2.924689292907715,1.2332408428192139,2.924689292907715,1.2332408428192139
1.6016032695770264,1.6016032695770264,2.772068500518799,1.6016032695770264,2.772068500518799
0.007991719990968704,0.6935002207756042,4.023248195648193,0.6935002207756042,4.023248195648193
0.001419966109097004,0.4763648211956024,2.889509677886963,0.4763648211956024,2.889509677886963
1.2394598722457886,0.6215806007385254,3.100241184234619,0.6215806007385254,3.100241184234619
0.002863713540136814,0.4531998038291931,3.3582675457000732,0.4531998038291931,3.3582675457000732
2.5723836421966553,0.8021068572998047,1.664196252822876,0.8021068572998047,1.664196252822876
0.6885701417922974,0.7679452896118164,1.31416654586792,0.7679452896118164,1.31416654586792
0.1142200231552124,0.1142200231552124,3.0625529289245605,0.1142200231552124,3.0625529289245605
0.005751370452344418,0.05679404363036156,4.214291572570801,0.05679404363036156,4.214291572570801
0.0006258912617340684,0.03726602718234062,3.577686309814453,0.03726602718234062,3.577686309814453
0.014925946481525898,0.033822160214185715,3.0825278759002686,0.033822160214185715,3.0825278759002686
0.001953242812305689,0.02726304531097412,3.1189932823181152,0.02726304531097412,3.1189932823181152
6.8780717849731445,1.1703087091445923,2.9488534927368164,1.1703087091445923,2.9488534927368164
0.828652560710907,1.1227338314056396,3.145261764526367,1.1227338314056396,3.145261764526367
1.0605533123016357,1.115435004234314,2.6482694149017334,1.115435004234314,2.6482694149017334
0.6433688402175903,1.0598511695861816,2.6953811645507812,1.0598511695861816,2.6953811645507812
0.6178895831108093,1.014089822769165,1.7907880544662476,1.014089822769165,1.7907880544662476
0.06094489246606827,0.06094489246606827,2.6712465286254883,0.06094489246606827,2.6712465286254883
0.002342815510928631,0.03181089088320732,4.053560733795166,0.03181089088320732,4.053560733795166
0.000839238753542304,0.019850602373480797,3.0418314933776855,0.019850602373480797,3.0418314933776855
0.7178547978401184,0.19601871073246002,3.0815834999084473,0.19601871073246002,3.0815834999084473
0.0037978205364197493,0.12838903069496155,2.9788413047790527,0.12838903069496155,2.9788413047790527
6.291271209716797,1.1658868789672852,3.164489269256592,1.1658868789672852,3.164489269256592
8.174382209777832,2.1623833179473877,3.49530291557312,2.1623833179473877,3.49530291557312
1.853297472000122,2.1368675231933594,2.8274035453796387,2.1368675231933594,2.8274035453796387
5.827517986297607,2.543868064880371,3.1334991455078125,2.543868064880371,3.1334991455078125
1.3815110921859741,2.429823398590088,2.8543574810028076,2.429823398590088,2.8543574810028076
1.701623797416687,2.3779242038726807,3.140623092651367,2.3779242038726807,3.140623092651367
1.637257695198059,2.3264338970184326,2.5588345527648926,2.3264338970184326,2.5588345527648926
0.8697541952133179,2.2024855613708496,1.5431526899337769,2.2024855613708496,1.5431526899337769
0.05388958379626274,0.05388958379626274,2.74665904045105,0.05388958379626274,2.74665904045105
0.008070005103945732,0.030507192015647888,4.151547431945801,0.030507192015647888,4.151547431945801
0.0007393010891973972,0.020175771787762642,3.400843381881714,0.020175771787762642,3.400843381881714
0.11133057624101639,0.043022993952035904,3.15071964263916,0.043022993952035904,3.15071964263916
0.002303210785612464,0.03408339247107506,3.608065128326416,0.03408339247107506,3.608065128326416
4.625309467315674,0.800194501876831,3.4968228340148926,0.800194501876831,3.4968228340148926
1.767062783241272,0.9345091581344604,2.7644174098968506,0.9345091581344604,2.7644174098968506
0.6168156266212463,0.8980820775032043,1.8015638589859009,0.8980820775032043,1.8015638589859009
0.02835090644657612,0.02835090644657612,2.738706111907959,0.02835090644657612,2.738706111907959
0.0032294047996401787,0.014781761914491653,4.014716625213623,0.014781761914491653,4.014716625213623
0.0006836699321866035,0.011420010589063168,2.951150417327881,0.011420010589063168,2.951150417327881
0.4362037777900696,0.11759409308433533,3.1342649459838867,0.11759409308433533,3.1342649459838867
0.00629039853811264,0.09394237399101257,3.5616869926452637,0.09394237399101257,3.5616869926452637
3.9504804611206055,0.7348897457122803,2.1365487575531006,0.7348897457122803,2.1365487575531006
6.1252336502075195,1.4985913038253784,3.1211535930633545,1.4985913038253784,3.1211535930633545
3.696232318878174,1.7888398170471191,2.7147209644317627,1.7888398170471191,2.7147209644317627
0.4226000905036926,1.6306040287017822,1.7338718175888062,1.6306040287017822,1.7338718175888062
0.023266876116394997,0.023266876116394997,2.8766536712646484,0.023266876116394997,2.8766536712646484
0.003405368886888027,0.014181196689605713,4.185568809509277,0.014181196689605713,4.185568809509277
0.0008366183610633016,0.009526794776320457,3.472118854522705,0.009526794776320457,3.472118854522705
0.05036403238773346,0.020153198391199112,3.1846072673797607,0.020153198391199112,3.1846072673797607
0.002979246899485588,0.015966683626174927,3.5013599395751953,0.015966683626174927,3.5013599395751953
3.3663275241851807,0.574949324131012,3.5378036499023438,0.574949324131012,3.5378036499023438
3.0876355171203613,0.9307182431221008,3.144761562347412,0.9307182431221008,3.144761562347412
0.21360649168491364,0.841661274433136,3.249734401702881,0.841661274433136,3.249734401702881
2.8583555221557617,1.0642098188400269,3.451861619949341,1.0642098188400269,3.451861619949341
1.237953782081604,1.0847512483596802,2.4078280925750732,1.0847512483596802,2.4078280925750732
0.2662230134010315,1.0036895275115967,1.8938190937042236,1.0036895275115967,1.8938190937042236
0.015370956622064114,0.015370956622064114,2.490161180496216,0.015370956622064114,2.490161180496216
0.004568852484226227,0.010670647956430912,4.085446834564209,0.010670647956430912,4.085446834564209
0.0007783720502629876,0.0064663998782634735,3.0853323936462402,0.0064663998782634735,3.0853323936462402
0.4428221583366394,0.11548303067684174,3.250666379928589,0.11548303067684174,3.250666379928589
0.0030366519931703806,0.09160296618938446,3.1438229084014893,0.09160296618938446,3.1438229084014893
4.265826225280762,0.786521852016449,1.1334254741668701,0.786521852016449,1.1334254741668701
3.9626150131225586,1.2603925466537476,1.3575574159622192,1.2603925466537476,1.3575574159622192
0.0831681415438652,0.0831681415438652,2.679732322692871,0.0831681415438652,2.679732322692871
0.007783323060721159,0.04467128962278366,4.10854959487915,0.04467128962278366,4.10854959487915
0.0007068996201269329,0.028781568631529808,3.4572863578796387,0.028781568631529808,3.4572863578796387
0.025687288492918015,0.02800651267170906,3.080334186553955,0.02800651267170906,3.080334186553955
0.002144420053809881,0.0237740371376276,3.3201470375061035,0.0237740371376276,3.3201470375061035
6.972359657287598,1.183997392654419,2.9672744274139404,1.183997392654419,2.9672744274139404
9.67785930633545,2.400548219680786,2.4734256267547607,2.400548219680786,2.4734256267547607
6.07250452041626,2.8567450046539307,2.648236036300659,2.8567450046539307,2.648236036300659
5.615383148193359,3.172116279602051,2.9595301151275635,3.172116279602051,2.9595301151275635
3.4769976139068604,3.1974000930786133,3.213926315307617,3.1974000930786133,3.213926315307617
2.2766671180725098,3.122910261154175,2.581423282623291,3.122910261154175,2.581423282623291
1.8843834400177002,3.030802011489868,2.417728900909424,3.030802011489868,2.417728900909424
5.494936943054199,3.2147936820983887,2.9258038997650146,3.2147936820983887,2.9258038997650146
6.113060474395752,3.4222071170806885,2.9496371746063232,3.4222071170806885,2.9496371746063232
8.288758277893066,3.749427318572998,3.2792866230010986,3.749427318572998,3.2792866230010986
2.134247064590454,3.6427981853485107,3.0883591175079346,3.6427981853485107,3.0883591175079346
3.531104564666748,3.6389474868774414,2.837315320968628,3.6389474868774414,2.837315320968628
4.390892505645752,3.6862287521362305,2.818145275115967,3.6862287521362305,2.818145275115967
4.900805950164795,3.7450292110443115,2.241056442260742,3.7450292110443115,2.241056442260742
0.687783420085907,3.5901541709899902,1.6668955087661743,3.5901541709899902,1.6668955087661743
0.061888620257377625,0.061888620257377625,2.525418996810913,0.061888620257377625,2.525418996810913
0.00726001150906086,0.03464658558368683,4.105554103851318,0.03464658558368683,4.105554103851318
0.0008579387213103473,0.02371254377067089,3.0787975788116455,0.02371254377067089,3.0787975788116455
0.4454552233219147,0.12916497886180878,3.0980448722839355,0.12916497886180878,3.0980448722839355
0.0024949158541858196,0.10494296252727509,3.0079448223114014,0.10494296252727509,3.0079448223114014
3.296077013015747,0.6349456906318665,2.7454657554626465,0.6349456906318665,2.7454657554626465
1.4438468217849731,0.751462459564209,2.4530930519104004,0.751462459564209,2.4530930519104004
0.36231130361557007,0.7162947654724121,1.9504272937774658,0.7162947654724121,1.9504272937774658
0.01467587798833847,0.01467587798833847,3.2015445232391357,0.01467587798833847,3.2015445232391357
0.0022054414730519056,0.007338198833167553,4.138873100280762,0.007338198833167553,4.138873100280762
0.0007895689341239631,0.004631973337382078,3.82566499710083,0.004631973337382078,3.82566499710083
0.027173133566975594,0.010751851834356785,3.380176544189453,0.010751851834356785,3.380176544189453
0.004368880297988653,0.014248104766011238,3.5568759441375732,0.014248104766011238,3.5568759441375732
5.777777671813965,0.9733996987342834,3.9528801441192627,0.9733996987342834,3.9528801441192627
1.820117473602295,1.0943421125411987,3.9204907417297363,1.0943421125411987,3.9204907417297363
1.1150591373443604,1.1005377769470215,3.1547722816467285,1.1005377769470215,3.1547722816467285
0.6938227415084839,1.0540751218795776,1.9952802658081055,1.0540751218795776,1.9952802658081055
0.03230410814285278,0.03230410814285278,2.83489990234375,0.03230410814285278,2.83489990234375
0.0014042527182027698,0.016853949055075645,4.169701099395752,0.016853949055075645,4.169701099395752
0.0007624103454872966,0.013833771459758282,3.255466938018799,0.013833771459758282,3.255466938018799
0.5879842042922974,0.15668147802352905,3.3956990242004395,0.15668147802352905,3.3956990242004395
0.002925166627392173,0.10570278018712997,3.1970791816711426,0.10570278018712997,3.1970791816711426
3.2500758171081543,0.6338083148002625,3.014873743057251,0.6338083148002625,3.014873743057251
1.1127921342849731,0.7023287415504456,2.731604814529419,0.7023287415504456,2.731604814529419
0.7858403325080872,0.7142947316169739,2.8607349395751953,0.7142947316169739,2.8607349395751953
0.5320793390274048,0.6905286312103271,2.5543434619903564,0.6905286312103271,2.5543434619903564
7.93007755279541,1.4143092632293701,3.2640414237976074,1.4143092632293701,3.2640414237976074
7.773630142211914,1.9893569946289062,3.0988576412200928,1.9893569946289062,3.0988576412200928
0.7431870698928833,1.8894447088241577,2.688535213470459,1.8894447088241577,2.688535213470459
0.4753425419330597,1.7731646299362183,1.816528558731079,1.7731646299362183,1.816528558731079
5.598143577575684,2.036681652069092,1.8562911748886108,2.036681652069092,1.8562911748886108
0.03911659121513367,0.03911659121513367,2.783107280731201,0.03911659121513367,2.783107280731201
0.004640643019229174,0.01951134391129017,4.346092700958252,0.01951134391129017,4.346092700958252
0.0008208957733586431,0.013403668068349361,3.1210358142852783,0.013403668068349361,3.1210358142852783
0.4982961416244507,0.13331688940525055,3.555896043777466,0.13331688940525055,3.555896043777466
0.0026736250147223473,0.1118755117058754,3.448944568634033,0.1118755117058754,3.448944568634033
3.4411370754241943,0.6668770909309387,2.76967716217041,0.6668770909309387,2.76967716217041
2.7758524417877197,0.9699299931526184,3.607691526412964,0.9699299931526184,3.607691526412964
2.9733595848083496,1.2215986251831055,3.3881382942199707,1.2215986251831055,3.3881382942199707
0.10143318772315979,1.0982505083084106,3.0588507652282715,1.0982505083084106,3.0588507652282715
3.3413400650024414,1.317354440689087,3.2137045860290527,1.317354440689087,3.2137045860290527
3.564640760421753,1.5206947326660156,2.8190197944641113,1.5206947326660156,2.8190197944641113
4.995466232299805,1.8177145719528198,3.1252284049987793,1.8177145719528198,3.1252284049987793
0.6643245816230774,1.7280210256576538,3.309384822845459,1.7280210256576538,3.309384822845459
1.9294381141662598,1.743680715560913,3.0321269035339355,1.743680715560913,3.0321269035339355
2.287703037261963,1.770536184310913,2.456211805343628,1.770536184310913,2.456211805343628
2.466071605682373,1.8253488540649414,2.6442577838897705,1.8253488540649414,2.6442577838897705
0.22050660848617554,1.7330819368362427,2.5252411365509033,1.7330819368362427,2.5252411365509033
0.40132269263267517,1.656639814376831,1.4899827241897583,1.656639814376831,1.4899827241897583
0.03319729119539261,0.03319729119539261,2.6222190856933594,0.03319729119539261,2.6222190856933594
0.0030900132842361927,0.017019087448716164,4.095334053039551,0.017019087448716164,4.095334053039551
0.0008970050839707255,0.011784154921770096,3.1710727214813232,0.011784154921770096,3.1710727214813232
0.14013658463954926,0.044093381613492966,3.221778154373169,0.044093381613492966,3.221778154373169
0.0021402565762400627,0.036076370626688004,3.113051652908325,0.036076370626688004,3.113051652908325
3.5495662689208984,0.6235008835792542,2.8006694316864014,0.6235008835792542,2.8006694316864014
0.7736945748329163,0.6463509798049927,2.7002902030944824,0.6463509798049927,2.7002902030944824
4.114275932312012,1.081976294517517,2.681014060974121,1.081976294517517,2.681014060974121
3.6335887908935547,1.3687243461608887,3.0875701904296875,1.3687243461608887,3.0875701904296875
1.5974524021148682,1.387215256690979,2.727515459060669,1.387215256690979,2.727515459060669
4.770030975341797,1.6964236497879028,1.8400156497955322,1.6964236497879028,1.8400156497955322
6.852806091308594,2.124741792678833,1.3860327005386353,2.124741792678833,1.3860327005386353
3.771446704864502,2.256028652191162,1.8757178783416748,2.256028652191162,1.8757178783416748
2.4857265949249268,2.2718889713287354,1.7352921962738037,2.2718889713287354,1.7352921962738037
0.04032057896256447,0.04032057896256447,2.5299770832061768,0.04032057896256447,2.5299770832061768
0.009853178635239601,0.025279484689235687,4.251007080078125,0.025279484689235687,4.251007080078125
0.0007239343249239028,0.016801608726382256,3.2271370887756348,0.016801608726382256,3.2271370887756348
0.316853404045105,0.0922761857509613,3.3444175720214844,0.0922761857509613,3.3444175720214844
0.0017767847748473287,0.07491452246904373,3.1774771213531494,0.07491452246904373,3.1774771213531494
3.8900890350341797,0.7119174003601074,2.859398603439331,0.7119174003601074,2.859398603439331
0.623652994632721,0.6985975503921509,2.695064067840576,0.6985975503921509,2.695064067840576
4.793358325958252,1.2137730121612549,3.119912624359131,1.2137730121612549,3.119912624359131
0.8780523538589478,1.2019095420837402,2.7309422492980957,1.2019095420837402,2.7309422492980957
0.10242342203855515,1.088240146636963,3.0166335105895996,1.088240146636963,3.0166335105895996
0.22036105394363403,1.0113520622253418,2.737821578979492,1.0113520622253418,2.737821578979492
0.2512986660003662,0.9462738037109375,2.5236854553222656,0.9462738037109375,2.5236854553222656
0.6662026047706604,0.9228341579437256,2.6565425395965576,0.9228341579437256,2.6565425395965576
0.511503279209137,0.900223433971405,1.7760131359100342,0.900223433971405,1.7760131359100342
5.099369525909424,1.1873289346694946,2.0127053260803223,1.1873289346694946,2.0127053260803223
6.609546184539795,1.5310442447662354,1.804877519607544,1.5310442447662354,1.804877519607544
0.10919744521379471,0.10919744521379471,2.574946880340576,0.10919744521379471,2.574946880340576
0.00574745936319232,0.061159245669841766,4.1958417892456055,0.061159245669841766,4.1958417892456055
0.0006490031373687088,0.05399688705801964,3.00858736038208,0.05399688705801964,3.00858736038208
0.9991812705993652,0.2813497483730316,3.057194709777832,0.2813497483730316,3.057194709777832
0.0026764783542603254,0.29498544335365295,3.1194376945495605,0.29498544335365295,3.1194376945495605
4.392195224761963,1.0011049509048462,1.2766063213348389,1.0011049509048462,1.2766063213348389
1.6062551736831665,1.080777883529663,1.5621918439865112,1.080777883529663,1.5621918439865112
5.769136905670166,1.6955487728118896,1.45747971534729,1.6955487728118896,1.45747971534729
0.0830981582403183,0.0830981582403183,2.7907004356384277,0.0830981582403183,2.7907004356384277
0.005198413971811533,0.04539969563484192,4.202136993408203,0.04539969563484192,4.202136993408203
0.0007403731578961015,0.02927408181130886,3.299750566482544,0.02927408181130886,3.299750566482544
0.03421743959188461,0.03080436773598194,3.194849967956543,0.03080436773598194,3.194849967956543
0.002212102524936199,0.025986656546592712,3.1448380947113037,0.025986656546592712,3.1448380947113037
4.087913990020752,0.7029641270637512,3.2767868041992188,0.7029641270637512,3.2767868041992188
3.5380897521972656,1.1064714193344116,3.292182207107544,1.1064714193344116,3.292182207107544
9.21668529510498,2.1166188716888428,3.3254666328430176,2.1166188716888428,3.3254666328430176
7.958400726318359,2.7628157138824463,3.0501551628112793,2.7628157138824463,3.0501551628112793
5.484147071838379,3.036451816558838,2.7403676509857178,3.036451816558838,2.7403676509857178
3.8028440475463867,3.1160178184509277,2.830868721008301,3.1160178184509277,2.830868721008301
9.445719718933105,3.647510290145874,3.3778469562530518,3.647510290145874,3.3778469562530518
5.03368616104126,3.7585463523864746,3.484488010406494,3.7585463523864746,3.484488010406494
0.36145278811454773,3.5115888118743896,3.0311100482940674,3.5115888118743896,3.0311100482940674
1.470592737197876,3.3720850944519043,2.4659390449523926,3.3720850944519043,2.4659390449523926
4.244227886199951,3.444976568222046,3.2617340087890625,3.444976568222046,3.2617340087890625
0.1237439215183258,3.244943618774414,3.8822731971740723,3.244943618774414,3.8822731971740723
0.021266991272568703,3.0771429538726807,3.0491700172424316,3.0771429538726807,3.0491700172424316
0.06067129597067833,2.922133445739746,2.900651693344116,2.922133445739746,2.900651693344116
0.06177140399813652,2.774779796600342,3.355498790740967,2.774779796600342,3.355498790740967
0.11633165925741196,2.6537411212921143,2.7565879821777344,2.6537411212921143,2.7565879821777344
0.5837602615356445,2.5571329593658447,3.5844345092773438,2.5571329593658447,3.5844345092773438
0.061975233256816864,2.443432569503784,3.0982110500335693,2.443432569503784,3.0982110500335693
0.14187529683113098,2.3510048389434814,2.600013256072998,2.3510048389434814,2.600013256072998
0.2110588252544403,2.262678623199463,2.7832465171813965,2.262678623199463,2.7832465171813965
0.31779971718788147,2.1915700435638428,2.0035500526428223,2.1915700435638428,2.0035500526428223
0.024935513734817505,0.024935513734817505,2.6683003902435303,0.024935513734817505,2.6683003902435303
0.0033002218697220087,0.013312839902937412,4.378731727600098,0.013312839902937412,4.378731727600098
0.0006823595031164587,0.009075327776372433,3.3238747119903564,0.009075327776372433,3.3238747119903564
0.23650875687599182,0.0662994384765625,3.348257064819336,0.0662994384765625,3.348257064819336
0.003963710740208626,0.053184349089860916,3.2406070232391357,0.053184349089860916,3.2406070232391357
1.954721450805664,0.37164306640625,3.4977169036865234,0.37164306640625,3.4977169036865234
0.08136014640331268,0.3290756344795227,3.1644859313964844,0.3290756344795227,3.1644859313964844
0.03463989868760109,0.2917802929878235,3.1272683143615723,0.2917802929878235,3.1272683143615723
0.1265786588191986,0.2807789444923401,2.87267804145813,0.2807789444923401,2.87267804145813
0.039758920669555664,0.26012659072875977,2.5572900772094727,0.26012659072875977,2.5572900772094727
1.622361183166504,0.38187599182128906,2.475132942199707,0.38187599182128906,2.475132942199707
0.18705590069293976,0.36176934838294983,2.493349313735962,0.36176934838294983,2.493349313735962
0.48543858528137207,0.37002894282341003,2.9108283519744873,0.37002894282341003,2.9108283519744873
0.6414141058921814,0.3947572410106659,1.5340373516082764,0.3947572410106659,1.5340373516082764
0.11966762691736221,0.11966762691736221,2.9909348487854004,0.11966762691736221,2.9909348487854004
0.0025572238955646753,0.061374228447675705,4.434440612792969,0.061374228447675705,4.434440612792969
0.0006631797295995057,0.041260916739702225,3.4913506507873535,0.041260916739702225,3.4913506507873535
0.14329402148723602,0.06919898837804794,3.4760375022888184,0.06919898837804794,3.4760375022888184
0.003280022880062461,0.055635858327150345,3.592935562133789,0.055635858327150345,3.592935562133789
0.8779507875442505,0.19168460369110107,3.764448881149292,0.19168460369110107,3.764448881149292
7.759903907775879,1.2725248336791992,2.9328603744506836,1.2725248336791992,2.9328603744506836
0.37037011981010437,1.1640814542770386,2.508833646774292,1.1640814542770386,2.508833646774292
0.4709053635597229,1.088624119758606,2.389523506164551,1.088624119758606,2.389523506164551
0.43040379881858826,1.0191529989242554,2.642524003982544,1.0191529989242554,2.642524003982544
0.27662330865859985,0.9484511017799377,2.4432475566864014,0.9484511017799377,2.4432475566864014
1.231738567352295,0.9748409390449524,2.4579219818115234,0.9748409390449524,2.4579219818115234
1.0038115978240967,0.9727553725242615,2.3022964000701904,0.9727553725242615,2.3022964000701904
0.7690622210502625,0.9625624418258667,2.4090723991394043,0.9625624418258667,2.4090723991394043
1.104677677154541,0.9764562249183655,2.1813275814056396,0.9764562249183655,2.1813275814056396
0.9276837706565857,0.9739081263542175,2.5115113258361816,0.9739081263542175,2.5115113258361816
0.8006974458694458,0.9568692445755005,2.43068265914917,0.9568692445755005,2.43068265914917
0.604721188545227,0.943095862865448,2.483433246612549,0.943095862865448,2.483433246612549
1.4253623485565186,0.9690458178520203,2.8598437309265137,0.9690458178520203,2.8598437309265137
0.4417136013507843,0.9404877424240112,1.9581406116485596,0.9404877424240112,1.9581406116485596
0.04027741402387619,0.04027741402387619,2.8885695934295654,0.04027741402387619,2.8885695934295654
0.0022650319151580334,0.05877745896577835,4.382781028747559,0.05877745896577835,4.382781028747559
0.000819466426037252,0.037824247032403946,3.036700963973999,0.037824247032403946,3.036700963973999
0.20682653784751892,0.06452873349189758,3.3760452270507812,0.06452873349189758,3.3760452270507812
0.002697165124118328,0.04370608553290367,3.280932903289795,0.04370608553290367,3.280932903289795
10.65034294128418,1.8173109292984009,3.0511982440948486,1.8173109292984009,3.0511982440948486
8.46604061126709,2.7493650913238525,3.770455837249756,2.7493650913238525,3.770455837249756
2.808088541030884,2.7586066722869873,3.289128065109253,2.7586066722869873,3.289128065109253
3.0897865295410156,2.794473171234131,2.956921339035034,2.794473171234131,2.956921339035034
1.3405609130859375,2.645721197128296,2.8872599601745605,2.645721197128296,2.8872599601745605
0.4879777133464813,2.4560391902923584,1.5916041135787964,2.4560391902923584,1.5916041135787964
0.0823586955666542,0.0823586955666542,2.8333897590637207,0.0823586955666542,2.8333897590637207
0.004086596891283989,0.04827692359685898,4.515013217926025,0.04827692359685898,4.515013217926025
0.0008285188814625144,0.03660334274172783,3.409013271331787,0.03660334274172783,3.409013271331787
1.056576132774353,0.29472073912620544,3.2923667430877686,0.29472073912620544,3.2923667430877686
0.0033958645071834326,0.2059032917022705,3.6620163917541504,0.2059032917022705,3.6620163917541504
4.023299217224121,0.8825709223747253,3.2059261798858643,0.8825709223747253,3.2059261798858643
5.3201680183410645,1.5195223093032837,2.61564302444458,1.5195223093032837,2.61564302444458
3.1134610176086426,1.7133376598358154,3.4309475421905518,1.7133376598358154,3.4309475421905518
1.0732759237289429,1.6428450345993042,3.3199737071990967,1.6428450345993042,3.3199737071990967
0.07510543614625931,1.486670732498169,2.9420204162597656,1.486670732498169,2.9420204162597656
5.030652046203613,1.8207846879959106,3.821530818939209,1.8207846879959106,3.821530818939209
1.1207544803619385,1.7598499059677124,3.402987241744995,1.7598499059677124,3.402987241744995
2.821716785430908,1.8412672281265259,3.00091552734375,1.8412672281265259,3.00091552734375
3.7171790599823,1.9643051624298096,3.3269004821777344,1.9643051624298096,3.3269004821777344
4.618930816650391,2.157114267349243,3.078099489212036,2.157114267349243,3.078099489212036
3.691789150238037,2.232844352722168,2.9256210327148438,2.232844352722168,2.9256210327148438
0.6822898983955383,2.1516177654266357,2.6477792263031006,2.1516177654266357,2.6477792263031006
0.20174923539161682,2.0356740951538086,1.628844976425171,2.0356740951538086,1.628844976425171
0.032889463007450104,0.032889463007450104,2.6209559440612793,0.032889463007450104,2.6209559440612793
0.004289118107408285,0.018356626853346825,4.287867546081543,0.018356626853346825,4.287867546081543
0.0006740205571986735,0.011950069107115269,3.2435901165008545,0.011950069107115269,3.2435901165008545
0.28192338347435,0.0798526331782341,3.252822160720825,0.0798526331782341,3.252822160720825
0.0037228816654533148,0.06702859699726105,3.177518367767334,0.06702859699726105,3.177518367767334
2.6007630825042725,0.488956093788147,2.8321080207824707,0.488956093788147,2.8321080207824707
0.5603556632995605,0.4971151053905487,2.9176294803619385,0.4971151053905487,2.9176294803619385
0.41395246982574463,0.48341113328933716,1.5381343364715576,0.48341113328933716,1.5381343364715576
0.07779442518949509,0.07779442518949509,2.8659613132476807,0.07779442518949509,2.8659613132476807
0.0033014100044965744,0.04317701980471611,4.342462062835693,0.04317701980471611,4.342462062835693
0.0007998128421604633,0.03400612995028496,3.443507432937622,0.03400612995028496,3.443507432937622
0.16449342668056488,0.06685256212949753,3.1664204597473145,0.06685256212949753,3.1664204597473145
0.0033091329969465733,0.05271074175834656,3.409397602081299,0.05271074175834656,3.409397602081299
3.606428623199463,0.6553400158882141,2.9575259685516357,0.6553400158882141,2.9575259685516357
0.4244103729724884,0.6270507574081421,2.786923408508301,0.6270507574081421,2.786923408508301
0.8118705153465271,0.6433627009391785,1.6289680004119873,0.6433627009391785,1.6289680004119873
0.12529513239860535,0.12529513239860535,2.7141828536987305,0.12529513239860535,2.7141828536987305
0.003899946575984359,0.08278613537549973,4.3353400230407715,0.08278613537549973,4.3353400230407715
0.0006255338666960597,0.06448428332805634,3.0722813606262207,0.06448428332805634,3.0722813606262207
0.6066093444824219,0.2033630609512329,3.105994701385498,0.2033630609512329,3.105994701385498
0.002976156771183014,0.14697547256946564,3.2110953330993652,0.14697547256946564,3.2110953330993652
5.866145610809326,1.100537657737732,3.945767641067505,1.100537657737732,3.945767641067505
0.5371978282928467,1.0312074422836304,2.941345691680908,1.0312074422836304,2.941345691680908
0.7014723420143127,1.0014722347259521,2.6131885051727295,1.0014722347259521,2.6131885051727295
0.2872198522090912,0.906973123550415,1.4829879999160767,0.906973123550415,1.4829879999160767
0.10367149114608765,0.10367149114608765,2.7363638877868652,0.10367149114608765,2.7363638877868652
0.00369010167196393,0.058096569031476974,4.402110576629639,0.058096569031476974,4.402110576629639
0.0007379907765425742,0.033986177295446396,3.288935899734497,0.033986177295446396,3.288935899734497
0.36920201778411865,0.11927960813045502,3.3330318927764893,0.11927960813045502,3.3330318927764893
0.004261698108166456,0.09940371662378311,3.194183588027954,0.09940371662378311,3.194183588027954
3.0877935886383057,0.5929867625236511,2.919628620147705,0.5929867625236511,2.919628620147705
0.33395621180534363,0.5509024262428284,2.5224051475524902,0.5509024262428284,2.5224051475524902
0.5514405965805054,0.550098180770874,1.8555984497070312,0.550098180770874,1.8555984497070312
0.03446577861905098,0.03446577861905098,2.735941171646118,0.03446577861905098,2.735941171646118
0.0036718109622597694,0.01826581358909607,4.378885269165039,0.01826581358909607,4.378885269165039
0.0005813338793814182,0.012931521050632,3.0655722618103027,0.012931521050632,3.0655722618103027
0.31882742047309875,0.08895981311798096,3.2868640422821045,0.08895981311798096,3.2868640422821045
0.0041147335432469845,0.08277171105146408,3.1756248474121094,0.08277171105146408,3.1756248474121094
3.5966899394989014,0.6708967685699463,2.1659481525421143,0.6708967685699463,2.1659481525421143
0.7425145506858826,0.6774664521217346,1.7275125980377197,0.6774664521217346,1.7275125980377197
0.06863684952259064,0.06863684952259064,2.7252821922302246,0.06863684952259064,2.7252821922302246
0.004321047570556402,0.03610377758741379,4.422306537628174,0.03610377758741379,4.422306537628174
0.000554288737475872,0.02505831979215145,3.3482108116149902,0.02505831979215145,3.3482108116149902
0.09495186060667038,0.04233445227146149,3.1742684841156006,0.04233445227146149,3.1742684841156006
0.005213593598455191,0.034592725336551666,3.0222883224487305,0.034592725336551666,3.0222883224487305
2.3122453689575195,0.413218230009079,3.6397557258605957,0.413218230009079,3.6397557258605957
0.6495344042778015,0.44440957903862,3.0444157123565674,0.44440957903862,3.0444157123565674
0.04752820357680321,0.3956138789653778,3.231046199798584,0.3956138789653778,3.231046199798584
0.12257519364356995,0.3674698770046234,3.1567842960357666,0.3674698770046234,3.1567842960357666
0.025300662964582443,0.3350520730018616,2.4842021465301514,0.3350520730018616,2.4842021465301514
0.6580853462219238,0.3643437325954437,2.8543388843536377,0.3643437325954437,2.8543388843536377
7.4824299812316895,0.9565947651863098,1.9678237438201904,0.9565947651863098,1.9678237438201904
5.0828680992126465,1.2677594423294067,2.917421817779541,1.2677594423294067,2.917421817779541
6.014645576477051,1.6095210313796997,3.0742640495300293,1.6095210313796997,3.0742640495300293
4.22901725769043,1.7717832326889038,2.4915785789489746,1.7717832326889038,2.4915785789489746
7.779638767242432,2.149557590484619,3.633195400238037,2.149557590484619,3.633195400238037
3.4222264289855957,2.2263295650482178,2.8722469806671143,2.2263295650482178,2.8722469806671143
7.937953948974609,2.5506715774536133,3.1827232837677,2.5506715774536133,3.1827232837677
5.213598251342773,2.6872944831848145,2.6882543563842773,2.6872944831848145,2.6882543563842773
1.8283071517944336,2.6496567726135254,2.42472243309021,2.6496567726135254,2.42472243309021
7.245218276977539,2.8651416301727295,3.15718936920166,2.8651416301727295,3.15718936920166
0.6673936247825623,2.7593977451324463,2.800546884536743,2.7593977451324463,2.800546884536743
0.06772119551897049,2.646921157836914,3.0056869983673096,2.646921157836914,3.0056869983673096
0.19169378280639648,2.5376522541046143,2.7972912788391113,2.5376522541046143,2.7972912788391113
0.04229326918721199,2.4347422122955322,2.4912030696868896,2.4347422122955322,2.4912030696868896
0.9770618677139282,2.3764264583587646,2.521022319793701,2.3764264583587646,2.521022319793701
0.11856643855571747,2.29610013961792,2.4251365661621094,2.29610013961792,2.4251365661621094
0.696274995803833,2.241762638092041,2.638065814971924,2.241762638092041,2.638065814971924
0.11608723551034927,2.167848587036133,2.525272846221924,2.167848587036133,2.525272846221924
0.5215340256690979,2.1099655628204346,2.6550750732421875,2.1099655628204346,2.6550750732421875
7.779093265533447,2.2855353355407715,2.854268789291382,2.2855353355407715,2.854268789291382
2.32917857170105,2.2949538230895996,2.687458038330078,2.2949538230895996,2.687458038330078
1.001737356185913,2.252823829650879,3.0129075050354004,2.252823829650879,3.0129075050354004
4.124958038330078,2.3092410564422607,2.7394371032714844,2.3092410564422607,2.7394371032714844
1.5516949892044067,2.2960762977600098,2.8073067665100098,2.2960762977600098,2.8073067665100098
5.4910783767700195,2.3832364082336426,3.2477469444274902,2.3832364082336426,3.2477469444274902
0.2724492847919464,2.3231887817382812,3.0870795249938965,2.3231887817382812,3.0870795249938965
0.03296501561999321,2.266512870788574,3.25195050239563,2.266512870788574,3.25195050239563
0.09891951084136963,2.201390027999878,3.0098938941955566,2.201390027999878,3.0098938941955566
0.02960124984383583,2.1438982486724854,2.7905871868133545,2.1438982486724854,2.7905871868133545
0.19830989837646484,2.098461389541626,2.6896798610687256,2.098461389541626,2.6896798610687256
0.04909445345401764,2.0507633686065674,2.571349620819092,2.0507633686065674,2.571349620819092
0.34241220355033875,2.011981964111328,2.6872262954711914,2.011981964111328,2.6872262954711914
4.403242111206055,2.064497947692871,2.94934344291687,2.064497947692871,2.94934344291687
0.2521509528160095,2.015407085418701,3.3503756523132324,2.015407085418701,3.3503756523132324
0.0045050084590911865,1.9651883840560913,3.1496500968933105,1.9651883840560913,3.1496500968933105
0.21658676862716675,1.928663730621338,2.6744160652160645,1.928663730621338,2.6744160652160645
0.4326826333999634,1.9012240171432495,2.3562912940979004,1.9012240171432495,2.3562912940979004
5.053823947906494,1.9657495021820068,3.2515735626220703,1.9657495021820068,3.2515735626220703
0.45529723167419434,1.9404853582382202,2.9039177894592285,1.9404853582382202,2.9039177894592285
0.8846880197525024,1.9180150032043457,3.053626298904419,1.9180150032043457,3.053626298904419
0.9699944853782654,1.9044978618621826,3.5226645469665527,1.9044978618621826,3.5226645469665527
3.529578924179077,1.9372828006744385,3.2610726356506348,1.9372828006744385,3.2610726356506348
2.7219927310943604,1.9552096128463745,2.424825668334961,1.9552096128463745,2.424825668334961
7.167606353759766,2.043287992477417,2.4470484256744385,2.043287992477417,2.4470484256744385
1.0977447032928467,2.0329465866088867,2.3055081367492676,2.0329465866088867,2.3055081367492676
5.803103446960449,2.1014440059661865,2.639671802520752,2.1014440059661865,2.639671802520752
16.943178176879883,2.3530242443084717,1.8923097848892212,2.3530242443084717,1.8923097848892212
4.22842264175415,2.389918088912964,1.526160478591919,2.389918088912964,1.526160478591919
2.772505283355713,2.3948898315429688,1.367592453956604,2.3948898315429688,1.367592453956604
0.1710188090801239,0.1710188090801239,2.7478508949279785,0.1710188090801239,2.7478508949279785
0.015904121100902557,0.11602772772312164,4.067514419555664,0.11602772772312164,4.067514419555664
0.0010100268991664052,0.09252095967531204,2.796679973602295,0.09252095967531204,2.796679973602295
0.2613360285758972,0.10580698400735855,2.891970157623291,0.10580698400735855,2.891970157623291
0.002372785471379757,0.09034046530723572,2.4326159954071045,0.09034046530723572,2.4326159954071045
2.1435675621032715,0.44730690121650696,2.6794495582580566,0.44730690121650696,2.6794495582580566
0.14041446149349213,0.38962578773498535,2.4402201175689697,0.38962578773498535,2.4402201175689697
0.05145684629678726,0.34547698497772217,2.335183620452881,0.34547698497772217,2.335183620452881
0.07569942623376846,0.3271101713180542,2.489593505859375,0.3271101713180542,2.489593505859375
0.024347228929400444,0.29879575967788696,2.1732876300811768,0.29879575967788696,2.1732876300811768
2.196963310241699,0.46575605869293213,2.2990853786468506,0.46575605869293213,2.2990853786468506
0.3866582214832306,0.45938265323638916,1.7393836975097656,0.45938265323638916,1.7393836975097656
0.024407027289271355,0.024407027289271355,3.056946277618408,0.024407027289271355,3.056946277618408
0.0016255272785201669,0.01308025699108839,4.0729169845581055,0.01308025699108839,4.0729169845581055
0.0005277194431982934,0.010275238193571568,3.3180441856384277,0.010275238193571568,3.3180441856384277
0.03916427865624428,0.016640618443489075,2.934825897216797,0.016640618443489075,2.934825897216797
0.0021735632326453924,0.013389846310019493,2.670168399810791,0.013389846310019493,2.670168399810791
4.745180130004883,0.8023067116737366,3.920337200164795,0.8023067116737366,3.920337200164795
0.16618719696998596,0.7076886892318726,3.2535195350646973,0.7076886892318726,3.2535195350646973
0.504413366317749,0.6798349618911743,3.056641101837158,0.6798349618911743,3.056641101837158
0.34305909276008606,0.6390889883041382,3.0096890926361084,0.6390889883041382,3.0096890926361084
0.3775176405906677,0.6142677664756775,3.384352207183838,0.6142677664756775,3.384352207183838
0.08255332708358765,0.5575481057167053,2.771914005279541,0.5575481057167053,2.771914005279541
2.578962802886963,0.7262461185455322,2.4567923545837402,0.7262461185455322,2.4567923545837402
6.949222564697266,1.2026088237762451,3.4935245513916016,1.2026088237762451,3.4935245513916016
1.3735233545303345,1.2147808074951172,3.1542744636535645,1.2147808074951172,3.1542744636535645
4.445768356323242,1.4271856546401978,2.7332282066345215,1.4271856546401978,2.7332282066345215
0.5745089650154114,1.3825035095214844,2.4720511436462402,1.3825035095214844,2.4720511436462402
0.7258444428443909,1.3391764163970947,1.8130172491073608,1.3391764163970947,1.8130172491073608
0.02366069331765175,0.02366069331765175,2.761168956756592,0.02366069331765175,2.761168956756592
0.0029221950098872185,0.013696951791644096,4.206418991088867,0.013696951791644096,4.206418991088867
0.0006584145012311637,0.008527133613824844,3.3050036430358887,0.008527133613824844,3.3050036430358887
0.20786544680595398,0.058169011026620865,3.326974868774414,0.058169011026620865,3.326974868774414
0.002411198103800416,0.046453505754470825,2.6227011680603027,0.046453505754470825,2.6227011680603027
3.6469762325286865,0.6558206677436829,3.7792065143585205,0.6558206677436829,3.7792065143585205
4.029875755310059,1.1379224061965942,3.154449224472046,1.1379224061965942,3.154449224472046
9.917984008789062,2.243619441986084,3.143838405609131,2.243619441986084,3.143838405609131
2.5263352394104004,2.2811973094940186,2.6698317527770996,2.2811973094940186,2.6698317527770996
0.36810070276260376,2.0872533321380615,1.9210593700408936,2.0872533321380615,1.9210593700408936
0.0199287049472332,0.0199287049472332,2.7353758811950684,0.0199287049472332,2.7353758811950684
0.0028105778619647026,0.011898549273610115,4.162655353546143,0.011898549273610115,4.162655353546143
0.0008753282018005848,0.008879232220351696,3.5905654430389404,0.008879232220351696,3.5905654430389404
0.08708527684211731,0.02943999134004116,3.27506685256958,0.02943999134004116,3.27506685256958
0.002856224775314331,0.02114916779100895,3.191296100616455,0.02114916779100895,3.191296100616455
4.66522216796875,0.7952541708946228,2.7411248683929443,0.7952541708946228,2.7411248683929443
0.5510067939758301,0.763231098651886,3.412841320037842,0.763231098651886,3.412841320037842
2.6553030014038086,0.9960300922393799,3.0972609519958496,0.9960300922393799,3.0972609519958496
4.900163650512695,1.4305872917175293,2.4254982471466064,1.4305872917175293,2.4254982471466064
7.702208995819092,2.0423102378845215,2.7670226097106934,2.0423102378845215,2.7670226097106934
3.8661789894104004,2.211791753768921,2.4160678386688232,2.211791753768921,2.4160678386688232
6.942441940307617,2.6082358360290527,3.7874093055725098,2.6082358360290527,3.7874093055725098
0.3540865182876587,2.4297406673431396,3.1158132553100586,2.4297406673431396,3.1158132553100586
0.9001947045326233,2.3233184814453125,2.5104074478149414,2.3233184814453125,2.5104074478149414
10.810098648071289,2.8912429809570312,2.885446071624756,2.8912429809570312,2.885446071624756
7.430366516113281,3.1786391735076904,2.7094004154205322,3.1786391735076904,2.7094004154205322
5.324263095855713,3.298891544342041,2.7909598350524902,3.298891544342041,2.7909598350524902
7.009047508239746,3.5096232891082764,2.63698673248291,3.5096232891082764,2.63698673248291
3.889591693878174,3.5104353427886963,2.8962159156799316,3.5104353427886963,2.8962159156799316
7.722308158874512,3.759427547454834,1.4104468822479248,3.759427547454834,1.4104468822479248
10.838629722595215,4.106072902679443,2.6491429805755615,4.106072902679443,2.6491429805755615
2.5623228549957275,4.0157551765441895,2.906113624572754,4.0157551765441895,2.906113624572754
0.2864314913749695,3.8536667823791504,2.456324815750122,3.8536667823791504,2.456324815750122
0.6602725386619568,3.7193033695220947,2.3637874126434326,3.7193033695220947,2.3637874126434326
0.47820261120796204,3.5915157794952393,3.190633535385132,3.5915157794952393,3.190633535385132
0.09047695994377136,3.4633944034576416,2.6351819038391113,3.4633944034576416,2.6351819038391113
2.8944787979125977,3.442117929458618,2.7314276695251465,3.442117929458618,2.7314276695251465
0.08814962208271027,3.3121445178985596,2.786684513092041,3.3121445178985596,2.786684513092041
0.3010849952697754,3.212423801422119,2.327380895614624,3.212423801422119,2.327380895614624
0.34178298711776733,3.103740930557251,2.5449700355529785,3.103740930557251,2.5449700355529785
0.6332571506500244,3.0391812324523926,1.6547597646713257,3.0391812324523926,1.6547597646713257
0.04573141783475876,0.04573141783475876,2.9467902183532715,0.04573141783475876,2.9467902183532715
0.0024925374891608953,0.02561924420297146,4.138115406036377,0.02561924420297146,4.138115406036377
0.0009054613183252513,0.015688100829720497,3.315729856491089,0.015688100829720497,3.315729856491089
0.060446660965681076,0.027366239577531815,3.2045657634735107,0.027366239577531815,3.2045657634735107
0.002624521730467677,0.023709334433078766,3.099426746368408,0.023709334433078766,3.099426746368408
6.007246017456055,1.0215619802474976,2.6705641746520996,1.0215619802474976,2.6705641746520996
3.427502155303955,1.358429193496704,2.4258193969726562,1.358429193496704,2.4258193969726562
0.8794169425964355,1.3012092113494873,2.373836040496826,1.3012092113494873,2.373836040496826
0.3158254027366638,1.1886296272277832,1.590510606765747,1.1886296272277832,1.590510606765747
0.050303950905799866,0.050303950905799866,3.9778106212615967,0.050303950905799866,3.9778106212615967
0.0014211564557626843,0.024229705333709717,4.395312309265137,0.024229705333709717,4.395312309265137
0.0008586533949710429,0.018360473215579987,3.646465301513672,0.018360473215579987,3.646465301513672
0.11107255518436432,0.0417526438832283,3.6944210529327393,0.0417526438832283,3.6944210529327393
0.003090488724410534,0.03228413686156273,3.6553421020507812,0.03228413686156273,3.6553421020507812
5.377976417541504,0.9248279929161072,3.9840335845947266,0.9248279929161072,3.9840335845947266
1.1131765842437744,0.9466795325279236,4.0505475997924805,0.9466795325279236,4.0505475997924805
1.045229434967041,0.9624391198158264,3.9141032695770264,0.9624391198158264,3.9141032695770264
8.864097595214844,1.8384157419204712,3.2544918060302734,1.8384157419204712,3.2544918060302734
5.607064247131348,2.218928098678589,2.3137423992156982,2.218928098678589,2.3137423992156982
1.2898356914520264,2.13429594039917,2.4964351654052734,2.13429594039917,2.4964351654052734
0.04234194755554199,0.04234194755554199,2.7123541831970215,0.04234194755554199,2.7123541831970215
0.004129454959183931,0.025257449597120285,4.177070617675781,0.025257449597120285,4.177070617675781
0.0007555014453828335,0.014152336865663528,3.427906036376953,0.014152336865663528,3.427906036376953
6.189916133880615,1.5597405433654785,3.0904040336608887,1.5597405433654785,3.0904040336608887
0.0055093117989599705,1.273069143295288,3.0136735439300537,1.273069143295288,3.0136735439300537
5.626461982727051,1.9629043340682983,2.8301496505737305,1.9629043340682983,2.8301496505737305
9.928862571716309,3.099482297897339,2.654841661453247,3.099482297897339,2.654841661453247
0.9857313632965088,2.837719202041626,2.693854808807373,2.837719202041626,2.693854808807373
2.7083685398101807,2.8253161907196045,3.055410146713257,2.8253161907196045,3.055410146713257
7.9734272956848145,3.33819580078125,3.2956650257110596,3.33819580078125,3.2956650257110596
1.816107988357544,3.1921308040618896,3.772146701812744,3.1921308040618896,3.772146701812744
3.2168686389923096,3.1935651302337646,3.5653293132781982,3.1935651302337646,3.5653293132781982
3.6979827880859375,3.2330706119537354,2.630329132080078,3.2330706119537354,2.630329132080078
1.2090858221054077,3.0901949405670166,2.9572184085845947,3.0901949405670166,2.9572184085845947
12.695110321044922,3.7160818576812744,3.0556280612945557,3.7160818576812744,3.0556280612945557
8.128287315368652,3.997070074081421,3.9678447246551514,3.997070074081421,3.9678447246551514
1.796027660369873,3.8741815090179443,2.947294235229492,3.8741815090179443,2.947294235229492
2.1493353843688965,3.7671329975128174,2.6193392276763916,3.7671329975128174,2.6193392276763916
5.57021427154541,3.8663947582244873,3.316800594329834,3.8663947582244873,3.316800594329834
5.126708507537842,3.923443555831909,3.8701045513153076,3.923443555831909,3.8701045513153076
2.5926320552825928,3.8626232147216797,2.762044906616211,3.8626232147216797,2.762044906616211
6.089198589324951,3.965735673904419,2.8262248039245605,3.965735673904419,2.8262248039245605
0.41610661149024963,3.8098347187042236,2.8992133140563965,3.8098347187042236,2.8992133140563965
5.142994403839111,3.861137628555298,3.412792205810547,3.861137628555298,3.412792205810547
2.666527509689331,3.8189806938171387,3.1657016277313232,3.8189806938171387,3.1657016277313232
2.8108584880828857,3.7738735675811768,3.73431658744812,3.7738735675811768,3.73431658744812
2.7160115242004395,3.7324068546295166,3.027702808380127,3.7324068546295166,3.027702808380127
0.6765615344047546,3.6275317668914795,2.4970014095306396,3.6275317668914795,2.4970014095306396
0.3556275963783264,3.5179190635681152,1.9805688858032227,3.5179190635681152,1.9805688858032227
0.026640838012099266,0.026640838012099266,2.6502978801727295,0.026640838012099266,2.6502978801727295
0.015038919635117054,0.021015411242842674,4.475663661956787,0.021015411242842674,4.475663661956787
0.0008233971311710775,0.014541324228048325,3.1015772819519043,0.014541324228048325,3.1015772819519043
2.5473203659057617,0.6480687856674194,3.225862979888916,0.6480687856674194,3.225862979888916
0.0023246188648045063,0.5150155425071716,3.3181827068328857,0.5150155425071716,3.3181827068328857
3.2789323329925537,0.9740459322929382,3.722449779510498,0.9740459322929382,3.722449779510498
2.067753553390503,1.14054274559021,3.52565336227417,1.14054274559021,3.52565336227417
2.83158540725708,1.3436825275421143,3.602811336517334,1.3436825275421143,3.602811336517334
0.37635213136672974,1.2507375478744507,3.294257640838623,1.2507375478744507,3.294257640838623
0.12688730657100677,1.1314009428024292,2.9351117610931396,1.1314009428024292,2.9351117610931396
7.575987339019775,1.717220664024353,3.096128225326538,1.717220664024353,3.096128225326538
0.7301574349403381,1.6326946020126343,3.139404296875,1.6326946020126343,3.139404296875
5.578775882720947,1.9472389221191406,3.206037998199463,1.9472389221191406,3.206037998199463
1.232545018196106,1.901724934577942,2.8303961753845215,1.901724934577942,2.8303961753845215
1.22801673412323,1.858953833580017,3.0320587158203125,1.858953833580017,3.0320587158203125
7.86098575592041,2.2353434562683105,3.046476125717163,2.2353434562683105,3.046476125717163
1.1363255977630615,2.1696760654449463,3.3719420433044434,2.1696760654449463,3.3719420433044434
4.041169166564941,2.2829408645629883,3.9137682914733887,2.2829408645629883,3.9137682914733887
2.200449228286743,2.281806230545044,4.1210856437683105,2.281806230545044,4.1210856437683105
0.5254260301589966,2.1989455223083496,3.594052791595459,2.1989455223083496,3.594052791595459
0.34882059693336487,2.1088321208953857,4.167490005493164,2.1088321208953857,4.167490005493164
0.06419117003679276,2.015667200088501,3.029918909072876,2.015667200088501,3.029918909072876
3.3145573139190674,2.0736305713653564,3.753187894821167,2.0736305713653564,3.753187894821167
0.9516910910606384,2.027230739593506,3.597827434539795,2.027230739593506,3.597827434539795
7.8672051429748535,2.2590737342834473,3.3607025146484375,2.2590737342834473,3.3607025146484375
0.7463406324386597,2.2006680965423584,3.748945713043213,2.2006680965423584,3.748945713043213
0.9250326156616211,2.156623601913452,4.364012718200684,2.156623601913452,4.364012718200684
1.0846624374389648,2.1062681674957275,3.984048366546631,2.1062681674957275,3.984048366546631
4.341519832611084,2.184621572494507,4.420844078063965,2.184621572494507,4.420844078063965
0.38649049401283264,2.1219098567962646,3.4918696880340576,2.1219098567962646,3.4918696880340576
0.2684181034564972,2.062957525253296,2.714744806289673,2.062957525253296,2.714744806289673
0.5472928285598755,2.0111217498779297,2.0441009998321533,2.0111217498779297,2.0441009998321533
0.015631647780537605,0.015631647780537605,2.455777168273926,0.015631647780537605,2.455777168273926
0.009462978690862656,0.012616199441254139,4.267825126647949,0.012616199441254139,4.267825126647949
0.0007290565990842879,0.00642710505053401,2.991520643234253,0.00642710505053401,2.991520643234253
1.9736204147338867,0.502939760684967,3.1143205165863037,0.502939760684967,3.1143205165863037
0.00505431555211544,0.38622570037841797,2.9610936641693115,0.38622570037841797,2.9610936641693115
2.6449625492095947,0.7721865773200989,2.8735086917877197,0.7721865773200989,2.8735086917877197
8.181219100952148,1.8272053003311157,2.458390712738037,1.8272053003311157,2.458390712738037
12.738795280456543,3.146925926208496,2.696051836013794,3.146925926208496,2.696051836013794
0.8549363613128662,2.9066267013549805,2.6679909229278564,2.9066267013549805,2.6679909229278564
0.4696163535118103,2.6501851081848145,2.0895822048187256,2.6501851081848145,2.0895822048187256
0.023744629696011543,0.023744629696011543,2.533848285675049,0.023744629696011543,2.533848285675049
0.005681319627910852,0.014950573444366455,4.123326778411865,0.014950573444366455,4.123326778411865
0.000929519534111023,0.01084214448928833,3.031933307647705,0.01084214448928833,3.031933307647705
1.597288727760315,0.4074249267578125,3.1636264324188232,0.4074249267578125,3.1636264324188232
0.0047195469960570335,0.3321685791015625,3.5829379558563232,0.3321685791015625,3.5829379558563232
5.04625129699707,1.1176284551620483,1.143335223197937,1.1176284551620483,1.143335223197937
6.590465545654297,1.8757617473602295,3.3263099193573,1.8757617473602295,3.3263099193573
1.5029304027557373,1.816292405128479,3.0015406608581543,1.816292405128479,3.0015406608581543
0.5254631638526917,1.6691758632659912,3.8152015209198,1.6691758632659912,3.8152015209198
0.18308791518211365,1.5133848190307617,3.6911635398864746,1.5133848190307617,3.6911635398864746
18.274494171142578,3.0462660789489746,2.7336246967315674,3.0462660789489746,2.7336246967315674
0.10258814692497253,2.7971506118774414,2.7019922733306885,2.7971506118774414,2.7019922733306885
0.5430518388748169,2.613150119781494,1.7910432815551758,2.613150119781494,1.7910432815551758
0.0171913243830204,0.0171913243830204,2.8766074180603027,0.0171913243830204,2.8766074180603027
0.00575196323916316,0.010633591562509537,4.291900634765625,0.010633591562509537,4.291900634765625
0.0009885906474664807,0.00650605745613575,2.909972667694092,0.00650605745613575,2.909972667694092
0.9114457964897156,0.232877716422081,3.2444565296173096,0.232877716422081,3.2444565296173096
0.006917575374245644,0.19181090593338013,3.6710124015808105,0.19181090593338013,3.6710124015808105
3.656757354736328,0.7876713871955872,3.0354599952697754,0.7876713871955872,3.0354599952697754
3.7443814277648926,1.20249342918396,3.4271628856658936,1.20249342918396,3.4271628856658936
1.6519273519515991,1.2634778022766113,3.4143741130828857,1.2634778022766113,3.4143741130828857
2.4686079025268555,1.3981856107711792,2.9608640670776367,1.3981856107711792,2.9608640670776367
2.176590919494629,1.4816609621047974,2.9945101737976074,1.4816609621047974,2.9945101737976074
0.5745237469673157,1.3940529823303223,3.089327335357666,1.3940529823303223,3.089327335357666
1.189873218536377,1.3772048950195312,2.970747232437134,1.3772048950195312,2.970747232437134
0.4381406009197235,1.3042269945144653,2.170647144317627,1.3042269945144653,2.170647144317627
0.04914722964167595,0.04914722964167595,2.876938581466675,0.04914722964167595,2.876938581466675
0.005123224575072527,0.02255430445075035,4.3302812576293945,0.02255430445075035,4.3302812576293945
0.0008398343343287706,0.019201098009943962,3.585240602493286,0.019201098009943962,3.585240602493286
3.403851270675659,0.85903000831604,3.1790783405303955,0.85903000831604,3.1790783405303955
0.0035191767383366823,0.6808009743690491,3.482041597366333,0.6808009743690491,3.482041597366333
2.584543228149414,0.9987179636955261,2.9208436012268066,0.9987179636955261,2.9208436012268066
0.5304996967315674,0.9395307898521423,2.9187071323394775,0.9395307898521423,2.9187071323394775
0.2973855137825012,0.8723952174186707,1.8761475086212158,0.8723952174186707,1.8761475086212158
0.068108469247818,0.068108469247818,3.218567371368408,0.068108469247818,3.218567371368408
0.0034740353003144264,0.029301999136805534,4.296691417694092,0.029301999136805534,4.296691417694092
0.0007899263291619718,0.011822603642940521,3.3943984508514404,0.011822603642940521,3.3943984508514404
0.8969643115997314,0.24131041765213013,3.170928478240967,0.24131041765213013,3.170928478240967
0.008866345509886742,0.19201205670833588,3.4381625652313232,0.19201205670833588,3.4381625652313232
1.607145071029663,0.4213024079799652,3.447155714035034,0.4213024079799652,3.447155714035034
0.582783579826355,0.45244476199150085,3.7305049896240234,0.45244476199150085,3.7305049896240234
0.4048558473587036,0.4483277201652527,4.207683563232422,0.4483277201652527,4.207683563232422
5.4619460105896,1.0066065788269043,3.4104163646698,1.0066065788269043,3.4104163646698
3.6328470706939697,1.261051893234253,3.74079966545105,1.261051893234253,3.74079966545105
0.8136902451515198,1.2203872203826904,3.5632147789001465,1.2203872203826904,3.5632147789001465
0.4884621202945709,1.1471554040908813,3.220656156539917,1.1471554040908813,3.220656156539917
0.12633106112480164,1.0716395378112793,1.6023858785629272,1.0716395378112793,1.6023858785629272
0.0524025522172451,0.0524025522172451,2.8621878623962402,0.0524025522172451,2.8621878623962402
0.0029320605099201202,0.028123777359724045,4.295042991638184,0.028123777359724045,4.295042991638184
0.0008764001540839672,0.018906796351075172,3.112548351287842,0.018906796351075172,3.112548351287842
0.8190007209777832,0.21907047927379608,3.1719582080841064,0.21907047927379608,3.1719582080841064
0.004438074305653572,0.18240642547607422,3.4024384021759033,0.18240642547607422,3.4024384021759033
1.566266655921936,0.4170759618282318,3.091184616088867,0.4170759618282318,3.091184616088867
0.2942500412464142,0.39601585268974304,2.834428548812866,0.39601585268974304,2.834428548812866
0.16600757837295532,0.3614307641983032,1.7519104480743408,0.3614307641983032,1.7519104480743408
0.06593882292509079,0.06593882292509079,3.0926997661590576,0.06593882292509079,3.0926997661590576
0.0031787839252501726,0.033424921333789825,4.348426818847656,0.033424921333789825,4.348426818847656
0.0007338214782066643,0.023242101073265076,3.2196478843688965,0.023242101073265076,3.2196478843688965
0.18503667414188385,0.06297412514686584,3.0761475563049316,0.06297412514686584,3.0761475563049316
0.006996299605816603,0.05296238139271736,3.5714428424835205,0.05296238139271736,3.5714428424835205
4.405886650085449,0.7790989875793457,3.168748378753662,0.7790989875793457,3.168748378753662
4.2674150466918945,1.282361388206482,2.901137351989746,1.282361388206482,2.901137351989746
0.4649534821510315,1.1788204908370972,3.2515251636505127,1.1788204908370972,3.2515251636505127
4.13618278503418,1.5104546546936035,3.6792209148406982,1.5104546546936035,3.6792209148406982
0.5092859268188477,1.4124829769134521,2.882735013961792,1.4124829769134521,2.882735013961792
2.903433322906494,1.5472931861877441,2.865180492401123,1.5472931861877441,2.865180492401123
7.521023750305176,2.0434701442718506,3.4191603660583496,2.0434701442718506,3.4191603660583496
4.873257637023926,2.2584636211395264,3.074444055557251,2.2584636211395264,3.074444055557251
0.9246511459350586,2.1675326824188232,3.014378786087036,2.1675326824188232,3.014378786087036
0.9807183146476746,2.0849432945251465,1.9236253499984741,2.0849432945251465,1.9236253499984741
0.042419418692588806,0.042419418692588806,2.7509114742279053,0.042419418692588806,2.7509114742279053
0.0045228092931210995,0.02306373044848442,4.383639335632324,0.02306373044848442,4.383639335632324
0.0006602014764212072,0.018054654821753502,3.1341044902801514,0.018054654821753502,3.1341044902801514
0.7237424254417419,0.19400550425052643,3.1416101455688477,0.19400550425052643,3.1416101455688477
0.003302004188299179,0.139912948012352,3.141841411590576,0.139912948012352,3.141841411590576
5.210671424865723,0.9817623496055603,1.7334556579589844,0.9817623496055603,1.7334556579589844
1.7474995851516724,1.084197759628296,1.6621615886688232,1.084197759628296,1.6621615886688232
0.055959150195121765,0.055959150195121765,2.798534393310547,0.055959150195121765,2.798534393310547
0.011196756735444069,0.03447131812572479,4.338919639587402,0.03447131812572479,4.338919639587402
0.0007099968497641385,0.022938096895813942,3.1750741004943848,0.022938096895813942,3.1750741004943848
0.2512357831001282,0.07722252607345581,3.2360987663269043,0.07722252607345581,3.2360987663269043
0.0065650735050439835,0.06778315454721451,3.1683292388916016,0.06778315454721451,3.1683292388916016
10.617459297180176,1.8310070037841797,3.6228928565979004,1.8310070037841797,3.6228928565979004
5.847072601318359,2.409151792526245,3.495049238204956,2.409151792526245,3.495049238204956
0.26551955938339233,2.1553795337677,3.0809779167175293,2.1553795337677,3.0809779167175293
2.041077136993408,2.1311044692993164,2.8617265224456787,2.1311044692993164,2.8617265224456787
4.94383430480957,2.424198627471924,3.7580509185791016,2.424198627471924,3.7580509185791016
0.1787388026714325,2.212674617767334,3.9342217445373535,2.212674617767334,3.9342217445373535
0.058318447321653366,2.034296751022339,3.0208370685577393,2.034296751022339,3.0208370685577393
0.8169838786125183,1.9467116594314575,2.505901336669922,1.9467116594314575,2.505901336669922
4.432065963745117,2.1239230632781982,2.5730819702148438,2.1239230632781982,2.5730819702148438
2.766462564468384,2.169466495513916,3.0947043895721436,2.169466495513916,3.0947043895721436
4.034999847412109,2.2864394187927246,3.2790629863739014,2.2864394187927246,3.2790629863739014
2.6560966968536377,2.308408260345459,2.4686226844787598,2.308408260345459,2.4686226844787598
0.41311657428741455,2.194741725921631,2.885558605194092,2.194741725921631,2.885558605194092
0.64015793800354,2.1155335903167725,1.7653182744979858,2.1155335903167725,1.7653182744979858
11.001431465148926,2.5589494705200195,2.756763219833374,2.5589494705200195,2.756763219833374
0.15419693291187286,2.43173885345459,3.0807905197143555,2.43173885345459,3.0807905197143555
0.03405418619513512,2.324134111404419,2.5754458904266357,2.324134111404419,2.5754458904266357
0.15516069531440735,2.2341597080230713,2.4104371070861816,2.2341597080230713,2.4104371070861816
0.31467941403388977,2.156116247177124,2.9802653789520264,2.156116247177124,2.9802653789520264
0.06755653023719788,2.0686938762664795,2.467890739440918,2.0686938762664795,2.467890739440918
1.4179067611694336,2.043837070465088,2.9593777656555176,2.043837070465088,2.9593777656555176
0.13520918786525726,1.96882164478302,3.086064100265503,1.96882164478302,3.086064100265503
0.15569236874580383,1.904507040977478,2.4747872352600098,1.904507040977478,2.4747872352600098
0.15814736485481262,1.8496513366699219,2.582303524017334,1.8496513366699219,2.582303524017334
0.4035502076148987,1.805260181427002,1.6501846313476562,1.805260181427002,1.6501846313476562
0.09717182070016861,0.09717182070016861,2.640399217605591,0.09717182070016861,2.640399217605591
0.0055300588719546795,0.057362575083971024,4.168452262878418,0.057362575083971024,4.168452262878418
0.0006772369961254299,0.034968454390764236,3.129720687866211,0.034968454390764236,3.129720687866211
0.3205488324165344,0.10935398936271667,3.126771926879883,0.10935398936271667,3.126771926879883
0.0033006970770657063,0.08868704736232758,2.75380802154541,0.08868704736232758,2.75380802154541
3.794071674346924,0.7067127823829651,1.0747382640838623,0.7067127823829651,1.0747382640838623
8.917064666748047,1.8868874311447144,2.612203598022461,1.8868874311447144,2.612203598022461
1.8702871799468994,1.891530156135559,2.428248882293701,1.891530156135559,2.428248882293701
4.020269870758057,2.1453888416290283,2.8755078315734863,2.1453888416290283,2.8755078315734863
1.0732526779174805,2.055497407913208,2.5597660541534424,2.055497407913208,2.5597660541534424
1.5639047622680664,2.0249075889587402,2.748934268951416,2.0249075889587402,2.748934268951416
0.5755646228790283,1.8861552476882935,2.5480902194976807,1.8861552476882935,2.5480902194976807
3.8522119522094727,2.0482800006866455,1.9147281646728516,2.0482800006866455,1.9147281646728516
7.121463298797607,2.413853883743286,2.5923118591308594,2.413853883743286,2.5923118591308594
1.814760684967041,2.361739158630371,2.4694082736968994,2.361739158630371,2.4694082736968994
0.362833172082901,2.256783962249756,2.7227439880371094,2.256783962249756,2.7227439880371094
0.35087424516677856,2.1421265602111816,1.7995303869247437,2.1421265602111816,1.7995303869247437
0.0330759696662426,0.0330759696662426,2.7753143310546875,0.0330759696662426,2.7753143310546875
0.0022511158604174852,0.01875603012740612,4.091846942901611,0.01875603012740612,4.091846942901611
0.001061591086909175,0.011059761978685856,3.1299328804016113,0.011059761978685856,3.1299328804016113
0.7261003255844116,0.1914309412240982,3.0580928325653076,0.1914309412240982,3.0580928325653076
0.004880064632743597,0.13194924592971802,3.3945610523223877,0.13194924592971802,3.3945610523223877
2.9529566764831543,0.6151878237724304,3.294126510620117,0.6151878237724304,3.294126510620117
2.6020758152008057,0.8916640877723694,3.2898685932159424,0.8916640877723694,3.2898685932159424
2.1126887798309326,1.0479158163070679,3.659430742263794,1.0479158163070679,3.659430742263794
4.375412940979004,1.4187275171279907,3.130156993865967,1.4187275171279907,3.130156993865967
2.7897555828094482,1.5567198991775513,2.779104709625244,1.5567198991775513,2.779104709625244
4.773614883422852,1.8524714708328247,3.5790939331054688,1.8524714708328247,3.5790939331054688
4.695872783660889,2.0864639282226562,3.185053586959839,2.0864639282226562,3.185053586959839
2.7324624061584473,2.129380941390991,2.877622127532959,2.129380941390991,2.877622127532959
0.42690902948379517,1.9984378814697266,3.1145682334899902,1.9984378814697266,3.1145682334899902
2.3780245780944824,2.03269624710083,3.492483615875244,2.03269624710083,3.492483615875244
0.7584794759750366,1.951735496520996,3.0282695293426514,1.951735496520996,3.0282695293426514
2.597851276397705,1.9948735237121582,2.851513624191284,1.9948735237121582,2.851513624191284
2.1049726009368896,1.9962961673736572,2.3642380237579346,1.9962961673736572,2.3642380237579346
0.28245532512664795,1.90593421459198,3.064587116241455,1.90593421459198,3.064587116241455
0.3260914087295532,1.828507423400879,1.8052828311920166,1.828507423400879,1.8052828311920166
0.03283524513244629,0.03283524513244629,2.962174892425537,0.03283524513244629,2.962174892425537
0.0041605583392083645,0.020888004451990128,4.330418586730957,0.020888004451990128,4.330418586730957
0.0009507188224233687,0.014518246054649353,3.0967049598693848,0.014518246054649353,3.0967049598693848
0.4133969843387604,0.11425861716270447,3.4013144969940186,0.11425861716270447,3.4013144969940186
0.004878641106188297,0.09251495450735092,3.5948379039764404,0.09251495450735092,3.5948379039764404
3.9770448207855225,0.741421639919281,2.3855984210968018,0.741421639919281,2.3855984210968018
2.314146041870117,0.9625582695007324,2.1675772666931152,0.9625582695007324,2.1675772666931152
1.0618507862091064,0.9658821821212769,1.974623441696167,0.9658821821212769,1.974623441696167
0.05700702592730522,0.05700702592730522,2.6230273246765137,0.05700702592730522,2.6230273246765137
0.004590212367475033,0.031035706400871277,4.153604507446289,0.031035706400871277,4.153604507446289
0.0007152383332140744,0.020471271127462387,3.2256789207458496,0.020471271127462387,3.2256789207458496
3.4076924324035645,0.8676524758338928,2.6927902698516846,0.8676524758338928,2.6927902698516846
0.0034196253400295973,0.7385820746421814,2.9266114234924316,0.7385820746421814,2.9266114234924316
4.664131164550781,1.3913475275039673,3.921398639678955,1.3913475275039673,3.921398639678955
0.19589874148368835,1.2221438884735107,2.865861654281616,1.2221438884735107,2.865861654281616
2.831854820251465,1.4198426008224487,2.988584280014038,1.4198426008224487,2.988584280014038
3.1293153762817383,1.6114089488983154,2.981095790863037,1.6114089488983154,2.981095790863037
5.452381134033203,2.0233750343322754,3.282027006149292,2.0233750343322754,3.282027006149292
0.1553163379430771,1.8639411926269531,2.7793495655059814,1.8639411926269531,2.7793495655059814
2.942972183227539,1.9564744234085083,3.824059009552002,1.9564744234085083,3.824059009552002
0.06436578184366226,1.8143049478530884,4.643296241760254,1.8143049478530884,4.643296241760254
0.011537142097949982,1.6974436044692993,3.3290226459503174,1.6974436044692993,3.3290226459503174
0.15794236958026886,1.6020361185073853,3.1500091552734375,1.6020361185073853,3.1500091552734375
0.12087240070104599,1.5091789960861206,2.60068941116333,1.5091789960861206,2.60068941116333
0.14511850476264954,1.431625247001648,1.7702910900115967,1.431625247001648,1.7702910900115967
0.013854525052011013,0.013854525052011013,2.7833032608032227,0.013854525052011013,2.7833032608032227
0.004405436106026173,0.009622881188988686,4.405313491821289,0.009622881188988686,4.405313491821289
0.0007877822499722242,0.006454364862293005,3.417222499847412,0.006454364862293005,3.417222499847412
0.33627405762672424,0.08895957469940186,3.469188690185547,0.08895957469940186,3.469188690185547
0.004409590270370245,0.07194608449935913,3.4977664947509766,0.07194608449935913,3.4977664947509766
4.155125617980957,0.7505410313606262,4.393050193786621,0.7505410313606262,4.393050193786621
0.04178256914019585,0.6633938550949097,3.1949000358581543,0.6633938550949097,3.1949000358581543
0.1811569333076477,0.5959320068359375,3.694148540496826,0.5959320068359375,3.694148540496826
0.8478246331214905,0.6278746724128723,3.427985429763794,0.6278746724128723,3.427985429763794
0.7554905414581299,0.6430915594100952,4.7541184425354,0.6430915594100952,4.7541184425354
0.0014022289542481303,0.5833364725112915,3.169254779815674,0.5833364725112915,3.169254779815674
0.20861679315567017,0.5468716621398926,4.8177056312561035,0.5468716621398926,4.8177056312561035
0.004233327694237232,0.5069689750671387,5.365312099456787,0.5069689750671387,5.365312099456787
0.003818127792328596,0.46606430411338806,4.14720344543457,0.46606430411338806,4.14720344543457
0.097654789686203,0.44258973002433777,3.555266857147217,0.44258973002433777,3.555266857147217
0.21243377029895782,0.4249953329563141,2.91434907913208,0.4249953329563141,2.91434907913208
0.405087947845459,0.42814216017723083,1.6649799346923828,0.42814216017723083,1.6649799346923828
0.03945494070649147,0.03945494070649147,2.880774736404419,0.03945494070649147,2.880774736404419
0.002608470618724823,0.020627357065677643,4.434103965759277,0.020627357065677643,4.434103965759277
0.0010372978867962956,0.0148432282730937,3.377849578857422,0.0148432282730937,3.377849578857422
0.3973318636417389,0.11035759747028351,3.119802713394165,0.11035759747028351,3.119802713394165
0.005033914465457201,0.09755277633666992,3.603060245513916,0.09755277633666992,3.603060245513916
2.806518077850342,0.5502708554267883,3.2376277446746826,0.5502708554267883,3.2376277446746826
0.5102286338806152,0.5608159899711609,2.8938615322113037,0.5608159899711609,2.8938615322113037
0.8076130151748657,0.5793392658233643,1.7913265228271484,0.5793392658233643,1.7913265228271484
0.026159008964896202,0.026159008964896202,3.25919771194458,0.026159008964896202,3.25919771194458
0.003232137765735388,0.015569394454360008,4.384671688079834,0.015569394454360008,4.384671688079834
0.0007227431051433086,0.010168860666453838,3.389158248901367,0.010168860666453838,3.389158248901367
0.22308461368083954,0.0635393038392067,3.431079387664795,0.0635393038392067,3.431079387664795
0.003815752686932683,0.05189937353134155,3.710625171661377,0.05189937353134155,3.710625171661377
3.655064105987549,0.6497966647148132,3.9259941577911377,0.6497966647148132,3.9259941577911377
3.0284650325775146,0.9916369318962097,3.0048670768737793,0.9916369318962097,3.0048670768737793
1.604246973991394,1.0646439790725708,2.986856698989868,1.0646439790725708,2.986856698989868
5.136612415313721,1.5172524452209473,3.002366542816162,1.5172524452209473,3.002366542816162
8.990036010742188,2.2626540660858154,3.178097724914551,2.2626540660858154,3.178097724914551
0.6949722766876221,2.097642183303833,3.0124619007110596,2.097642183303833,3.0124619007110596
2.143691062927246,2.1180989742279053,2.809079647064209,2.1180989742279053,2.809079647064209
3.9285895824432373,2.2362208366394043,3.342491626739502,2.2362208366394043,3.342491626739502
0.2699682116508484,2.1159937381744385,2.7096519470214844,2.1159937381744385,2.7096519470214844
0.2403239607810974,1.9881305694580078,2.1629490852355957,1.9881305694580078,2.1629490852355957
0.02873658761382103,0.02873658761382103,2.76473331451416,0.02873658761382103,2.76473331451416
0.0037984142545610666,0.009293647482991219,4.245303153991699,0.009293647482991219,4.245303153991699
0.000645429186988622,0.007244789507240057,3.0723395347595215,0.007244789507240057,3.0723395347595215
0.4482160210609436,0.1164587214589119,3.185894012451172,0.1164587214589119,3.185894012451172
0.006621444132179022,0.11248637735843658,3.4638283252716064,0.11248637735843658,3.4638283252716064
2.543630599975586,0.51326984167099,3.176088333129883,0.51326984167099,3.176088333129883
0.28692489862442017,0.4796912670135498,2.9060230255126953,0.4796912670135498,2.9060230255126953
0.18772830069065094,0.4404296278953552,1.9433212280273438,0.4404296278953552,1.9433212280273438
0.026737872511148453,0.026737872511148453,3.0223073959350586,0.026737872511148453,3.0223073959350586
0.0033130538649857044,0.014808201231062412,4.328171730041504,0.014808201231062412,4.328171730041504
0.0008264940115623176,0.010458149015903473,3.3521339893341064,0.010458149015903473,3.3521339893341064
0.3478090763092041,0.09483961015939713,3.2624258995056152,0.09483961015939713,3.2624258995056152
0.0038231154903769493,0.07755030691623688,3.789206027984619,0.07755030691623688,3.789206027984619
3.620323896408081,0.6540257334709167,4.456487655639648,0.6540257334709167,4.456487655639648
0.01650865003466606,0.5627114176750183,3.5270111560821533,0.5627114176750183,3.5270111560821533
3.5950186252593994,0.9351875185966492,3.50640606880188,0.9351875185966492,3.50640606880188
1.0958248376846313,0.9477994441986084,3.7879796028137207,0.9477994441986084,3.7879796028137207
0.7230628132820129,0.9312782287597656,3.205833911895752,0.9312782287597656,3.205833911895752
1.4535413980484009,0.977870523929596,3.191714286804199,0.977870523929596,3.191714286804199
1.2171694040298462,0.9949398636817932,3.1641554832458496,0.9949398636817932,3.1641554832458496
0.6491432189941406,0.9633261561393738,4.643718242645264,0.9633261561393738,4.643718242645264
0.017117967829108238,0.8975954055786133,3.0765540599823,0.8975954055786133,3.0765540599823
0.3014933466911316,0.855596661567688,2.8201305866241455,0.855596661567688,2.8201305866241455
0.11011659353971481,0.8093900084495544,1.6071285009384155,0.8093900084495544,1.6071285009384155
0.03574680536985397,0.03574680536985397,2.792224884033203,0.03574680536985397,2.792224884033203
0.0025450955145061016,0.018139924854040146,4.200129508972168,0.018139924854040146,4.200129508972168
0.0007453762227669358,0.012667939998209476,3.144266128540039,0.012667939998209476,3.144266128540039
0.19969983398914337,0.059887923300266266,3.3590328693389893,0.059887923300266266,3.3590328693389893
0.004269176162779331,0.047555506229400635,3.6765308380126953,0.047555506229400635,3.6765308380126953
5.92974853515625,1.0269664525985718,2.74674129486084,1.0269664525985718,2.74674129486084
7.938047409057617,2.015312910079956,2.624479293823242,2.015312910079956,2.624479293823242
1.4462021589279175,1.9376341104507446,2.853548765182495,1.9376341104507446,2.853548765182495
0.5231732130050659,1.7755436897277832,1.8589999675750732,1.7755436897277832,1.8589999675750732
0.04418554902076721,0.04418554902076721,2.776984930038452,0.04418554902076721,2.776984930038452
0.011583099141716957,0.028436508029699326,4.4017438888549805,0.028436508029699326,4.4017438888549805
0.0009051040397025645,0.020753197371959686,3.2442002296447754,0.020753197371959686,3.2442002296447754
0.7460656762123108,0.2032429575920105,3.4199726581573486,0.2032429575920105,3.4199726581573486
0.005272886715829372,0.16255950927734375,3.1204781532287598,0.16255950927734375,3.1204781532287598
3.6404693126678467,0.7362527847290039,3.742785930633545,0.7362527847290039,3.742785930633545
0.6333194375038147,0.7128108143806458,3.1198570728302,0.7128108143806458,3.1198570728302
5.030104160308838,1.2437304258346558,2.0801351070404053,1.2437304258346558,2.0801351070404053
1.0542173385620117,1.2389800548553467,1.9579896926879883,1.2389800548553467,1.9579896926879883
0.043558269739151,0.043558269739151,3.1046855449676514,0.043558269739151,3.1046855449676514
0.007389948237687349,0.028474533930420876,4.283647060394287,0.028474533930420876,4.283647060394287
0.0009109399979934096,0.021612832322716713,3.054142951965332,0.021612832322716713,3.054142951965332
1.0037853717803955,0.2665918469429016,3.2424919605255127,0.2665918469429016,3.2424919605255127
0.004055965691804886,0.2270633429288864,3.233184337615967,0.2270633429288864,3.233184337615967
3.158761739730835,0.705047070980072,2.4095122814178467,0.705047070980072,2.4095122814178467
2.1321494579315186,0.8785901665687561,1.7998011112213135,0.8785901665687561,1.7998011112213135
0.09055960923433304,0.09055960923433304,2.8783020973205566,0.09055960923433304,2.8783020973205566
0.011380989104509354,0.049152158200740814,4.420658111572266,0.049152158200740814,4.420658111572266
0.0007606235449202359,0.030475221574306488,3.3146049976348877,0.030475221574306488,3.3146049976348877
0.9728789925575256,0.2654804587364197,3.276831865310669,0.2654804587364197,3.276831865310669
0.0027562507893890142,0.22535142302513123,3.1652231216430664,0.22535142302513123,3.1652231216430664
3.945852756500244,0.8371100425720215,3.2566018104553223,0.8371100425720215,3.2566018104553223
2.022365093231201,1.018014669418335,3.356132984161377,1.018014669418335,3.356132984161377
2.395092010498047,1.1955187320709229,3.6221375465393066,1.1955187320709229,3.6221375465393066
3.2901172637939453,1.4112087488174438,3.2551486492156982,1.4112087488174438,3.2551486492156982
4.907855033874512,1.7652549743652344,2.4084789752960205,1.7652549743652344,2.4084789752960205
9.012680053710938,2.4229466915130615,2.6842119693756104,2.4229466915130615,2.6842119693756104
0.33909180760383606,2.261479139328003,2.689896821975708,2.261479139328003,2.689896821975708
0.41769683361053467,2.12136173248291,1.7723432779312134,2.12136173248291,1.7723432779312134
0.04492003098130226,0.04492003098130226,2.6311726570129395,0.04492003098130226,2.6311726570129395
0.006464877165853977,0.02288656122982502,4.177430152893066,0.02288656122982502,4.177430152893066
0.0006685405969619751,0.018664127215743065,2.844681978225708,0.018664127215743065,2.844681978225708
0.31664228439331055,0.09323403984308243,2.997123956680298,0.09323403984308243,2.997123956680298
0.003514187643304467,0.09113750606775284,2.936572313308716,0.09113750606775284,2.936572313308716
8.1766996383667,1.4357905387878418,2.735199451446533,1.4357905387878418,2.735199451446533
2.019765853881836,1.5180996656417847,2.5352940559387207,1.5180996656417847,2.5352940559387207
1.374413251876831,1.4960435628890991,2.5603601932525635,1.4960435628890991,2.5603601932525635
0.3315867781639099,1.3681086301803589,1.7165536880493164,1.3681086301803589,1.7165536880493164
0.027974234893918037,0.027974234893918037,2.832674980163574,0.027974234893918037,2.832674980163574
0.008765907026827335,0.018948007375001907,4.367555618286133,0.018948007375001907,4.367555618286133
0.000644237850792706,0.012882504612207413,3.0100808143615723,0.012882504612207413,3.0100808143615723
0.4295859932899475,0.11660418659448624,3.329493284225464,0.11660418659448624,3.329493284225464
0.0019521719077602029,0.09293417632579803,3.089226245880127,0.09293417632579803,3.089226245880127
3.6322083473205566,0.6843643188476562,3.1348774433135986,0.6843643188476562,3.1348774433135986
2.8471508026123047,0.9917093515396118,2.636340856552124,0.9917093515396118,2.636340856552124
6.44778299331665,1.6760435104370117,3.1957952976226807,1.6760435104370117,3.1957952976226807
1.5571246147155762,1.660839319229126,2.999770402908325,1.660839319229126,2.999770402908325
3.6742258071899414,1.8736393451690674,3.0788426399230957,1.8736393451690674,3.0788426399230957
1.4594942331314087,1.8253566026687622,3.570810317993164,1.8253566026687622,3.570810317993164
6.703101634979248,2.2371256351470947,3.0608417987823486,2.2371256351470947,3.0608417987823486
5.454334259033203,2.4812300205230713,3.177889823913574,2.4812300205230713,3.177889823913574
1.2795988321304321,2.4014408588409424,2.9721410274505615,2.4014408588409424,2.9721410274505615
4.851002216339111,2.5609681606292725,3.6365630626678467,2.5609681606292725,3.6365630626678467
0.2635958194732666,2.4167587757110596,3.0324866771698,2.4167587757110596,3.0324866771698
0.3208713233470917,2.29347562789917,2.9147391319274902,2.29347562789917,2.9147391319274902
0.3390977680683136,2.184443712234497,2.133768081665039,2.184443712234497,2.133768081665039
0.0348602719604969,0.0348602719604969,2.4113142490386963,0.0348602719604969,2.4113142490386963
0.012875989079475403,0.02441876009106636,4.256885051727295,0.02441876009106636,4.256885051727295
0.0006301801186054945,0.01666363514959812,3.04811429977417,0.01666363514959812,3.04811429977417
3.644800901412964,0.9237887263298035,2.929201602935791,0.9237887263298035,2.929201602935791
0.003142302157357335,0.7713238000869751,2.8362655639648438,0.7713238000869751,2.8362655639648438
3.8268320560455322,1.2809113264083862,2.911994457244873,1.2809113264083862,2.911994457244873
1.1376227140426636,1.2633346319198608,2.9382357597351074,1.2633346319198608,2.9382357597351074
0.7822383642196655,1.2207273244857788,3.5076420307159424,1.2207273244857788,3.5076420307159424
0.45364248752593994,1.1326924562454224,3.2485294342041016,1.1326924562454224,3.2485294342041016
0.16119758784770966,1.04594886302948,2.3083605766296387,1.04594886302948,2.3083605766296387
0.7083852291107178,1.0181121826171875,2.7500967979431152,1.0181121826171875,2.7500967979431152
4.737107276916504,1.3267261981964111,2.9729044437408447,1.3267261981964111,2.9729044437408447
1.3136589527130127,1.3251005411148071,2.973209857940674,1.3251005411148071,2.973209857940674
3.8693137168884277,1.4971023797988892,2.6681509017944336,1.4971023797988892,2.6681509017944336
2.8406200408935547,1.586678385734558,3.265228271484375,1.586678385734558,3.265228271484375
2.0060482025146484,1.61029851436615,2.618433713912964,1.61029851436615,2.618433713912964
3.915628671646118,1.7418557405471802,2.982923984527588,1.7418557405471802,2.982923984527588
6.360288143157959,1.9981735944747925,2.558499574661255,1.9981735944747925,2.558499574661255
0.2555824816226959,1.9037158489227295,2.5407559871673584,1.9037158489227295,2.5407559871673584
3.6633734703063965,1.9870712757110596,3.05730938911438,1.9870712757110596,3.05730938911438
4.642477512359619,2.1094508171081543,2.865644931793213,2.1094508171081543,2.865644931793213
4.297175407409668,2.2082326412200928,3.0675041675567627,2.2082326412200928,3.0675041675567627
0.34485992789268494,2.1237869262695312,3.6161227226257324,2.1237869262695312,3.6161227226257324
0.15612351894378662,2.0433220863342285,2.916409969329834,2.0433220863342285,2.916409969329834
1.44987154006958,2.0180904865264893,2.4579341411590576,2.0180904865264893,2.4579341411590576
1.062260627746582,1.9841221570968628,1.6310408115386963,1.9841221570968628,1.6310408115386963
0.07348351180553436,0.07348351180553436,3.0284361839294434,0.07348351180553436,3.0284361839294434
0.006076196674257517,0.034633249044418335,4.358309745788574,0.034633249044418335,4.358309745788574
0.0006687788409180939,0.02322351187467575,2.853950023651123,0.02322351187467575,2.853950023651123
1.1450059413909912,0.3041597604751587,3.1749279499053955,0.3041597604751587,3.1749279499053955
0.001884352881461382,0.24440772831439972,2.9686760902404785,0.24440772831439972,2.9686760902404785
8.372373580932617,1.6001180410385132,3.4561684131622314,1.6001180410385132,3.4561684131622314
4.86077880859375,2.0721726417541504,3.547983169555664,2.0721726417541504,3.547983169555664
0.028810368850827217,1.8182423114776611,2.6518197059631348,1.8182423114776611,2.6518197059631348
7.1846513748168945,2.4144537448883057,2.226386308670044,2.4144537448883057,2.226386308670044
8.791353225708008,3.058565616607666,2.2417922019958496,3.058565616607666,2.2417922019958496
0.8900535702705383,2.863879919052124,2.55759596824646,2.863879919052124,2.55759596824646
0.43514153361320496,2.66772723197937,1.7509171962738037,2.66772723197937,1.7509171962738037
0.043778739869594574,0.043778739869594574,2.6601240634918213,0.043778739869594574,2.6601240634918213
0.01290870551019907,0.03248472884297371,4.4896345138549805,0.03248472884297371,4.4896345138549805
0.0009679876384325325,0.021073250100016594,3.1578586101531982,0.021073250100016594,3.1578586101531982
0.9247936010360718,0.2451750636100769,3.5846481323242188,0.2451750636100769,3.5846481323242188
0.006755252834409475,0.2110050469636917,3.4821834564208984,0.2110050469636917,3.4821834564208984
2.4929277896881104,0.6127772927284241,3.4392762184143066,0.6127772927284241,3.4392762184143066
4.251920223236084,1.1259788274765015,3.3020405769348145,1.1259788274765015,3.3020405769348145
5.305374622344971,1.655390977859497,3.2061734199523926,1.655390977859497,3.2061734199523926
5.849326133728027,2.1194067001342773,3.5989673137664795,2.1194067001342773,3.5989673137664795
6.1591796875,2.523371696472168,3.4791481494903564,2.523371696472168,3.4791481494903564
5.038658142089844,2.754417657852173,3.096193552017212,2.754417657852173,3.096193552017212
8.421512603759766,3.2290303707122803,2.9454493522644043,3.2290303707122803,2.9454493522644043
1.1954703330993652,3.0772502422332764,3.9366466999053955,3.0772502422332764,3.9366466999053955
2.850050687789917,3.056493043899536,3.4698092937469482,3.056493043899536,3.4698092937469482
0.24557839334011078,2.8640589714050293,2.9972996711730957,2.8640589714050293,2.9972996711730957
0.3511807918548584,2.697927713394165,1.9835447072982788,2.697927713394165,1.9835447072982788
9.639352798461914,3.1120448112487793,3.080676794052124,3.1120448112487793,3.080676794052124
4.919183731079102,3.1979458332061768,2.942941427230835,3.1979458332061768,2.942941427230835
0.5425986647605896,3.0488224029541016,3.2609972953796387,3.0488224029541016,3.2609972953796387
1.3231923580169678,2.9702906608581543,3.0197176933288574,2.9702906608581543,3.0197176933288574
2.483133554458618,2.9637393951416016,3.129207134246826,2.9637393951416016,3.129207134246826
1.0084095001220703,2.866898536682129,2.962045431137085,2.866898536682129,2.962045431137085
1.1040656566619873,2.7880680561065674,3.242861270904541,2.7880680561065674,3.242861270904541
10.016448020935059,3.096585273742676,1.7842490673065186,3.096585273742676,1.7842490673065186
1.1571494340896606,3.009608507156372,1.6273767948150635,3.009608507156372,1.6273767948150635
0.244541734457016,0.244541734457016,2.8255369663238525,0.244541734457016,2.8255369663238525
0.012281389907002449,0.13352739810943604,4.275854587554932,0.13352739810943604,4.275854587554932
0.0010917185572907329,0.09084519743919373,3.02047061920166,0.09084519743919373,3.02047061920166
1.4539573192596436,0.43770256638526917,3.180016279220581,0.43770256638526917,3.180016279220581
0.006867140997201204,0.3583667278289795,3.341887950897217,0.3583667278289795,3.341887950897217
2.7627453804016113,0.7731685638427734,1.6908067464828491,0.7731685638427734,1.6908067464828491
6.5268425941467285,1.5802940130233765,2.6956381797790527,1.5802940130233765,2.6956381797790527
4.55294942855835,1.9552137851715088,2.6096673011779785,1.9552137851715088,2.6096673011779785
0.7161445021629333,1.8076653480529785,2.901193141937256,1.8076653480529785,2.901193141937256
0.48441702127456665,1.6431127786636353,1.9240421056747437,1.6431127786636353,1.9240421056747437
0.10373973101377487,0.10373973101377487,2.6447854042053223,0.10373973101377487,2.6447854042053223
0.014432798139750957,0.058929238468408585,4.333283424377441,0.058929238468408585,4.333283424377441
0.0011174393584951758,0.040640588849782944,3.2228305339813232,0.040640588849782944,3.2228305339813232
1.4747960567474365,0.4046986401081085,3.4136252403259277,0.4046986401081085,3.4136252403259277
0.004988248459994793,0.3159032464027405,3.3135147094726562,0.3159032464027405,3.3135147094726562
2.7263245582580566,0.7170311808586121,3.456244707107544,0.7170311808586121,3.456244707107544
2.4845802783966064,0.9686009287834167,3.3997550010681152,0.9686009287834167,3.3997550010681152
9.723630905151367,2.037672996520996,3.230738878250122,2.037672996520996,3.230738878250122
2.5365042686462402,2.098306655883789,2.988374710083008,2.098306655883789,2.988374710083008
0.507359504699707,1.9421981573104858,2.927462100982666,1.9421981573104858,2.927462100982666
10.427541732788086,2.7219510078430176,2.8913865089416504,2.7219510078430176,2.8913865089416504
2.336585521697998,2.700335741043091,2.978179454803467,2.700335741043091,2.978179454803467
4.973564624786377,2.874431848526001,2.601162910461426,2.874431848526001,2.601162910461426
0.2530273199081421,2.6785831451416016,2.6971282958984375,2.6785831451416016,2.6971282958984375
0.24647842347621918,2.523345947265625,1.9144786596298218,2.523345947265625,1.9144786596298218
0.08198624104261398,0.08198624104261398,2.5922341346740723,0.08198624104261398,2.5922341346740723
0.016221797093749046,0.04999517276883125,4.273212909698486,0.04999517276883125,4.273212909698486
0.0011355387978255749,0.03264669328927994,2.906994104385376,0.03264669328927994,2.906994104385376
1.024174690246582,0.2809944748878479,3.297459363937378,0.2809944748878479,3.297459363937378
0.003185200970619917,0.2256854772567749,2.995807647705078,0.2256854772567749,2.995807647705078
2.0442564487457275,0.5311105847358704,3.1560356616973877,0.5311105847358704,3.1560356616973877
0.2637479305267334,0.4952790141105652,2.6114742755889893,0.4952790141105652,2.6114742755889893
0.34051138162612915,0.47060367465019226,2.445732831954956,0.47060367465019226,2.445732831954956
0.3662826716899872,0.4648851752281189,1.864593267440796,0.4648851752281189,1.864593267440796
0.08670178055763245,0.08670178055763245,2.365339517593384,0.08670178055763245,2.365339517593384
0.01392635703086853,0.05622042715549469,4.351762771606445,0.05622042715549469,4.351762771606445
0.0009353553177788854,0.03345732390880585,3.049060583114624,0.03345732390880585,3.049060583114624
0.8939218521118164,0.24947744607925415,3.2893424034118652,0.24947744607925415,3.2893424034118652
0.0030342750251293182,0.20040781795978546,3.1708600521087646,0.20040781795978546,3.1708600521087646
4.860365390777588,0.9766551852226257,2.8257555961608887,0.9766551852226257,2.8257555961608887
4.176671504974365,1.43766188621521,3.029559850692749,1.43766188621521,3.029559850692749
8.298730850219727,2.2899885177612305,2.920942544937134,2.2899885177612305,2.920942544937134
0.9951390027999878,2.1492488384246826,2.634355068206787,2.1492488384246826,2.634355068206787
4.675265312194824,2.4005424976348877,2.6351451873779297,2.4005424976348877,2.6351451873779297
9.150912284851074,3.0210683345794678,2.8331832885742188,3.0210683345794678,2.8331832885742188
4.083109378814697,3.108949661254883,2.533865451812744,3.108949661254883,2.533865451812744
1.820207118988037,3.008563756942749,3.441178560256958,3.008563756942749,3.441178560256958
8.244298934936523,3.390709400177002,2.700730085372925,3.390709400177002,2.700730085372925
9.185628890991211,3.77490234375,2.7588162422180176,3.77490234375,2.7588162422180176
0.36041563749313354,3.555087089538574,2.885033130645752,3.555087089538574,2.885033130645752
0.2135733664035797,3.367004156112671,1.8416316509246826,3.367004156112671,1.8416316509246826
0.06407936662435532,0.06407936662435532,2.9903483390808105,0.06407936662435532,2.9903483390808105
0.006109609268605709,0.04192587733268738,4.368136405944824,0.04192587733268738,4.368136405944824
0.0010788579238578677,0.02783743105828762,3.093129873275757,0.02783743105828762,3.093129873275757
1.134907603263855,0.3054298460483551,3.1888692378997803,0.3054298460483551,3.1888692378997803
0.002831975230947137,0.25010162591934204,2.9581425189971924,0.25010162591934204,2.9581425189971924
5.498642444610596,1.1175581216812134,2.6001853942871094,1.1175581216812134,2.6001853942871094
1.2398581504821777,1.137357234954834,2.6488211154937744,1.137357234954834,2.6488211154937744
1.337260127067566,1.1602455377578735,2.703291893005371,1.1602455377578735,2.703291893005371
3.4962430000305176,1.4159914255142212,3.0350749492645264,1.4159914255142212,3.0350749492645264
4.3128814697265625,1.7066936492919922,2.773057460784912,1.7066936492919922,2.773057460784912
2.0472352504730225,1.7331020832061768,3.4681878089904785,1.7331020832061768,3.4681878089904785
4.9122161865234375,1.998228907585144,3.3877995014190674,1.998228907585144,3.3877995014190674
1.2290955781936646,1.941205382347107,3.3486690521240234,1.941205382347107,3.3486690521240234
7.598196983337402,2.342725992202759,2.8191823959350586,2.342725992202759,2.8191823959350586
0.4859378933906555,2.2262966632843018,2.7312729358673096,2.2262966632843018,2.7312729358673096
0.12862622737884521,2.099724769592285,1.7102285623550415,2.099724769592285,1.7102285623550415
0.042337723076343536,0.042337723076343536,2.430032253265381,0.042337723076343536,2.430032253265381
0.01694885455071926,0.025445062667131424,4.4485182762146,0.025445062667131424,4.4485182762146
0.0008823553798720241,0.014205670915544033,3.396130084991455,0.014205670915544033,3.396130084991455
0.9644310474395752,0.25209254026412964,3.453075885772705,0.25209254026412964,3.453075885772705
0.0043711354956030846,0.19382596015930176,3.585681915283203,0.19382596015930176,3.585681915283203
3.7840471267700195,0.798273503780365,3.684070587158203,0.798273503780365,3.684070587158203
0.01589238829910755,0.6830520033836365,2.560378074645996,0.6830520033836365,2.560378074645996
0.5955957174301147,0.6767035126686096,2.929508924484253,0.6767035126686096,2.929508924484253
6.377868175506592,1.3106964826583862,3.1919775009155273,1.3106964826583862,3.1919775009155273
1.3592936992645264,1.3174643516540527,2.991462230682373,1.3174643516540527,2.991462230682373
0.22234395146369934,1.220123529434204,2.896104574203491,1.220123529434204,2.896104574203491
0.5326986312866211,1.1675392389297485,1.9540622234344482,1.1675392389297485,1.9540622234344482
0.1147475466132164,0.1147475466132164,2.4221725463867188,0.1147475466132164,2.4221725463867188
0.018840407952666283,0.06356518715620041,4.430673122406006,0.06356518715620041,4.430673122406006
0.0011156531982123852,0.04170532897114754,2.9862940311431885,0.04170532897114754,2.9862940311431885
1.1213157176971436,0.31386542320251465,3.1453967094421387,0.31386542320251465,3.1453967094421387
0.0059242844581604,0.25238627195358276,2.8990583419799805,0.25238627195358276,2.8990583419799805
1.2778295278549194,0.42033135890960693,3.414395570755005,0.42033135890960693,3.414395570755005
0.11996044218540192,0.383096843957901,2.8369333744049072,0.383096843957901,2.8369333744049072
0.18142026662826538,0.3589162826538086,2.760998249053955,0.3589162826538086,2.760998249053955
0.40390869975090027,0.3611639738082886,2.0236260890960693,0.3611639738082886,2.0236260890960693
0.10795186460018158,0.10795186460018158,2.465721368789673,0.10795186460018158,2.465721368789673
0.014247364364564419,0.062176961451768875,4.520761013031006,0.062176961451768875,4.520761013031006
0.0009305914281867445,0.04280366003513336,3.277923107147217,0.04280366003513336,3.277923107147217
1.3052561283111572,0.35732415318489075,3.3834216594696045,0.35732415318489075,3.3834216594696045
0.004084815736860037,0.2817804217338562,3.144195556640625,0.2817804217338562,3.144195556640625
2.167233467102051,0.5950201749801636,3.6923954486846924,0.5950201749801636,3.6923954486846924
0.08445854485034943,0.5226596593856812,3.2012226581573486,0.5226596593856812,3.2012226581573486
5.1398820877075195,1.104819416999817,2.5512523651123047,1.104819416999817,2.5512523651123047
